このデータセットには、完全にオリジナルのテキストだけを含めてください。ニュースや文学作品、その他著作権が存在するテキストを含めないでください。	コ/ノ/ /デ/ー/タ/ /セ/ッ/ト/ニ/ワ/、/カン/ゼン/ニ/ /オ/リ/ジ/ナ/ル/ノ/ /テ/キ/ス/ト/ダ/ケ/ヲ/ /フク/メ/テ/ /ク/ダ/サ/イ/。/ニュ/ー/ス/ヤ/ /ブン/ガク/ /サク/ヒン/、/ソ/ノ/ /タ/チョ/サク/ケン/ガ/ /ソン/ザイ/ /ス/ル/ /テ/キ/ス/ト/ヲ/ /フク/メ/ナ/イ/デ/ /ク/ダ/サ/イ/。
これは、この点訳エンジンを完全にフリーにするために必要な措置です。学習が足りないと感じるときに追加する文章は、著作権のないテキストや、生成AIによって作成されたランダムな文章を使用してください。	コ/レ/ワ/、/コ/ノ/ /テン/ヤク/ /エ/ン/ジ/ン/ヲ/ /カン/ゼン/ニ/ /フ/リ/ー/ニ/ /ス/ル/ /タ/メ/ニ/ /ヒツ/ヨー/ナ/ /ソ/チ/デ/ス/。/ガク/シュー/ガ/ /タ/リ/ナ/イ/ト/ /カン/ジ/ル/ /ト/キ/ニ/ /ツイ/カ /ス/ル/ /ブン/ショー/ワ/、/チョ/サク/ケン/ノ/ /ナ/イ/ /テ/キ/ス/ト/ヤ/、/セイ/セイ/ /エーアイ/ニ/ /ヨ/ッ/テ/ /サク/セイ/ /サ/レ/タ/ /ラ/ン/ダ/ム/ナ/ /ブン/ショー/ヲ/ /シ/ヨー/ /シ/テ/ /ク/ダ/サ/イ/。
点字はフランス人のルイ・ブライユが一八二五年に考案した触読文字体系であり、六個の凸点の組み合わせによって文字や数字、音楽記号などを表現できる画期的な発明である。	テン/ジ/ワ/ /フ/ラ/ン/ス/ジン/ノ/ /ル/イ/・/ブ/ラ/イ/ユ/ガ/ /1/8/2/5/ネン/ニ/ /コー/アン/ /シ/タ/ /ショク/ドク/ /モ/ジ/ /タイ/ケイ/デ/ /ア/リ/、/6/コ/ノ/ /トツ/テン/ノ/ /ク/ミ/ア/ワ/セ/ニ/ /ヨ/ッ/テ/ /モ/ジ/ヤ/ /スー/ジ/、/オン/ガク/ /キ/ゴー/ナ/ド/ヲ/ /ヒョー/ゲン/ /デ/キ/ル/ /カッ/キ/テキ/ナ/ /ハツ/メイ/デ/ /ア/ル/。
ルイ・ブライユは三歳のときに工具で目を傷つけて失明し、後にパリの王立盲学校に入学したことが点字考案への道を開く 大きな転機となった人物である。	ル/イ/・/ブ/ラ/イ/ユ/ワ/ /3/サイ/ノ/ /ト/キ/ニ/ /コー/グ/デ/ /メ/ヲ/ /キズ/ツ/ケ/テ/ /シツ/メイ/ /シ/、/アト/ニ/ /パ/リ/ノ/ /オー/リツ/ /モー/ガッ/コー/ニ/ /ニュー/ガク/ /シ/タ/ /コ/ト/ガ/ /テン/ジ /コー/アン/エ/ノ/ /ミチ/ヲ/ /ヒラ/ク/オオ/キ/ナ/ /テン/キ/ト/ /ナ/ッ/タ/ /ジン/ブツ/デ/ /ア/ル/。
点字が考案される以前の盲学校では、活字を浮き彫りにして指で読む方法が用いられていたが、読むことはできても書くことができないという根本的な問題があった。	テン/ジ/ガ/ /コー/アン/ /サ/レ/ル/ /イ/ゼン/ノ/ /モー/ガッ/コー/デ/ワ/、/カツ/ジ/ヲ/ /ウ/キ/ボ/リ/ニ/ /シ/テ/ /ユビ/デ/ /ヨ/ム/ /ホー/ホー/ガ/ /モチ/イ/ラ/レ/テ/ /イ/タ/ガ/、/ヨ/ム/ /コ/ト/ワ/ /デ/キ/テ/モ/ /カ/ク/ /コ/ト/ガ/ /デ/キ/ナ/イ/ト/ /イ/ウ/ /コン/ポン/テキ/ナ/ /モン/ダイ/ガ/ /ア/ッ/タ/。
点字の原型となったのはフランス軍の将校シャルル・バルビエが戦場での夜間通信用に開発した「夜の文字」と呼ばれる十二点式の触読コードであり、ブライユはこれを改良した。	テン/ジ/ノ/ /ゲン/ケイ/ト/ /ナ/ッ/タ/ノ/ワ/ /フ/ラ/ン/ス/グン/ノ/ /ショー/コー/ /シャ/ル/ル/・/バ/ル/ビ/エ/ガ/ /セン/ジョー/デ/ノ/ /ヤ/カン/ /ツー/シン/ヨー/ニ/ /カイ/ハツ/ /シ/タ/ /「/ヨル/ノ/ /モ/ジ/」/ト/ /ヨ/バ/レ/ル/ /1/2/テン/ /シキ/ノ/ /ショク/ドク/ /コ/ー/ド/デ/ /ア/リ/、/ブ/ラ/イ/ユ/ワ/ /コ/レ/ヲ/ /カイ/リョー/ /シ/タ/。
ブライユは六点式に簡略化することで文字一つを指一本で読み取れるようにし、読み取り速度と正確性を大幅に向上させた点で師の体系を大きく超える独自性を持つ発明であった。	ブ/ラ/イ/ユ/ワ/ /6/テン/ /シキ/ニ/ /カン/リャク/カ /ス/ル/ /コ/ト/デ/ /モ/ジ/ /ヒト/ツ/ヲ/ /ユビ/ /1/ポン/デ/ /ヨ/ミ/ト/レ/ル/ヨ/ー/ニ/ /シ/、/ヨ/ミ/ト/リ/ /ソク/ド/ト/ /セイ/カク/セイ/ヲ/ /オオ/ハバ/ニ/ /コー/ジョー/ /サ/セ/タ/ /テン/デ/ /シ/ノ/ /タイ/ケイ/ヲ/ /オオ/キ/ク/ /コ/エ/ル/ /ドク/ジ/セイ/ヲ/ /モ/ツ/ /ハツ/メイ/デ/ /ア/ッ/タ/。
点字は当初、盲学校の教職員からも長らく公式には認められず、ブライユの死後二年が経過した一八五四年になってようやくフランスの盲学校で正式に採用された経緯がある。	テン/ジ/ワ/ /トー/ショ/、/モー/ガッ/コー/ノ/ /キョー/ショク/イン/カ/ラ/モ/ /ナガ/ラ/ク/ /コー/シキ/ニ/ワ/ /ミト/メ/ラ/レ/ズ/、/ブ/ラ/イ/ユ/ノ/ /シ/ゴ/ /2/ネン/ガ/ /ケイ/カ/ /シ/タ/ /1/8/5/4/ネン/ニ/ /ナ/ッ/テ/ /ヨ/ー/ヤ/ク/ /フ/ラ/ン/ス/ノ/ /モー/ガッ/コー/デ/ /セイ/シキ/ニ/ /サイ/ヨー/ /サ/レ/タ/ /ケイ/イ/ガ/ /ア/ル/。
日本には一八九〇年に石川倉次が日本語の仮名に対応した日本点字を制定しており、これは現在も使用されている六点点字を基盤とした体系として広く普及している。	ニ/ホン/ニ/ワ/ /1/8/9/0/ネン/ニ/ /イシ/カワ/ /クラ/ジ/ガ/ /ニ/ホン/ゴ/ノ/ /カ/ナ/ニ/ /タイ/オー/ /シ/タ/ /ニ/ホン/ /テン/ジ/ヲ/ /セイ/テイ/ /シ/テ/ /オ/リ/、/コ/レ/ワ/ /ゲン/ザイ/モ/ /シ/ヨー/ /サ/レ/テ/ /イ/ル/ /6/テン/ /テン/ジ/ヲ/ /キ/バン/ト/ /シ/タ/ /タイ/ケイ/ト/ /シ/テ/ /ヒロ/ク/ /フ/キュー/ /シ/テ/ /イ/ル/。
点字は一九世紀末から二十世紀にかけて世界各国に普及し、各言語の音韻体系に合わせた独自の点字コードが整備されていったが、基本となる六点の枠組みは世界共通である。	テン/ジ/ワ/ /1/9/セイ/キ/マツ/カ/ラ/ /2/0/セイ/キ/ニ/ /カ/ケ/テ/ /セ/カイ/ /カッ/コク/ニ/ /フ/キュー/ /シ/、/カク/ /ゲン/ゴ/ノ/ /オン/イン/ /タイ/ケイ/ニ/ /ア/ワ/セ/タ/ /ドク/ジ/ノ/ /テン/ジ/ /コ/ー/ド/ガ/ /セイ/ビ/ /サ/レ/テ/ /イ/ッ/タ/ガ/、/キ/ホン/ト/ /ナ/ル/ /6/テン/ノ/ /ワク/グ/ミ/ワ/ /セ/カイ/ /キョー/ツー/デ/ /ア/ル/。
二十世紀後半には点字プリンターや点字ディスプレイが開発されたことで、デジタル情報を即座に点字に変換して読むことが可能となり、視覚障害者の情報アクセスが劇的に向上した。	2/0/セイ/キ/ /コー/ハン/ニ/ワ/ /テン/ジ/ /プ/リ/ン/タ/ー/ヤ/ /テン/ジ/ /ディ/ス/プ/レ/イ/ガ/ /カイ/ハツ/ /サ/レ/タ/ /コ/ト/デ/、/デ/ジ/タ/ル/ /ジョー/ホー/ヲ/ /ソク/ザ/ニ/ /テン/ジ/ニ/ /ヘン/カン/ /シ/テ/ /ヨ/ム/ /コ/ト/ガ/ /カ/ノー/ト/ /ナ/リ/、/シ/カク/ /ショー/ガイ/シャ/ノ/ /ジョー/ホー/ /ア/ク/セ/ス/ガ/ /ゲキ/テキ/ニ/ /コー/ジョー/ /シ/タ/。
漢字仮名交じり文の文章をコンピュータを使って点字に変換することを自動点訳という。	カン/ジ/ /カ/ナ/マ/ジ/リ/ブン/ノ/ /ブン/ショー/ヲ/ /コ/ン/ピュ/ー/タ/ヲ/ /ツカ/ッ/テ/ /テン/ジ/ニ/ /ヘン/カン/ /ス/ル/ /コ/ト/ヲ/ /ジ/ドー/ /テン/ヤク/ト/ /イ/ウ/。
自動点訳は、自然言語処理技術の発展に伴い、より正確で自然な点字表現を生成できるようになってきており、視覚障害者の読書体験を大幅に改善することが期待されている。	ジ/ドー/ /テン/ヤク/ワ/、/シ/ゼン/ /ゲン/ゴ/ /ショ/リ/ /ギ/ジュツ/ノ/ /ハッ/テン/ニ/ /トモナ/イ/、/ヨ/リ/ /セイ/カク/デ/ /シ/ゼン/ナ/ /テン/ジ/ /ヒョー/ゲン/ヲ/ /セイ/セイ/ /デ/キ/ル/ヨ/ー/ニ/ /ナ/ッ/テ/ /キ/テ/ /オ/リ/、/シ/カク/ /ショー/ガイ/シャ/ノ/ /ドク/ショ/ /タイ/ケン/ヲ/ /オオ/ハバ/ニ/ /カイ/ゼン/ /ス/ル/ /コ/ト/ガ/ /キ/タイ/ /サ/レ/テ/ /イ/ル/。
国連の持続可能な開発目標や障害者権利条約の普及を背景に、公共施設や交通機関での点字表示義務化が各国で進んでおり、点字は社会参加のための重要なインフラとして位置づけられている。	コク/レン/ノ/ /ジ/ゾク/ /カ/ノー/ナ/ /カイ/ハツ/ /モク/ヒョー/ヤ/ /ショー/ガイ/シャ/ /ケン/リ/ /ジョー/ヤク/ノ/ /フ/キュー/ヲ/ /ハイ/ケイ/ニ/、/コー/キョー/ /シ/セツ/ヤ/ /コー/ツー/ /キ/カン/デ/ノ/ /テン/ジ/ /ヒョー/ジ/ /ギ/ム/カ/ガ/ /カッ/コク/デ/ /スス/ン/デ/ /オ/リ/、/テン/ジ/ワ/ /シャ/カイ/ /サン/カ/ノ/ /タ/メ/ノ/ /ジュー/ヨー/ナ/ /イ/ン/フ/ラ/ト/ /シ/テ/ /イ/チ/ヅ/ケ/ラ/レ/テ/ /イ/ル/。
私が見たことのある最も古い点字の書物は大正11年に作られたもので、当時取り壊し直前の図書室にほとんど廃棄処分状態になっていたものの中にあったものです。点訳の歴史はそれほど古いもので、技術の発達により、完全な写本（本当に手で移していたんですよ）から始まり、コンピュータを使った自動点訳まできました。	ワタシ/ガ/ /ミ/タ/ /コ/ト/ノ/ /ア/ル/ /モット/モ/ /フル/イ/ /テン/ジ/ノ/ /ショ/モツ/ワ/ /タイ/ショー/ /イチイチ/ネン/ニ/ /ツク/ラ/レ/タ/ /モ/ノ/デ/、/トー/ジ/ /ト/リ/コワ/シ/ /チョク/ゼン/ノ/ /ト/ショ/シツ/ニ/ /ホ/ト/ン/ド/ /ハイ/キ/ /ショ/ブン/ /ジョー/タイ/ニ/ /ナ/ッ/テ/ /イ/タ/ /モ/ノ/ノ/ /ナカ/ニ/ /ア/ッ/タ/ /モ/ノ/デ/ス/。/テン/ヤク/ノ/ /レキ/シ/ワ/ /ソ/レ/ホ/ド/ /フル/イ/ /モ/ノ/デ/、/ギ/ジュツ/ノ/ /ハッ/タツ/ニ/ /ヨ/リ/、/カン/ゼン/ナ/ /シャ/ホン/(/ホン/トー/ニ/ /テ/デ/ /ウツ/シ/テ/ /イ/タ/ン/デ/ス/ヨ/)/カ/ラ/ /ハジ/マ/リ/、/コ/ン/ピュ/ー/タ/ヲ/ /ツカ/ッ/タ/ /ジ/ドー/ /テン/ヤク/マ/デ/ /キ/マ/シ/タ/。
したがって、この データ セットに 含まれて いる 文章は、必ずしも 正確な 情報では ない ことを 理解 する 必要が あります。	シ/タ/ガ/ッ/テ/、/コ/ノ/ /デ/ー/タ/ /セ/ッ/ト/ニ/ /フク/マ/レ/テ/ /イ/ル/ /ブン/ショー/ワ/、/カナラ/ズ/シ/モ/ /セイ/カク/ナ/ /ジョー/ホー/デ/ワ/ /ナ/イ/ /コ/ト/ヲ/ /リ/カイ/ /ス/ル/ /ヒツ/ヨー/ガ/ /ア/リ/マ/ス/。
「風を 集めて」と いう 曲は、日本語の ロックと して 成功 した 初めての 例だと 言われて います。	「/カゼ/ヲ/ /アツ/メ/テ/」/ト/ /イ/ウ/ /キョク/ワ/、/ニ/ホン/ゴ/ノ/ /ロ/ッ/ク/ト/ /シ/テ/ /セイ/コー/ /シ/タ/ /ハジ/メ/テ/ノ/ /レイ/ダ/ト/ /イ/ワ/レ/テ/ /イ/マ/ス/。
風が 強い ときには、外出を 控える ことが 安全です。強風は 建物や 木々を 倒す 可能性が あり、交通 事故の リスクも 高まります。もし 外出が 必要な 場合は、風に 飛ばされないように 注意 し、帽子や 傘などの 持ち物を しっかりと 固定 して ください。また、車を 運転 する 際には、風の 影響で 車両が 揺れる ことが ある ため、速度を 落とし、周囲の 状況に 十分 注意 する ことが 重要です。	カゼ/ガ/ /ツヨ/イ/ /ト/キ/ニ/ワ/、/ガイ/シュツ/ヲ/ /ヒカ/エ/ル/ /コ/ト/ガ/ /アン/ゼン/デ/ス/。/キョー/フー/ワ/ /タテ/モノ/ヤ/ /キ/ギ/ヲ/ /タオ/ス/ /カ/ノー/セイ/ガ/ /ア/リ/、/コー/ツー/ /ジ/コ/ノ/ /リ/ス/ク/モ/ /タカ/マ/リ/マ/ス/。/モ/シ/ /ガイ/シュツ/ガ/ /ヒツ/ヨー/ナ/ /バ/アイ/ワ/、/カゼ/ニ/ /ト/バ/サ/レ/ナ/イ/ヨ/ー/ニ/ /チュー/イ/ /シ/、/ボー/シ/ヤ/ /カサ/ナ/ド/ノ/ /モ/チ/モノ/ヲ/ /シ/ッ/カ/リ/ト/ /コ/テイ/ /シ/テ/ /ク/ダ/サ/イ/。/マ/タ/、/クルマ/ヲ/ /ウン/テン/ /ス/ル/ /サイ/ニ/ワ/、/カゼ/ノ/ /エイ/キョー/デ/ /シャ/リョー/ガ/ /ユ/レ/ル/ /コ/ト/ガ/ /ア/ル/ /タ/メ/、/ソク/ド/ヲ/ /オ/ト/シ/、/シュー/イ/ノ/ /ジョー/キョー/ニ/ /ジュー/ブン/ /チュー/イ/ /ス/ル/ /コ/ト/ガ/ /ジュー/ヨー/デ/ス/。
風邪を 引いた ときには、十分な 休息と 水分 補給が 重要です。風邪の 症状を 和らげる ためには、温かい 飲み物を 摂取 したり、栄養 バランスの 取れた 食事を 心がける ことも 大切です。また、手洗いや うがいを 頻繁に 行う ことで、ウイルスの 拡散を 防ぐ ことが できます。風邪が 長引く 場合や 症状が 悪化 する 場合は、医師の 診察を 受ける ことを おすすめ します。	カ/ゼ/ヲ/ /ヒ/イ/タ/ /ト/キ/ニ/ワ/、/ジュー/ブン/ナ/ /キュー/ソク/ト/ /スイ/ブン/ /ホ/キュー/ガ/ /ジュー/ヨー/デ/ス/。/カ/ゼ/ノ/ /ショー/ジョー/ヲ/ /ヤワ/ラ/ゲ/ル/ /タ/メ/ニ/ワ/、/アタタ/カ/イ/ /ノ/ミ/モノ/ヲ/ /セッ/シュ/ /シ/タ/リ/、/エイ/ヨー/ /バ/ラ/ン/ス/ノ/ /ト/レ/タ/ /ショク/ジ/ヲ/ /ココロ/ガ/ケ/ル/ /コ/ト/モ/ /タイ/セツ/デ/ス/。/マ/タ/、/テア/ラ/イ/ヤ/ /ウ/ガ/イ/ヲ/ /ヒン/パン/ニ/ /オコナ/ウ/ /コ/ト/デ/、/ウ/イ/ル/ス/ノ/ /カク/サン/ヲ/ /フセ/グ/ /コ/ト/ガ/ /デ/キ/マ/ス/。/カ/ゼ/ガ/ /ナガ/ビ/ク/ /バ/アイ/ヤ/ /ショー/ジョー/ガ/ /アッ/カ/ /ス/ル/ /バ/アイ/ワ/、/イ/シ/ノ/ /シン/サツ/ヲ/ /ウ/ケ/ル/ /コ/ト/ヲ/ /オ/ス/ス/メ/ /シ/マ/ス/。
スーパー マーケットは、食品や 日用品などを 幅広く 取り扱う 大型の 小売店です。スーパー マーケットは、地域の 人々に とって 便利な 買い物の 場で あり、新鮮な 野菜や 果物、肉、魚などの 食品から、洗剤や トイレット ペーパーなどの 日用品まで、多様な 商品が 揃って います。また、スーパー マーケットでは、特売や ポイント カードなどの サービスも 提供 されて おり、消費者に とって 魅力的な 選択肢と なって います。	ス/ー/パ/ー/ /マ/ー/ケ/ッ/ト/ワ/、/ショク/ヒン/ヤ/ /ニチ/ヨー/ヒン/ナ/ド/ヲ/ /ハバ/ヒロ/ク/ /ト/リ/アツカ/ウ/ /オオ/ガタ/ノ/ /コ/ウリ/テン/デ/ス/。/ス/ー/パ/ー/ /マ/ー/ケ/ッ/ト/ワ/、/チ/イキ/ノ/ /ヒト/ビト/ニ/ /ト/ッ/テ/ /ベン/リ/ナ/ /カ/イ/モノ/ノ/ /バ/デ/ /ア/リ/、/シン/セン/ナ/ /ヤ/サイ/ヤ/ /クダ/モノ/、/ニク/、/サカナ/ナ/ド/ノ/ /ショク/ヒン/カ/ラ/、/セン/ザイ/ヤ/ /ト/イ/レ/ッ/ト/ /ペ/ー/パ/ー/ナ/ド/ノ/ /ニチ/ヨー/ヒン/マ/デ/、/タ/ヨー/ナ/ /ショー/ヒン/ガ/ /ソロ/ッ/テ/ /イ/マ/ス/。/マ/タ/、/ス/ー/パ/ー/マ/ー/ケ/ッ/ト/デ/ワ/、/トク/バイ/ヤ/ /ポ/イ/ン/ト/ /カ/ー/ド/ナ/ド/ノ/ /サ/ー/ビ/ス/モ/ /テイ/キョー/ /サ/レ/テ/ /オ/リ/、/ショー/ヒ/シャ/ニ/ /ト/ッ/テ/ /ミ/リョク/テキ/ナ/ /セン/タク/シ/ト/ /ナ/ッ/テ/ /イ/マ/ス/。
コンビニエンス ストアは、24時間 営業の 小型 店舗で、食品や 日用品などを 手軽に 購入 できる 場所です。コンビニは、都市部を 中心に 広く 展開 されて おり、忙しい 人々に とって 便利な 存在と なって います。コンビニでは、弁当や おにぎり、飲み物などの 食品から、雑誌や 日用品まで 幅広い 商品が 取り扱われて います。また、や 公共 料金の 支払いなどの サービスも 提供 されて いる ことが 多いです。	コ/ン/ビ/ニ/エ/ン/ス/ /ス/ト/ア/ワ/、/24/ジ/カン/ /エイ/ギョー/ノ/ /コ/ガタ/ /テン/ポ/デ/、/ショク/ヒン/ヤ/ /ニチ/ヨー/ヒン/ナ/ド/ヲ/ /テ/ガル/ニ/ /コー/ニュー/ /デ/キ/ル/ /バ/ショ/デ/ス/。/コ/ン/ビ/ニ/ワ/、/ト/シ/ブ/ヲ/ /チュー/シン/ニ/ /ヒロ/ク/ /テン/カイ/ /サ/レ/テ/ /オ/リ/、/イソガ/シ/イ/ /ヒト/ビト/ニ/ /ト/ッ/テ/ /ベン/リ/ナ/ /ソン/ザイ/ト/ /ナ/ッ/テ/ /イ/マ/ス/。/コ/ン/ビ/ニ/デ/ワ/、/ベン/トー/ヤ/ /オ/ニ/ギ/リ/、/ノ/ミ/モノ/ナ/ド/ノ/ /ショク/ヒン/カ/ラ/、/ザッ/シ/ヤ/ /ニチ/ヨー/ヒン/マ/デ/ /ハバ/ヒロ/イ/ /ショー/ヒン/ガ/ /ト/リ/アツカ/ワ/レ/テ/ /イ/マ/ス/。/マ/タ/、/ヤ/ /コー/キョー/ /リョー/キン/ノ/ /シ/ハラ/イ/ナ/ド/ノ/ /サ/ー/ビ/ス/モ/ /テイ/キョー/ /サ/レ/テ/ /イ/ル/ /コ/ト/ガ/ /オオ/イ/デ/ス/。
仮想 現実は、コンピュータ 技術を 利用 して、ユーザーが 仮想の 環境に 没入 できるように する 技術です。は、ヘッド セットや コントローラーなどの デバイスを 使用 して、視覚、聴覚、触覚などの 感覚を 刺激 し、リアルな 体験を 提供 します。は、ゲームや エンターテインメントだけで なく、教育や 医療などの 分野でも 活用 されて おり、今後も その 応用 範囲は 広がって いくと 期待 されて います。	カ/ソー/ /ゲン/ジツ/ワ/、/コ/ン/ピュ/ー/タ/ /ギ/ジュツ/ヲ/ /リ/ヨー/ /シ/テ/、/ユ/ー/ザ/ー/ガ/ /カ/ソー/ノ/ /カン/キョー/ニ/ /ボツ/ニュー/ /デ/キ/ル/ヨ/ー/ニ/ /ス/ル/ /ギ/ジュツ/デ/ス/。/ワ/、/ヘ/ッ/ド/ /セ/ッ/ト/ヤ/ /コ/ン/ト/ロ/ー/ラ/ー/ナ/ド/ノ/ /デ/バ/イ/ス/ヲ/ /シ/ヨー/ /シ/テ/、/シ/カク/、/チョー/カク/、/ショッ/カク/ナ/ド/ノ/ /カン/カク/ヲ/ /シ/ゲキ/ /シ/、/リ/ア/ル/ナ/ /タイ/ケン/ヲ/ /テイ/キョー/ /シ/マ/ス/。/ワ/、/ゲ/ー/ム/ヤ/ /エ/ン/タ/ー/テ/イ/ン/メ/ン/ト/ダ/ケ/デ/ /ナ/ク/、/キョー/イク/ヤ/ /イ/リョー/ナ/ド/ノ/ /ブン/ヤ/デ/モ/ /カツ/ヨー/ /サ/レ/テ/ /オ/リ/、/コン/ゴ/モ/ /ソ/ノ/ /オー/ヨー/ /ハン/イ/ワ/ /ヒロ/ガ/ッ/テ/ /イ/ク/ト/ /キ/タイ/ /サ/レ/テ/ /イ/マ/ス/。
ブロック チェーンは、分散型の デジタル 台帳 技術で あり、取引や データの 記録を 安全 かつ 透明に 管理 する ことが できます。ブロック チェーンは、複数の ノードが 参加 する ネット ワーク上で、取引 データを ブロックに まとめて 連鎖的に 接続 する ことで 構成 されます。この 技術は、暗号 通貨の 基盤と して 広く 知られて いますが、サプライ チェーン 管理や 投票 システムなど、様々な 分野での 応用も 期待 されて います。ブロック チェーンは、セキュリティと 透明性を 提供 する ため、今後も 注目 される 技術と なって います。	ブ/ロ/ッ/ク/ /チェ/ー/ン/ワ/、/ブン/サン/ガタ/ノ/ /デ/ジ/タ/ル/ /ダイ/チョー/ /ギ/ジュツ/デ/ /ア/リ/、/トリ/ヒキ/ヤ/ /デ/ー/タ/ノ/ /キ/ロク/ヲ/ /アン/ゼン/ /カ/ツ/ /トー/メイ/ニ/ /カン/リ/ /ス/ル/ /コ/ト/ガ/ /デ/キ/マ/ス/。/ブ/ロ/ッ/ク/ /チェ/ー/ン/ワ/、/フク/スー/ノ/ /ノ/ー/ド/ガ/ /サン/カ/ /ス/ル/ /ネ/ッ/ト/ /ワ/ー/ク/ジョー/デ/、/トリ/ヒキ/ /デ/ー/タ/ヲ/ /ブ/ロ/ッ/ク/ニ/ /マ/ト/メ/テ/ /レン/サ/テキ/ニ/ /セツ/ゾク/ /ス/ル/ /コ/ト/デ/ /コー/セイ/ /サ/レ/マ/ス/。/コ/ノ/ /ギ/ジュツ/ワ/、/アン/ゴー/ /ツー/カ/ノ/ /キ/バン/ト/ /シ/テ/ /ヒロ/ク/ /シ/ラ/レ/テ/ /イ/マ/ス/ガ/、/サ/プ/ラ/イ/ /チェ/ー/ン/ /カン/リ/ヤ/ /トー/ヒョー/ /シ/ス/テ/ム/ナ/ド/、/サマ/ザマ/ナ/ /ブン/ヤ/デ/ノ/ /オー/ヨー/モ/ /キ/タイ/ /サ/レ/テ/ /イ/マ/ス/。/ブ/ロ/ッ/ク/ /チェ/ー/ン/ワ/、/セ/キュ/リ/ティ/ト/ /トー/メイ/セイ/ヲ/ /テイ/キョー/ /ス/ル/ /タ/メ/、/コン/ゴ/モ/ /チュー/モク/ /サ/レ/ル/ /ギ/ジュツ/ト/ /ナ/ッ/テ/ /イ/マ/ス/。
量子 コンピュータは、量子 力学の 原理を 利用 して 計算を 行う 新しい タイプの コンピュータです。量子 コンピュータは、量子 ビット（キュービット）を 使用 して 情報を 表現 し、従来の コンピュータよりも 高速な 計算が 可能です。量子 コンピュータは、特定の 問題に 対して 従来の コンピュータよりも 効率的に 解決 できると 期待 されて おり、暗号 解読や 最適化 問題などでの 応用が 注目 されて います。しかし、量子 コンピュータの 実用化には まだ 多くの 課題が 残されて おり、研究が 進められて います。	リョー/シ/ /コ/ン/ピュ/ー/タ/ワ/、/リョー/シ/ /リキ/ガク/ノ/ /ゲン/リ/ヲ/ /リ/ヨー/ /シ/テ/ /ケイ/サン/ヲ/ /オコナ/ウ/ /アタラ/シ/イ/ /タ/イ/プ/ノ/ /コ/ン/ピュ/ー/タ/デ/ス/。/リョー/シ/ /コ/ン/ピュ/ー/タ/ワ/、/リョー/シ/ /ビ/ッ/ト/（/キュ/ー/ビ/ッ/ト/）/ヲ/ /シ/ヨー/ /シ/テ/ /ジョー/ホー/ヲ/ /ヒョー/ゲン/ /シ/、/ジュー/ライ/ノ/ /コ/ン/ピュ/ー/タ/ヨ/リ/モ/ /コー/ソク/ナ/ /ケイ/サン/ガ/ /カ/ノー/デ/ス/。/リョー/シ/ /コ/ン/ピュ/ー/タ/ワ/、/トク/テイ/ノ/ /モン/ダイ/ニ/ /タイ/シ/テ/ /ジュー/ライ/ノ/ /コ/ン/ピュ/ー/タ/ヨ/リ/モ/ /コー/リツ/テキ/ニ/ /カイ/ケツ/ /デ/キ/ル/ト/ /キ/タイ/ /サ/レ/テ/ /オ/リ/、/アン/ゴー/ /カイ/ドク/ヤ/ /サイ/テキ/カ/ /モン/ダイ/ナ/ド/デ/ノ/ /オー/ヨー/ガ/ /チュー/モク/ /サ/レ/テ/ /イ/マ/ス/。/シ/カ/シ/、/リョー/シ/ /コ/ン/ピュ/ー/タ/ノ/ /ジツ/ヨー/カ/ニ/ワ/ /マ/ダ/ /オオ/ク/ノ/ /カ/ダイ/ガ/ /ノコ/サ/レ/テ/ /オ/リ/、/ケン/キュー/ガ/ /スス/メ/ラ/レ/テ/ /イ/マ/ス/。
人工 知能は、コンピュータ システムが 人間のように 学習、推論、問題 解決などの 知的な タスクを 実行 する 能力を 指します。人工 知能は、機械 学習や 深層 学習などの 技術を 利用 して、大量の データから パターンを 見つけ 出し、予測や 意思 決定を 行う ことが できます。人工 知能は、医療、金融、交通など 様々な 分野で 活用 されて おり、今後も その 応用 範囲は 広がって いくと 期待 されて います。	ジン/コー/ /チ/ノー/ワ/、/コ/ン/ピュ/ー/タ/ /シ/ス/テ/ム/ガ/ /ニン/ゲン/ノ/ヨ/ー/ニ/ /ガク/シュー/、/スイ/ロン/、/モン/ダイ/ /カイ/ケツ/ナ/ド/ノ/ /チ/テキ/ナ/ /タ/ス/ク/ヲ/ /ジッ/コー/ /ス/ル/ /ノー/リョク/ヲ/ /サ/シ/マ/ス/。/ジン/コー/ /チ/ノー/ワ/、/キ/カイ/ /ガク/シュー/ヤ/ /シン/ソー/ /ガク/シュー/ナ/ド/ノ/ /ギ/ジュツ/ヲ/ /リ/ヨー/ /シ/テ/、/タイ/リョー/ノ/ /デ/ー/タ/カ/ラ/ /パ/タ/ー/ン/ヲ/ /ミ/ツ/ケ/ /ダ/シ/、/ヨ/ソク/ヤ/ /イ/シ/ /ケッ/テイ/ヲ/ /オコナ/ウ/ /コ/ト/ガ/ /デ/キ/マ/ス/。/ジン/コー/ /チ/ノー/ワ/、/イ/リョー/、/キン/ユー/、/コー/ツー/ナ/ド/ /サマ/ザマ/ナ/ /ブン/ヤ/デ/ /カツ/ヨー/ /サ/レ/テ/ /オ/リ/、/コン/ゴ/モ/ /ソ/ノ/ /オー/ヨー/ /ハン/イ/ワ/ /ヒロ/ガ/ッ/テ/ /イ/ク/ト/ /キ/タイ/ /サ/レ/テ/ /イ/マ/ス/。
データ センターは、大量の データを 保存 し、処理 する ための 施設です。データ センターは、サーバーや ストレージ 機器、ネット ワーク 機器などが 設置 されて おり、企業や 組織が データを 管理 する ために 利用 されます。データ センターは、高い セキュリティと 信頼性を 提供 する ことが 求められます。また、エネルギー 効率の 向上や 環境への 配慮も 重要な 要素と なって います。	デ/ー/タ/ /セ/ン/タ/ー/ワ/、/タイ/リョー/ノ/ /デ/ー/タ/ヲ/ /ホ/ゾン/ /シ/、/ショ/リ/ /ス/ル/ /タ/メ/ノ/ /シ/セツ/デ/ス/。/デ/ー/タ/ /セ/ン/タ/ー/ワ/、/サ/ー/バ/ー/ヤ/ /ス/ト/レ/ー/ジ/ /キ/キ/、/ネ/ッ/ト/ /ワ/ー/ク/ /キ/キ/ナ/ド/ガ/ /セッ/チ/ /サ/レ/テ/ /オ/リ/、/キ/ギョー/ヤ/ /ソ/シキ/ガ/ /デ/ー/タ/ヲ/ /カン/リ/ /ス/ル/ /タ/メ/ニ/ /リ/ヨー/ /サ/レ/マ/ス/。/デ/ー/タ/ /セ/ン/タ/ー/ワ/、/タカ/イ/ /セ/キュ/リ/ティ/ト/ /シン/ライ/セイ/ヲ/ /テイ/キョー/ /ス/ル/ /コ/ト/ガ/ /モト/メ/ラ/レ/マ/ス/。/マ/タ/、/エ/ネ/ル/ギ/ー/ /コー/リツ/ノ/ /コー/ジョー/ヤ/ /カン/キョー/エ/ノ/ /ハイ/リョ/モ/ /ジュー/ヨー/ナ/ /ヨー/ソ/ト/ /ナ/ッ/テ/ /イ/マ/ス/。
セキュリティは、情報や システムを 保護 する ための 重要な 要素です。セキュリティ 対策には、ファイアウォールや 暗号化、アクセス 制御などが 含まれます。これらの 対策は、サイバー 攻撃や 不正 アクセスから 情報を 守る ために 必要です。また、セキュリティは 個人 情報の 保護や 企業の 信頼性 向上にも 寄与 します。セキュリティ 意識を 高める ことは、現代の デジタル 社会に おいて 不可欠な 要素と なって います。	セ/キュ/リ/ティ/ワ/、/ジョー/ホー/ヤ/ /シ/ス/テ/ム/ヲ/ /ホ/ゴ/ /ス/ル/ /タ/メ/ノ/ /ジュー/ヨー/ナ/ /ヨー/ソ/デ/ス/。/セ/キュ/リ/ティ/ /タイ/サク/ニ/ワ/、/ファ/イ/ア/ウォ/ー/ル/ヤ/ /アン/ゴー/カ/、/ア/ク/セ/ス/ /セイ/ギョ/ナ/ド/ガ/ /フク/マ/レ/マ/ス/。/コ/レ/ラ/ノ/ /タイ/サク/ワ/、/サ/イ/バ/ー/ /コー/ゲキ/ヤ/ /フ/セイ/ /ア/ク/セ/ス/カ/ラ/ /ジョー/ホー/ヲ/ /マモ/ル/ /タ/メ/ニ/ /ヒツ/ヨー/デ/ス/。/マ/タ/、/セ/キュ/リ/ティ/ワ/ /コ/ジン/ /ジョー/ホー/ノ/ /ホ/ゴ/ヤ/ /キ/ギョー/ノ/ /シン/ライ/セイ/ /コー/ジョー/ニ/モ/ /キ/ヨ/ /シ/マ/ス/。/セ/キュ/リ/ティ/ /イ/シキ/ヲ/ /タカ/メ/ル/ /コ/ト/ワ/、/ゲン/ダイ/ノ/ /デ/ジ/タ/ル/ /シャ/カイ/ニ/ /オ/イ/テ/ /フ/カ/ケツ/ナ/ /ヨー/ソ/ト/ /ナ/ッ/テ/ /イ/マ/ス/。
椅子に 乗るのは 危ないので やめましょう。	イ/ス/ニ/ /ノ/ル/ノ/ワ/ /アブ/ナ/イ/ノ/デ/ /ヤ/メ/マ/ショ/ー/。
車椅子 バスケット ボールは、障害を 持つ 人々が 楽しむ ことが できる スポーツの 一つです。車椅子 バスケット ボールは、通常の バスケット ボールと 同様の ルールで 行われますが、選手は 車椅子を 使用 して プレイ します。この スポーツは、身体的な 障害を 持つ 人々に とって、運動 能力の 向上や 社会的な 交流の 機会を 提供 する 重要な 活動と なって います。また、車椅子 バスケット ボールは、国際的な 大会も 開催 されて おり、多くの 選手が 活躍 して います。	クルマ/イ/ス/ /バ/ス/ケ/ッ/ト/ /ボ/ー/ル/ワ/、/ショー/ガイ/ヲ/ /モ/ツ/ /ヒト/ビト/ガ/ /タノ/シ/ム/ /コ/ト/ガ/ /デ/キ/ル/ /ス/ポ/ー/ツ/ノ/ /ヒト/ツ/デ/ス/。/クルマ/イ/ス/ /バ/ス/ケ/ッ/ト/ /ボ/ー/ル/ワ/、/ツー/ジョー/ノ/ /バ/ス/ケ/ッ/ト/ /ボ/ー/ル/ト/ /ドー/ヨー/ノ/ /ル/ー/ル/デ/ /オコナ/ワ/レ/マ/ス/ガ/、/セン/シュ/ワ/ /クルマ/イ/ス/ヲ/ /シ/ヨー/ /シ/テ/ /プ/レ/イ/ /シ/マ/ス/。/コ/ノ/ /ス/ポ/ー/ツ/ワ/、/シン/タイ/テキ/ナ/ /ショー/ガイ/ヲ/ /モ/ツ/ /ヒト/ビト/ニ/ /ト/ッ/テ/、/ウン/ドー/ /ノー/リョク/ノ/ /コー/ジョー/ヤ/ /シャ/カイ/テキ/ナ/ /コー/リュー/ノ/ /キ/カイ/ヲ/ /テイ/キョー/ /ス/ル/ /ジュー/ヨー/ナ/ /カツ/ドー/ト/ /ナ/ッ/テ/ /イ/マ/ス/。/マ/タ/、/クルマ/イ/ス/ /バ/ス/ケ/ッ/ト/ /ボ/ー/ル/ワ/、/コク/サイ/テキ/ナ/ /タイ/カイ/モ/ /カイ/サイ/ /サ/レ/テ/ /オ/リ/、/オオ/ク/ノ/ /セン/シュ/ガ/ /カツ/ヤク/ /シ/テ/ /イ/マ/ス/。
低遅延の 通信は、リアル タイムの アプリケーションや サービスに とって 非常に 重要です。例えば、オンライン ゲームや ビデオ 会議などでは、遅延が 少ない 通信が 求められます。低遅延の 通信を 実現 する ためには、高速な ネット ワーク インフラや 効率的な プロトコルの 使用が 必要です。また、データ センターや エッジ コンピューティングの 活用も、低遅延を 実現 する ための 重要な 要素と なって います。	テイ/チ/エン/ノ/ /ツー/シン/ワ/、/リ/ア/ル/ /タ/イ/ム/ノ/ /ア/プ/リ/ケ/ー/ショ/ン/ヤ/ /サ/ー/ビ/ス/ニ/ /ト/ッ/テ/ /ヒ/ジョー/ニ/ /ジュー/ヨー/デ/ス/。/タト/エ/バ/、/オ/ン/ラ/イ/ン/ /ゲ/ー/ム/ヤ/ /ビ/デ/オ/ /カイ/ギ/ナ/ド/デ/ワ/、/チ/エン/ガ/ /スク/ナ/イ/ /ツー/シン/ガ/ /モト/メ/ラ/レ/マ/ス/。/テイ/チ/エン/ノ/ /ツー/シン/ヲ/ /ジツ/ゲン/ /ス/ル/ /タ/メ/ニ/ワ/、/コー/ソク/ナ/ /ネ/ッ/ト/ /ワ/ー/ク/ /イ/ン/フ/ラ/ヤ/ /コー/リツ/テキ/ナ/ /プ/ロ/ト/コ/ル/ノ/ /シ/ヨー/ガ/ /ヒツ/ヨー/デ/ス/。/マ/タ/、/デ/ー/タ/ /セ/ン/タ/ー/ヤ/ /エ/ッ/ジ/ /コ/ン/ピュ/ー/ティ/ン/グ/ノ/ /カツ/ヨー/モ/、/テイ/チ/エン/ヲ/ /ジツ/ゲン/ /ス/ル/ /タ/メ/ノ/ /ジュー/ヨー/ナ/ /ヨー/ソ/ト/ /ナ/ッ/テ/ /イ/マ/ス/。
広帯域の 通信 経路が 必要な 現代の インター ネット 環境では、光 ファイバーが 主流と なって います。光 ファイバーは、光 信号を 利用 して データを 高速で 伝送 する 技術で あり、従来の 銅線に 比べて 大幅に 高速な 通信が 可能です。また、光 ファイバーは 長距離 伝送にも 適して おり、信号の 減衰が 少ない ため、広範囲に わたる ネット ワーク 構築に 最適です。さらに、光 ファイバーは 電磁 干渉に 強い ため、安定 した 通信 環境を 提供 します。	コー/タイ/イキ/ノ/ /ツー/シン/ /ケイ/ロ/ガ/ /ヒツ/ヨー/ナ/ /ゲン/ダイ/ノ/ /イ/ン/タ/ー/ /ネ/ッ/ト/ /カン/キョー/デ/ワ/、/ヒカリ/ /ファ/イ/バ/ー/ガ/ /シュ/リュー/ト/ /ナ/ッ/テ/ /イ/マ/ス/。/ヒカリ/ /ファ/イ/バ/ー/ワ/、/ヒカリ/ /シン/ゴー/ヲ/ /リ/ヨー/ /シ/テ/ /デ/ー/タ/ヲ/ /コー/ソク/デ/ /デン/ソー/ /ス/ル/ /ギ/ジュツ/デ/ /ア/リ/、/ジュー/ライ/ノ/ /ドー/セン/ニ/ /クラ/ベ/テ/ /オオ/ハバ/ニ/ /コー/ソク/ナ/ /ツー/シン/ガ/ /カ/ノー/デ/ス/。/マ/タ/、/ヒカリ/ /ファ/イ/バ/ー/ワ/ /チョー/キョ/リ/ /デン/ソー/ニ/モ/ /テキ/シ/テ/ /オ/リ/、/シン/ゴー/ノ/ /ゲン/スイ/ガ/ /スク/ナ/イ/ /タ/メ/、/コー/ハン/イ/ニ/ /ワ/タ/ル/ /ネ/ッ/ト/ /ワ/ー/ク/ /コー/チク/ニ/ /サイ/テキ/デ/ス/。/サ/ラ/ニ/、/ヒカリ/ /ファ/イ/バ/ー/ワ/ /デン/ジ/ /カン/ショー/ニ/ /ツヨ/イ/ /タ/メ/、/アン/テイ/ /シ/タ/ /ツー/シン/ /カン/キョー/ヲ/ /テイ/キョー/ /シ/マ/ス/。
映画は、視覚と 聴覚を 通じて 物語を 伝える 芸術 形式の 一つです。映画は、脚本、演技、撮影、編集などの 要素が 組み合わさって 作られます。映画は、エンターテインメントだけで なく、社会的な メッセージや 文化的な 価値観を 伝える 手段と しても 重要です。また、映画は 人々の 感情に 訴えかける ことが できる ため、多くの 人に 愛されて おり、世界中で 多くの 映画が 制作 されて います。	エイ/ガ/ワ/、/シ/カク/ト/ /チョー/カク/ヲ/ /ツー/ジ/テ/ /モノ/ガタリ/ヲ/ /ツタ/エ/ル/ /ゲイ/ジュツ/ /ケイ/シキ/ノ/ /ヒト/ツ/デ/ス/。/エイ/ガ/ワ/、/キャク/ホン/、/エン/ギ/、/サツ/エイ/、/ヘン/シュー/ナ/ド/ノ/ /ヨー/ソ/ガ/ /ク/ミ/ア/ワ/サ/ッ/テ/ /ツク/ラ/レ/マ/ス/。/エイ/ガ/ワ/、/エ/ン/タ/ー/テ/イ/ン/メ/ン/ト/ダ/ケ/デ/ /ナ/ク/、/シャ/カイ/テキ/ナ/ /メ/ッ/セ/ー/ジ/ヤ/ /ブン/カ/テキ/ナ/ /カ/チ/カン/ヲ/ /ツタ/エ/ル/ /シュ/ダン/ト/ /シ/テ/モ/ /ジュー/ヨー/デ/ス/。/マ/タ/、/エイ/ガ/ワ/ /ヒト/ビト/ノ/ /カン/ジョー/ニ/ /ウッタ/エ/カ/ケ/ル/ /コ/ト/ガ/ /デ/キ/ル/ /タ/メ/、/オオ/ク/ノ/ /ヒト/ニ/ /アイ/サ/レ/テ/ /オ/リ/、/セ/カイ/ジュー/デ/ /オオ/ク/ノ/ /エイ/ガ/ガ/ /セイ/サク/ /サ/レ/テ/ /イ/マ/ス/。
音楽は、感情や 思考を 表現 する ための 芸術 形式の 一つです。音楽は、リズム、メロディー、ハーモニーなどの 要素を 組み合わせて 作られます。音楽は、文化や 時代に よって 様々な スタイルや ジャンルが 存在 し、人々の 心に 深く 響く ことが あります。また、音楽は ストレス 解消や リラクゼーションにも 効果的で あり、多くの 人に とって 日常 生活の 一部と なって います。	オン/ガク/ワ/、/カン/ジョー/ヤ/ /シ/コー/ヲ/ /ヒョー/ゲン/ /ス/ル/ /タ/メ/ノ/ /ゲイ/ジュツ/ /ケイ/シキ/ノ/ /ヒト/ツ/デ/ス/。/オン/ガク/ワ/、/リ/ズ/ム/、/メ/ロ/ディ/ー/、/ハ/ー/モ/ニ/ー/ナ/ド/ノ/ /ヨー/ソ/ヲ/ /ク/ミ/ア/ワ/セ/テ/ /ツク/ラ/レ/マ/ス/。/オン/ガク/ワ/、/ブン/カ/ヤ/ /ジ/ダイ/ニ/ /ヨ/ッ/テ/ /サマ/ザマ/ナ/ /ス/タ/イ/ル/ヤ/ /ジャ/ン/ル/ガ/ /ソン/ザイ/ /シ/、/ヒト/ビト/ノ/ /ココロ/ニ/ /フカ/ク/ /ヒビ/ク/ /コ/ト/ガ/ /ア/リ/マ/ス/。/マ/タ/、/オン/ガク/ワ/ /ス/ト/レ/ス/ /カイ/ショー/ヤ/ /リ/ラ/ク/ゼ/ー/ショ/ン/ニ/モ/ /コー/カ/テキ/デ/ /ア/リ/、/オオ/ク/ノ/ /ヒト/ニ/ /ト/ッ/テ/ /ニチ/ジョー/ /セイ/カツ/ノ/ /イチ/ブ/ト/ /ナ/ッ/テ/ /イ/マ/ス/。
旅行は、異なる 文化や 風景を 体験 する 素晴らしい 方法です。旅行を 通じて、新しい 場所を 訪れたり、地元の 人々と 交流 したり する ことで、視野が 広がります。また、旅行は リフレッシュや ストレス 解消にも 効果的で あり、日常 生活から 離れて 新しい 環境に 身を 置く ことで、心身 ともに リフレッシュ できます。さらに、旅行は 思い出作りにも 最適で あり、家族や 友人との 絆を 深める 機会にも なります。	リョ/コー/ワ/、/コト/ナ/ル/ /ブン/カ/ヤ/ /フー/ケイ/ヲ/ /タイ/ケン/ /ス/ル/ /ス/バ/ラ/シ/イ/ /ホー/ホー/デ/ス/。/リョ/コー/ヲ/ /ツー/ジ/テ/、/アタラ/シ/イ/ /バ/ショ/ヲ/ /オトズ/レ/タ/リ/、/ジ/モト/ノ/ /ヒト/ビト/ト/ /コー/リュー/ /シ/タ/リ/ /ス/ル/ /コ/ト/デ/、/シ/ヤ/ガ/ /ヒロ/ガ/リ/マ/ス/。/マ/タ/、/リョ/コー/ワ/ /リ/フ/レ/ッ/シュ/ヤ/ /ス/ト/レ/ス/ /カイ/ショー/ニ/モ/ /コー/カ/テキ/デ/ /ア/リ/、/ニチ/ジョー/ /セイ/カツ/カ/ラ/ /ハナ/レ/テ/ /アタラ/シ/イ/ /カン/キョー/ニ/ /ミ/ヲ/ /オ/ク/ /コ/ト/デ/、/シン/シン/ /ト/モ/ニ/ /リ/フ/レ/ッ/シュ/ /デ/キ/マ/ス/。/サ/ラ/ニ/、/リョ/コー/ワ/ /オモ/イ/デ/ヅク/リ/ニ/モ/ /サイ/テキ/デ/ /ア/リ/、/カ/ゾク/ヤ/ /ユー/ジン/ト/ノ/ /キズナ/ヲ/ /フカ/メ/ル/ /キ/カイ/ニ/モ/ /ナ/リ/マ/ス/。
学校の 授業では、様々な 科目が 教えられます。国語、数学、理科、社会などの 基本的な 科目から、音楽、美術、体育などの 特別な 科目まで、多岐に わたります。学校の 授業は、生徒が 知識を 深めるだけで なく、社会性や 協調性を 養う 場でも あります。また、授業を 通じて、生徒は 自分の 興味や 才能を 見つける ことが できる ため、将来の 進路 選択にも 大きな 影響を 与えます。	ガッ/コー/ノ/ /ジュ/ギョー/デ/ワ/、/サマ/ザマ/ナ/ /カ/モク/ガ/ /オシ/エ/ラ/レ/マ/ス/。/コク/ゴ/、/スー/ガク/、/リ/カ/、/シャ/カイ/ナ/ド/ノ/ /キ/ホン/テキ/ナ/ /カ/モク/カ/ラ/、/オン/ガク/、/ビ/ジュツ/、/タイ/イク/ナ/ド/ノ/ /トク/ベツ/ナ/ /カ/モク/マ/デ/、/タ/キ/ニ/ /ワ/タ/リ/マ/ス/。/ガッ/コー/ノ/ /ジュ/ギョー/ワ/、/セイ/ト/ガ/ /チ/シキ/ヲ/ /フカ/メ/ル/ダ/ケ/デ/ /ナ/ク/、/シャ/カイ/セイ/ヤ/ /キョー/チョー/セイ/ヲ/ /ヤシナ/ウ/ /バ/デ/モ/ /ア/リ/マ/ス/。/マ/タ/、/ジュ/ギョー/ヲ/ /ツー/ジ/テ/、/セイ/ト/ワ/ /ジ/ブン/ノ/ /キョー/ミ/ヤ/ /サイ/ノー/ヲ/ /ミ/ツ/ケ/ル/ /コ/ト/ガ/ /デ/キ/ル/ /タ/メ/、/ショー/ライ/ノ/ /シン/ロ/ /セン/タク/ニ/モ/ /オオ/キ/ナ/ /エイ/キョー/ヲ/ /アタ/エ/マ/ス/。
ラーメンは、日本 発祥の 麺 料理で、世界中で 人気が あります。ラーメンには 様々な 種類が あり、醤油 ラーメン、味噌 ラーメン、塩 ラーメンなど、スープの 味に よって 分類 されます。また、トッピングも 多様で、チャーシュー、メンマ、ネギなどが 一般的です。ラーメンは、その 美味しさと 手軽さから、多くの 人に 愛されて おり、専門店も 数 多く 存在 します。	ラ/ー/メ/ン/ワ/、/ニ/ホン/ /ハッ/ショー/ノ/ /メン/ /リョー/リ/デ/、/セ/カイ/ジュー/デ/ /ニン/キ/ガ/ /ア/リ/マ/ス/。/ラ/ー/メ/ン/ニ/ワ/ /サマ/ザマ/ナ/ /シュ/ルイ/ガ/ /ア/リ/、/ショー/ユ/ /ラ/ー/メ/ン/、/ミ/ソ/ /ラ/ー/メ/ン/、/シオ/ /ラ/ー/メ/ン/ナ/ド/、/ス/ー/プ/ノ/ /アジ/ニ/ /ヨ/ッ/テ/ /ブン/ルイ/ /サ/レ/マ/ス/。/マ/タ/、/ト/ッ/ピ/ン/グ/モ/ /タ/ヨー/デ/、/チャ/ー/シュ/ー/、/メ/ン/マ/、/ネ/ギ/ナ/ド/ガ/ /イッ/パン/テキ/デ/ス/。/ラ/ー/メ/ン/ワ/、/ソ/ノ/ /オ/イ/シ/サ/ト/ /テ/ガル/サ/カ/ラ/、/オオ/ク/ノ/ /ヒト/ニ/ /アイ/サ/レ/テ/ /オ/リ/、/セン/モン/テン/モ/ /カズ/ /オオ/ク/ /ソン/ザイ/ /シ/マ/ス/。
カレーは、スパイスを 使った 料理の 一種で、世界中で 愛されて います。カレーには 様々な 種類が あり、インドの カレー、日本の カレー、タイの カレーなど、地域に よって 異なる 特徴が あります。カレーは、肉や 野菜を 煮込んで 作られる ことが 多く、ご飯や ナンと 一緒に 食べる ことが 一般的です。また、カレーは 家庭 料理と しても 人気が あり、多くの レシピが 存在 します。	カ/レ/ー/ワ/、/ス/パ/イ/ス/ヲ/ /ツカ/ッ/タ/ /リョー/リ/ノ/ /イッ/シュ/デ/、/セ/カイ/ジュー/デ/ /アイ/サ/レ/テ/ /イ/マ/ス/。/カ/レ/ー/ニ/ワ/ /サマ/ザマ/ナ/ /シュ/ルイ/ガ/ /ア/リ/、/イ/ン/ド/ノ/ /カ/レ/ー/、/ニ/ホン/ノ/ /カ/レ/ー/、/タ/イ/ノ/ /カ/レ/ー/ナ/ド/、/チ/イキ/ニ/ /ヨ/ッ/テ/ /コト/ナ/ル/ /トク/チョー/ガ/ /ア/リ/マ/ス/。/カ/レ/ー/ワ/、/ニク/ヤ/ /ヤ/サイ/ヲ/ /ニ/コ/ン/デ/ /ツク/ラ/レ/ル/ /コ/ト/ガ/ /オオ/ク/、/ゴ/ハン/ヤ/ /ナ/ン/ト/ /イッ/ショ/ニ/ /タ/ベ/ル/ /コ/ト/ガ/ /イッ/パン/テキ/デ/ス/。/マ/タ/、/カ/レ/ー/ワ/ /カ/テイ/ /リョー/リ/ト/ /シ/テ/モ/ /ニン/キ/ガ/ /ア/リ/、/オオ/ク/ノ/ /レ/シ/ピ/ガ/ /ソン/ザイ/ /シ/マ/ス/。
温泉 卵は、温泉の 湯で ゆっくりと 加熱 された 卵の ことを 指します。温泉 卵は、通常の 茹で卵とは 異なり、白身が とろりと 半熟 状態で、黄身も クリーミーな 食感に なって います。温泉 卵は、その 独特な 食感と 味わいから、サラダや 丼物などの トッピングと して 人気が あります。また、温泉 卵は 自宅でも 簡単に 作る ことが できる ため、多くの 人に 楽しまれて います。	オン/セン/ /タマゴ/ワ/、/オン/セン/ノ/ /ユ/デ/ /ユ/ッ/ク/リ/ト/ /カ/ネツ/ /サ/レ/タ/ /タマゴ/ノ/ /コ/ト/ヲ/ /サ/シ/マ/ス/。/オン/セン/ /タマゴ/ワ/、/ツー/ジョー/ノ/ /ユ/デ/タマゴ/ト/ワ/ /コト/ナ/リ/、/シロ/ミ/ガ/ /ト/ロ/リ/ト/ /ハン/ジュク/ /ジョー/タイ/デ/、/キ/ミ/モ/ /ク/リ/ー/ミ/ー/ナ/ /ショッ/カン/ニ/ /ナ/ッ/テ/ /イ/マ/ス/。/オン/セン/ /タマゴ/ワ/、/ソ/ノ/ /ドク/トク/ナ/ /ショッ/カン/ト/ /アジ/ワ/イ/カ/ラ/、/サ/ラ/ダ/ヤ/ /ドンブリ/モノ/ナ/ド/ノ/ /ト/ッ/ピ/ン/グ/ト/ /シ/テ/ /ニン/キ/ガ/ /ア/リ/マ/ス/。/マ/タ/、/オン/セン/ /タマゴ/ワ/ /ジ/タク/デ/モ/ /カン/タン/ニ/ /ツク/ル/ /コ/ト/ガ/ /デ/キ/ル/ /タ/メ/、/オオ/ク/ノ/ /ヒト/ニ/ /タノ/シ/マ/レ/テ/ /イ/マ/ス/。
甘蕉は、バナナの 別名で、主に 台湾や 中国で 使われる ことが あります。甘蕉は、バナナと 同様に、甘くて 柔らかい 果肉が 特徴で、デザートや スムージーなどに 利用 されます。また、甘蕉は 栄養価も 高く、ビタミンや ミネラルが 豊富に 含まれて いる ため、健康にも 良いと されて います。	カン/ショー/ワ/、/バ/ナ/ナ/ノ/ /ベツ/メイ/デ/、/オモ/ニ/ /タイ/ワン/ヤ/ /チュー/ゴク/デ/ /ツカ/ワ/レ/ル/ /コ/ト/ガ/ /ア/リ/マ/ス/。/カン/ショー/ワ/、/バ/ナ/ナ/ト/ /ドー/ヨー/ニ/、/アマ/ク/テ/ /ヤワ/ラ/カ/イ/ /カ/ニク/ガ/ /トク/チョー/デ/、/デ/ザ/ー/ト/ヤ/ /ス/ム/ー/ジ/ー/ナ/ド/ニ/ /リ/ヨー/ /サ/レ/マ/ス/。/マ/タ/、/カン/ショー/ワ/ /エイ/ヨー/カ/モ/ /タカ/ク/、/ビ/タ/ミ/ン/ヤ/ /ミ/ネ/ラ/ル/ガ/ /ホー/フ/ニ/ /フク/マ/レ/テ/ /イ/ル/ /タ/メ/、/ケン/コー/ニ/モ/ /ヨ/イ/ト/ /サ/レ/テ/ /イ/マ/ス/。
居酒屋の 最後は 海苔茶漬けで 締める ことが 多いですね。海苔茶漬けは、ご飯の 上に 海苔を のせて、熱い お茶や だしを かけて 食べる 料理です。居酒屋での 締めの 一品と して 人気が あり、軽くて 消化も 良い ため、飲んだ 後の 胃に 優しい 選択肢と なって います。海苔茶漬けは、シンプルながらも 美味しい 料理で、多くの 人に 愛されて います。	イ/ザカ/ヤ/ノ/ /サイ/ゴ/ワ/ /ノ/リ/チャ/ヅ/ケ/デ/ /シ/メ/ル/ /コ/ト/ガ/ /オオ/イ/デ/ス/ネ/。/ノ/リ/チャ/ヅ/ケ/ワ/、/ゴ/ハン/ノ/ /ウエ/ニ/ /ノ/リ/ヲ/ /ノ/セ/テ/、/アツ/イ/ /オ/チャ/ヤ/ /ダ/シ/ヲ/ /カ/ケ/テ/ /タ/ベ/ル/ /リョー/リ/デ/ス/。/イ/ザカ/ヤ/デ/ノ/ /シ/メ/ノ/ /イッ/ピン/ト/ /シ/テ/ /ニン/キ/ガ/ /ア/リ/、/カル/ク/テ/ /ショー/カ/モ/ /ヨ/イ/ /タ/メ/、/ノ/ン/ダ/ /アト/ノ/ /イ/ニ/ /ヤサ/シ/イ/ /セン/タク/シ/ト/ /ナ/ッ/テ/ /イ/マ/ス/。/ノ/リ/チャ/ヅ/ケ/ワ/、/シ/ン/プ/ル/ナ/ガ/ラ/モ/ /オ/イ/シ/イ/ /リョー/リ/デ/、/オオ/ク/ノ/ /ヒト/ニ/ /アイ/サ/レ/テ/ /イ/マ/ス/。
いくらの 醤油漬けは、いくらを 醤油や みりんなどの 調味料に 漬け込んで 作られる 料理です。いくらの 醤油漬けは、鮭の 卵の 風味と 調味料の 味が 絶妙に マッチ して おり、ご飯の お供や お酒の つまみと して 人気が あります。いくらの 醤油漬けは、手軽に 作れる ことから 家庭でも よく 作られますし、レストランでも 提供 される ことが 多いです。	イ/ク/ラ/ノ/ /ショー/ユ/ヅ/ケ/ワ/、/イ/ク/ラ/ヲ/ /ショー/ユ/ヤ/ /ミ/リ/ン/ナ/ド/ノ/ /チョー/ミ/リョー/ニ/ /ツ/ケ/コ/ン/デ/ /ツク/ラ/レ/ル/ /リョー/リ/デ/ス/。/イ/ク/ラ/ノ/ /ショー/ユ/ヅ/ケ/ワ/、/サケ/ノ/ /タマゴ/ノ/ /フー/ミ/ト/ /チョー/ミ/リョー/ノ/ /アジ/ガ/ /ゼツ/ミョー/ニ/ /マ/ッ/チ/ /シ/テ/ /オ/リ/、/ゴ/ハン/ノ/ /オ/トモ/ヤ/ /オ/サケ/ノ/ /ツ/マ/ミ/ト/ /シ/テ/ /ニン/キ/ガ/ /ア/リ/マ/ス/。/イ/ク/ラ/ノ/ /ショー/ユ/ヅ/ケ/ワ/、/テ/ガル/ニ/ /ツク/レ/ル/ /コ/ト/カ/ラ/ /カ/テイ/デ/モ/ /ヨ/ク/ /ツク/ラ/レ/マ/ス/シ/、/レ/ス/ト/ラ/ン/デ/モ/ /テイ/キョー/ /サ/レ/ル/ /コ/ト/ガ/ /オオ/イ/デ/ス/。
餃子には 様々な 種類が あります。一般的な 餃子は、豚肉や 野菜を 包んだ ものですが、地域に よっては、海鮮や 鶏肉を 使用 した 餃子も あります。また、焼き餃子、水餃子、蒸し餃子など、調理 方法も 多様です。餃子は、手軽に 作れる ことから 家庭 料理と しても 人気が あり、また、専門店で 提供 される ことも 多いです。	ギョー/ザ/ニ/ワ/ /サマ/ザマ/ナ/ /シュ/ルイ/ガ/ /ア/リ/マ/ス/。/イッ/パン/テキ/ナ/ /ギョー/ザ/ワ/、/ブタ/ニク/ヤ/ /ヤ/サイ/ヲ/ /ツツ/ン/ダ/ /モ/ノ/デ/ス/ガ/、/チ/イキ/ニ/ /ヨ/ッ/テ/ワ/、/カイ/セン/ヤ/ /トリ/ニク/ヲ/ /シ/ヨー/ /シ/タ/ /ギョー/ザ/モ/ /ア/リ/マ/ス/。/マ/タ/、/ヤ/キ/ギョー/ザ/、/スイ/ギョー/ザ/、/ム/シ/ギョー/ザ/ナ/ド/、/チョー/リ/ /ホー/ホー/モ/ /タ/ヨー/デ/ス/。/ギョー/ザ/ワ/、/テ/ガル/ニ/ /ツク/レ/ル/ /コ/ト/カ/ラ/ /カ/テイ/ /リョー/リ/ト/ /シ/テ/モ/ /ニン/キ/ガ/ /ア/リ/、/マ/タ/、/セン/モン/テン/デ/ /テイ/キョー/ /サ/レ/ル/ /コ/ト/モ/ /オオ/イ/デ/ス/。
結局 どれだけ 多くの 単語を 覚えても、実際の 会話や 文章で それらを 適切に 使いこなす ことが 重要です。単語の 意味や 用法を 理解 し、文脈に 応じて 正しく 使用 する ことで、コミュニケーション 能力が 向上 します。また、単語を 覚えるだけで なく、実際に 使って みる ことで、より 深く 理解 し、自然な 表現が できるように なります。	ケッ/キョク/ /ド/レ/ダ/ケ/ /オオ/ク/ノ/ /タン/ゴ/ヲ/ /オボ/エ/テ/モ/、/ジッ/サイ/ノ/ /カイ/ワ/ヤ/ /ブン/ショー/デ/ /ソ/レ/ラ/ヲ/ /テキ/セツ/ニ/ /ツカ/イ/コ/ナ/ス/ /コ/ト/ガ/ /ジュー/ヨー/デ/ス/。/タン/ゴ/ノ/ /イ/ミ/ヤ/ /ヨー/ホー/ヲ/ /リ/カイ/ /シ/、/ブン/ミャク/ニ/ /オウ/ジ/テ/ /タダ/シ/ク/ /シ/ヨー/ /ス/ル/ /コ/ト/デ/、/コ/ミュ/ニ/ケ/ー/ショ/ン/ /ノー/リョク/ガ/ /コー/ジョー/ /シ/マ/ス/。/マ/タ/、/タン/ゴ/ヲ/ /オボ/エ/ル/ダ/ケ/デ/ /ナ/ク/、/ジッ/サイ/ニ/ /ツカ/ッ/テ/ /ミ/ル/ /コ/ト/デ/、/ヨ/リ/ /フカ/ク/ /リ/カイ/ /シ/、/シ/ゼン/ナ/ /ヒョー/ゲン/ガ/ /デ/キ/ル/ヨ/ー/ニ/ /ナ/リ/マ/ス/。
産業 革命は、18 世紀から 19 世紀に かけて 起こった 社会的・経済的な 変革の 時期を 指します。主に イギリスで 始まり、その 後 世界中に 広がりました。産業 革命は、手工業から 機械 工業への 移行を 促し、生産性の 向上や 都市化の 進展など、多くの 社会的 変化を もたらしました。また、労働 条件の 改善や 技術 革新なども この 時期に 大きく 進展 しました。	サン/ギョー/ /カク/メイ/ワ/、/18/ /セイ/キ/カ/ラ/ /19/ /セイ/キ/ニ/ /カ/ケ/テ/ /オ/コ/ッ/タ/ /シャ/カイ/テキ/・/ケイ/ザイ/テキ/ナ/ /ヘン/カク/ノ/ /ジ/キ/ヲ/ /サ/シ/マ/ス/。/オモ/ニ/ /イ/ギ/リ/ス/デ/ /ハジ/マ/リ/、/ソ/ノ/ /ゴ/ /セ/カイ/ジュー/ニ/ /ヒロ/ガ/リ/マ/シ/タ/。/サン/ギョー/ /カク/メイ/ワ/、/シュ/コー/ギョー/カ/ラ/ /キ/カイ/ /コー/ギョー/エ/ノ/ /イ/コー/ヲ/ /ウナガ/シ/、/セイ/サン/セイ/ノ/ /コー/ジョー/ヤ/ /ト/シ/カ/ノ/ /シン/テン/ナ/ド/、/オオ/ク/ノ/ /シャ/カイ/テキ/ /ヘン/カ/ヲ/ /モ/タ/ラ/シ/マ/シ/タ/。/マ/タ/、/ロー/ドー/ /ジョー/ケン/ノ/ /カイ/ゼン/ヤ/ /ギ/ジュツ/ /カク/シン/ナ/ド/モ/ /コ/ノ/ /ジ/キ/ニ/ /オオ/キ/ク/ /シン/テン/ /シ/マ/シ/タ/。
カセット テープは、磁気 テープを 使用 して 音声や データを 記録 する 媒体です。1970年代から 1990年代に かけて 広く 使用 されましたが、デジタル 音楽の 普及に より、現在では あまり 一般的では ありません。カセット テープは、手軽に 録音や 再生が できる ことから、音楽の 保存や 共有に 利用 されて いました。	カ/セ/ッ/ト/ /テ/ー/プ/ワ/、/ジ/キ/ /テ/ー/プ/ヲ/ /シ/ヨー/ /シ/テ/ /オン/セイ/ヤ/ /デ/ー/タ/ヲ/ /キ/ロク/ /ス/ル/ /バイ/タイ/デ/ス/。/1970/ネン/ダイ/カ/ラ/ /1990/ネン/ダイ/ニ/ /カ/ケ/テ/ /ヒロ/ク/ /シ/ヨー/ /サ/レ/マ/シ/タ/ガ/、/デ/ジ/タ/ル/ /オン/ガク/ノ/ /フ/キュー/ニ/ /ヨ/リ/、/ゲン/ザイ/デ/ワ/ /ア/マ/リ/ /イッ/パン/テキ/デ/ワ/ /ア/リ/マ/セ/ン/。/カ/セ/ッ/ト/ /テ/ー/プ/ワ/、/テ/ガル/ニ/ /ロク/オン/ヤ/ /サイ/セイ/ガ/ /デ/キ/ル/ /コ/ト/カ/ラ/、/オン/ガク/ノ/ /ホ/ゾン/ヤ/ /キョー/ユー/ニ/ /リ/ヨー/ /サ/レ/テ/ /イ/マ/シ/タ/。
エアコンの 温度は、夏は 涼しく、冬は 暖かく 設定 するのが 一般的です。適切な 温度 設定は、快適な 室内 環境を 保ち、エネルギー 効率も 向上 させます。夏は 26度 前後、冬は 20度 前後が 推奨 される ことが 多いですが、個人の 好みや 体調に よって 調整 する ことも 重要です。	エ/ア/コ/ン/ノ/ /オン/ド/ワ/、/ナツ/ワ/ /スズ/シ/ク/、/フユ/ワ/ /アタタ/カ/ク/ /セッ/テイ/ /ス/ル/ノ/ガ/ /イッ/パン/テキ/デ/ス/。/テキ/セツ/ナ/ オン/ド/ /セッ/テイ/ワ/、/カイ/テキ/ナ/ /シツ/ナイ/ /カン/キョー/ヲ/ /タモ/チ/、/エ/ネ/ル/ギ/ー/ /コー/リツ/モ/ /コー/ジョー/ /サ/セ/マ/ス/。/ナツ/ワ/ /26/ド /ゼン/ゴ/、/フユ/ワ/ /20/ド/ /ゼン/ゴ/ガ/ /スイ/ショー/ /サ/レ/ル/ /コ/ト/ガ/ /オオ/イ/デ/ス/ガ/、/コ/ジン/ノ/ /コノ/ミ/ヤ/ /タイ/チョー/ニ/ /ヨ/ッ/テ/ /チョー/セイ/ /ス/ル/ /コ/ト/モ/ /ジュー/ヨー/デ/ス/。
前回と 異なり、民主党への 期待を 感じる 中での 選挙。	ゼン/カイ/ト/ /コト/ナ/リ/、/ミン/シュ/トー/エ/ノ/ /キ/タイ/ヲ/ /カン/ジ/ル/ /ナカ/デ/ノ/ /セン/キョ/。
自らの 責任を 認めることを 知らず、すべてを 国民の 意志とは 反対に 推し進める 大統領の 独善と 錯覚が 原因だ。	ミズカ/ラ/ノ/ /セキ/ニン/ヲ/ /ミト/メ/ル/コ/ト/ヲ/ /シ/ラ/ズ/、/ス/ベ/テ/ヲ/ /コク/ミン/ノ/ /イ/シ/ト/ワ/ /ハン/タイ/ニ/ /オ/シ/スス/メ/ル/ /ダイ/トー/リョー/ノ/ /ドク/ゼン/ト/ /サッ/カク/ガ/ /ゲン/イン/ダ/。
同 土地 区画 整理 組合(鈴木 竜一 理事長、組合員 四十三人)が 事業 着手 して いた もので、緑と 住宅が 共存 し、調和の とれた 快適で 安全な 市街地と して 生まれ変わった。	ドー/ /ト/チ/ /ク/カク/ /セイ/リ/ /クミ/アイ/(/スズ/キ/ /リュー/イチ/ /リ/ジ/チョー/、/クミ/アイ/イン/ /ヨン/ジュー/サン/ニン/)/ガ/ /ジ/ギョー/ /チャク/シュ/ /シ/テ/ /イ/タ/ /モ/ノ/デ/、/ミドリ/ト/ /ジュー/タク/ガ/ /キョー/ソン/ /シ/、/チョー/ワ/ノ/ /ト/レ/タ/ /カイ/テキ/デ/ /アン/ゼン/ナ/ /シ/ガイ/チ/ト/ /シ/テ/ /ウ/マ/レ/カ/ワ/ッ/タ/。
二〇二六年 二月 二十一日の 天気は 晴れです。	2/0/2/6/ネン/ /2/ガツ/ /2/_/1/ニチ/ノ/ /テン/キ/ワ/ /ハ/レ/デ/ス/。
コンピュータの 操作に 慣れる。	コ/ン/ピュ/ー/タ/ノ/ /ソー/サ/ニ/ /ナ/レ/ル/。
平均 年齢 八十歳。	ヘイ/キン/ /ネン/レイ/ /8/0/サイ/。
富士山に 登った 経験が あります。	フ/ジ/サン/ニ/ /ノボ/ッ/タ/ /ケイ/ケン/ガ/ /ア/リ/マ/ス/。
駅前の 本屋で 新しい 雑誌を 買う。	エキ/マエ/ノ/ /ホン/ヤ/デ/ /アタラ/シ/イ/ /ザッ/シ/ヲ/ /カ/ウ/。
落書きを して みよう。	ラク/ガ/キ/ヲ/ /シ/テ/ /ミ/ヨ/ウ/。
自由な 発想で 絵を 描く ことが できる 楽しい 活動です。紙と ペンを 用意 して、思いの ままに 線や 形を 描いて みましょう。何も 考えずに 手を 動かす ことで、創造力が 刺激 され、新しい アイデアが 生まれるかも しれません。	ジ/ユー/ナ/ /ハッ/ソー/デ/ /エ/ヲ/ /エガ/ク/ /コ/ト/ガ/ /デ/キ/ル/ /タノ/シ/イ/ /カツ/ドー/デ/ス/。/カミ/ト/ /ペ/ン/ヲ/ /ヨー/イ/ /シ/テ/、/オモ/イ/ノ/ /マ/マ/ニ/ /セン/ヤ/ /カタチ/ヲ/ /エガ/イ/テ/ /ミ/マ/ショ/ー/。/ナニ/モ/ /カンガ/エ/ズ/ニ/ /テ/ヲ/ /ウゴ/カ/ス/ /コ/ト/デ/、/ソー/ゾー/リョク/ガ/ /シ/ゲキ/ /サ/レ/、/アタラ/シ/イ/ /ア/イ/デ/ア/ガ/ /ウ/マ/レ/ル/カ/モ/ /シ/レ/マ/セ/ン/。
ストレス 解消や リラックスにも 効果的です。	ス/ト/レ/ス/ /カイ/ショー/ヤ/ /リ/ラ/ッ/ク/ス/ニ/モ/ /コー/カ/テキ/デ/ス/。
忙しい 日常から 少し 離れて、自由な 時間を 楽しむ ことが できます。	イソガ/シ/イ/ /ニチ/ジョー/カ/ラ/ /スコ/シ/ /ハナ/レ/テ/、/ジ/ユー/ナ/ /ジ/カン/ヲ/ /タノ/シ/ム/ /コ/ト/ガ/ /デ/キ/マ/ス/。
心が 軽く なり、気分も リフレッシュ されるでしょう。	ココロ/ガ/ /カル/ク/ /ナ/リ/、/キ/ブン/モ/ /リ/フ/レ/ッ/シュ/ /サ/レ/ル/デ/ショ/ー/。
[今日]は 令和 ７年 ８月 ３１日です。	キョー/ワ/ /レイ/ワ/ /7/ネン/ /8/ガツ/ /3/1/ニチ/デ/ス/。
プログラミングは 創造的な 活動だとも 言われて います。コードを 書く ことで、アイデアを 形に する ことが できます。	プ/ロ/グ/ラ/ミ/ン/グ/ワ/ /ソー/ゾー/テキ/ナ/ /カツ/ドー/ダ/ト/モ/ /イ/ワ/レ/テ/ /イ/マ/ス/。/コ/ー/ド/ヲ/ /カ/ク/ /コ/ト/デ/、/ア/イ/デ/ア/ヲ/ /カタチ/ニ/ /ス/ル/ /コ/ト/ガ/ /デ/キ/マ/ス/。
機械 学習を 行う 上で データ セットの 前処理は 重要な ステップです。データを クリーンに し、適切な 形式に 変換 する ことで、モデルの 性能が 向上 します。	キ/カイ/ /ガク/シュー/ヲ/ /オコナ/ウ/ /ウエ/デ/ /デ/ー/タ/ /セ/ッ/ト/ノ/ /マエ/ショ/リ/ワ/ /ジュー/ヨー/ナ/ /ス/テ/ッ/プ/デ/ス/。/デ/ー/タ/ヲ/ /ク/リ/ー/ン/ニ/ /シ/、/テキ/セツ/ナ/ /ケイ/シキ/ニ/ /ヘン/カン/ /ス/ル/ /コ/ト/デ/、/モ/デ/ル/ノ/ /セイ/ノー/ガ/ /コー/ジョー/ /シ/マ/ス/。
データの 前処理には、欠損値の 処理、異常値の 検出、特徴量の スケーリングなどが 含まれます。	デ/ー/タ/ノ/ /マエ/ショ/リ/ニ/ワ/、/ケッ/ソン/チ/ノ/ /ショ/リ/、/イ/ジョー/チ/ノ/ /ケン/シュツ/、/トク/チョー/リョー/ノ/ /ス/ケ/ー/リ/ン/グ/ナ/ド/ガ/ /フク/マ/レ/マ/ス/。
これらの ステップを 丁寧に 行う ことで、モデルの 精度が 向上 し、より 良い 予測が 可能に なります。	コ/レ/ラ/ノ/ /ス/テ/ッ/プ/ヲ/ /テイ/ネイ/ニ/ /オコナ/ウ/ /コ/ト/デ/、/モ/デ/ル/ノ/ /セイ/ド/ガ/ /コー/ジョー/ /シ/、/ヨ/リ/ /ヨ/イ/ /ヨ/ソク/ガ/ /カ/ノー/ニ/ /ナ/リ/マ/ス/。
太陽系の 惑星で 最も 太陽に 近いのは 水星で、その 次は 金星、地球、火星、木星、土星、天王星、海王星の 順です。	タイ/ヨー/ケイ/ノ/ /ワク/セイ/デ/ /モット/モ/ /タイ/ヨー/ニ/ /チカ/イ/ノ/ワ/ /スイ/セイ/デ/、/ソ/ノ/ /ツギ/ワ/ /キン/セイ/、/チ/キュー/、/カ/セイ/、/モク/セイ/、/ド/セイ/、/テン/ノー/セイ/、/カイ/オー/セイ/ノ/ /ジュン/デ/ス/。
平幕の 力士が 横綱に 勝つ ことを 金星を 取ると 言います。これは、横綱が 最も 強い 力士で ある ため、平幕の 力士が 勝つ ことは 非常に 珍しい ことから 来て います。	ヒラ/マク/ノ/ /リ/キシ/ガ/ /ヨコ/ヅナ/ニ/ /カ/ツ/ /コ/ト/ヲ/ /キン/ボシ/ヲ/ /ト/ル/ト/ /イ/イ/マ/ス/。/コ/レ/ワ/、/ヨコ/ヅナ/ガ/ /モット/モ/ /ツヨ/イ/ /リ/キシ/デ/ /ア/ル/ /タ/メ/、/ヒラ/マク/ノ/ /リ/キシ/ガ/ /カ/ツ/ /コ/ト/ワ/ /ヒ/ジョー/ニ/ /メズラ/シ/イ/ /コ/ト/カ/ラ/ /キ/テ/ /イ/マ/ス/。
２酸化 炭素の 排出量は、地球 温暖化の 主な 原因の 一つと されて います。化石 燃料の 燃焼や 森林 破壊などが 主な 排出源で あり、これらを 削減 する ことが 地球 環境の 保護に 繋がります。再生 可能 エネルギーの 利用や 省エネルギーの 推進などが、排出量 削減の ための 重要な 対策と なって います。	２/サン/カ/ /タン/ソ/ノ/ /ハイ/シュツ/リョー/ワ/、/チ/キュー/ /オン/ダン/カ/ノ/ /オモ/ナ/ /ゲン/イン/ノ/ /ヒト/ツ/ト/ /サ/レ/テ/ /イ/マ/ス/。/カ/セキ/ /ネン/リョー/ノ/ /ネン/ショー/ヤ/ /シン/リン/ /ハ/カイ/ナ/ド/ガ/ /オモ/ナ/ /ハイ/シュツ/ゲン/デ/ /ア/リ/、/コ/レ/ラ/ヲ/ /サク/ゲン/ /ス/ル/ /コ/ト/ガ/ /チ/キュー/ /カン/キョー/ノ/ /ホ/ゴ/ニ/ /ツナ/ガ/リ/マ/ス/。/サイ/セイ/ /カ/ノー/ /エ/ネ/ル/ギ/ー/ノ/ /リ/ヨー/ヤ/ /ショー/エ/ネ/ル/ギ/ー/ノ/ /スイ/シン/ナ/ド/ガ/、/ハイ/シュツ/リョー/ /サク/ゲン/ノ/ /タ/メ/ノ/ /ジュー/ヨー/ナ/ /タイ/サク/ト/ /ナ/ッ/テ/ /イ/マ/ス/。
短波 放送は、主に 国際 放送や 地域 放送で 使用 される 無線 通信の 一形態です。短波は 地球の 大気中を 長距離 伝播 する ことが できる ため、遠く 離れた 場所からの 放送を 受信 する ことが 可能です。短波 放送は、災害時の 情報 伝達や 国際 交流など、様々な 目的で 利用 されて います。	タン/パ/ /ホー/ソー/ワ/、/オモ/ニ/ /コク/サイ/ /ホー/ソー/ヤ/ /チ/イキ/ /ホー/ソー/デ/ /シ/ヨー/ /サ/レ/ル/ /ム/セン/ /ツー/シン/ノ/ /１/ケイ/タイ/デ/ス/。/タン/パ/ワ/ /チ/キュー/ノ/ /タイ/キ/チュー/ヲ/ /チョー/キョ/リ/ /デン/パ/ /ス/ル/ /コ/ト/ガ/ /デ/キ/ル/ /タ/メ/、/トオ/ク/ /ハナ/レ/タ/ /バ/ショ/カ/ラ/ノ/ /ホー/ソー/ヲ/ /ジュ/シン/ /ス/ル/ /コ/ト/ガ/ /カ/ノー/デ/ス/。/タン/パ/ /ホー/ソー/ワ/、/サイ/ガイ/ジ/ノ/ /ジョー/ホー/ /デン/タツ/ヤ/ /コク/サイ/ /コー/リュー/ナ/ド/、/サマ/ザマ/ナ/ /モク/テキ/デ/ /リ/ヨー/ /サ/レ/テ/ /イ/マ/ス/。
電池の 種類には、アルカリ 電池、リチウム イオン 電池、ニッケル 水素 電池などが あります。アルカリ 電池は 一般的な 使い捨て 電池で、リチウム イオン 電池は 充電式で 高エネルギー 密度を 持ち、ニッケル 水素 電池は 充電式で 環境に 優しい 特徴が あります。用途や 必要な 性能に 応じて、適切な 種類の 電池を 選ぶ ことが 重要です。	デン/チ/ノ/ /シュ/ルイ/ニ/ワ/、/ア/ル/カ/リ/ /デン/チ/、/リ/チ/ウ/ム/ /イ/オ/ン/ /デン/チ/、/ニ/ッ/ケ/ル/ /スイ/ソ/ /デン/チ/ナ/ド/ガ/ /ア/リ/マ/ス/。/ア/ル/カ/リ/ /デン/チ/ワ/ /イッ/パン/テキ/ナ/ /ツカ/イ/ス/テ/ /デン/チ/デ/、/リ/チ/ウ/ム/ /イ/オ/ン/ /デン/チ/ワ/ ジュー/デン/シキ/デ/ /コー/エ/ネ/ル/ギ/ー/ /ミツ/ド/ヲ/ /モ/チ/、/ニ/ッ/ケ/ル/ /スイ/ソ/ /デン/チ/ワ/ /ジュー/デン/シキ/デ/ /カン/キョー/ニ/ ヤサ/シ/イ/ /トク/チョー/ガ/ /ア/リ/マ/ス/。/ヨー/ト/ヤ/ /ヒツ/ヨー/ナ/ /セイ/ノー/ニ/ /オー/ジ/テ/、/テキ/セツ/ナ/ /シュ/ルイ/ノ/ /デン/チ/ヲ/ /エラ/ブ/ /コ/ト/ガ/ /ジュー/ヨー/デ/ス/。
レコードの 再生には、ターン テーブルと 呼ばれる 装置が 使用 されます。レコードは、溝に 刻まれた 音声 情報を 針が 読み取る ことで 音を 再生 します。ターン テーブルは、レコードを 回転 させる ための 機構と、針を 正確に 溝に 接触 させる ための アームを 備えて います。高品質な ターン テーブルは、音質の 向上や レコードの 保護にも 寄与 します。	レ/コ/ー/ド/ノ/ /サイ/セイ/ニ/ワ/、/タ/ー/ン/ /テ/ー/ブ/ル/ト/ /ヨ/バ/レ/ル/ /ソー/チ/ガ/ /シ/ヨー/ /サ/レ/マ/ス/。/レ/コ/ー/ド/ワ/、/ミゾ/ニ/ /キザ/マ/レ/タ/ /オン/セイ/ /ジョー/ホー/ヲ/ /ハリ/ガ/ /ヨ/ミ/ト/ル/ /コ/ト/デ/ /オト/ヲ/ /サイ/セイ/ /シ/マ/ス/。/タ/ー/ン/ /テ/ー/ブ/ル/ワ/、/レ/コ/ー/ド/ヲ/ /カイ/テン/ /サ/セ/ル/ /タ/メ/ノ/ /キ/コー/ト/、/ハリ/ヲ/ /セイ/カク/ニ/ /ミゾ/ニ/ /セッ/ショク/ /サ/セ/ル/ /タ/メ/ノ/ /ア/ー/ム/ヲ/ /ソナ/エ/テ/ /イ/マ/ス/。/コー/ヒン/シツ/ナ/ /タ/ー/ン/ /テ/ー/ブ/ル/ワ/、/オン/シツ/ノ/ /コー/ジョー/ヤ/ /レ/コ/ー/ド/ノ/ /ホ/ゴ/ニ/モ/ /キ/ヨ/ /シ/マ/ス/。
日本の 伝統的な 建築 様式には、木造 建築が 多く 見られます。特に、神社や 寺院などの 宗教 建築は、木材を 使用 した 独特の 構造や 装飾が 特徴です。また、住宅 建築では、畳や 障子などの 和風 要素が 取り入れられて います。これらの 建築 様式は、日本の 自然 環境や 文化に 深く 根ざして おり、現代でも 多くの 人々に 愛されて います。	ニ/ホン/ノ/ / デン/トー/テキ/ナ/ /ケン/チク/ /ヨー/シキ/ニ/ワ/、/モク/ゾー/ /ケン/チク/ガ/ /オオ/ク/ /ミ/ラ/レ/マ/ス/。/トク/ニ/、/ジン/ジャ/ヤ/ /ジ/イン/ナ/ド/ノ/ /シュー/キョー/ /ケン/チク/ワ/、/モク/ザイ/ヲ/ /シ/ヨー/ /シ/タ/ /ドク/トク/ノ/ /コー/ゾー/ヤ/ /ソー/ショク/ガ/ /トク/チョー/デ/ス/。/マ/タ/、/ジュー/タク/ /ケン/チク/デ/ワ/、/タタミ/ヤ/ /ショー/ジ/ナ/ド/ノ/ /ワ/フー/ /ヨー/ソ/ガ/ /ト/リ/イ/レ/ラ/レ/テ/ /イ/マ/ス/。/コ/レ/ラ/ノ/ /ケン/チク/ /ヨー/シキ/ワ/、/ニ/ホン/ノ/ /シ/ゼン/ /カン/キョー/ヤ/ /ブン/カ/ニ/ /フカ/ク/ /ネ/ザ/シ/テ/ /オ/リ/、/ゲン/ダイ/デ/モ/ /オオ/ク/ノ/ /ヒト/ビト/ニ/ /アイ/サ/レ/テ/ /イ/マ/ス/。
私の 友人に 井上 さんと いう 人が います。彼は とても 親切で、いつも 周りの 人を 助ける ことを 大切に して います。井上 さんは、趣味で 料理を する ことが 好きで、特に 和食を 得意と して います。彼の 作る 料理は いつも 美味しく、友人たちからも 大好評です。また、井上 さんは 旅行が 好きで、これまでに 多くの 国を 訪れて います。彼の 旅行話は とても 面白く、聞いて いるだけで ワクワク します。	ワタシ/ノ/ /ユー/ジン/ニ/ /イノ/ウエ/サ/ン/ト/ /イ/ウ/ ヒト/ガ/ /イ/マ/ス/。/カレ/ワ/ /ト/テ/モ/ /シン/セツ/デ/、/イ/ツ/モ/ /マワ/リ/ノ/ /ヒト/ヲ/ /タス/ケ/ル/ /コ/ト/ヲ/ /タイ/セツ/ニ/ /シ/テ/ /イ/マ/ス/。/イノ/ウエ/サ/ン/ワ/、/シュ/ミ/デ/ /リョー/リ/ヲ/ /ス/ル/ /コ/ト/ガ/ /ス/キ/デ/、/トク/ニ/ /ワ/ショク/ヲ/ /トク/イ/ト/ /シ/テ/ /イ/マ/ス/。/カレ/ノ/ /ツク/ル/ /リョー/リ/ワ/ /イ/ツ/モ/ /オ/イ/シ/ク/、/ユー/ジン/タ/チ/カ/ラ/モ/ /ダイ/コー/ヒョー/デ/ス/。/マ/タ/、/イノ/ウエ/ /サ/ン/ワ/ /リョ/コー/ガ/ /ス/キ/デ/、/コ/レ/マ/デ/ニ/ /オオ/ク/ノ/ /クニ/ヲ/ /オトズ/レ/テ/ /イ/マ/ス/。/カレ/ノ/ /リョ/コー/バナシ/ワ/ /ト/テ/モ/ /オモ/シロ/ク/、/キ/イ/テ/ /イ/ル/ダ/ケ/デ/ /ワ/ク/ワ/ク/ /シ/マ/ス/。
北海道の 摩周湖は、透明度が 非常に 高い ことで 知られて います。湖の 水は 澄んで おり、底まで 見える ことが 多いです。摩周湖は、火山 活動に よって 形成 された カルデラ湖で あり、その 美しい 景観は 多くの 観光客を 魅了 して います。また、摩周湖は 霧が 発生 し やすい ことでも 有名で、霧に 包まれた 湖の 風景は 幻想的な 雰囲気を 醸し出します。	ホッ/カイ/ドー/ノ/ /マ/シュー/コ/ワ/、/トー/メイ/ド/ガ/ /ヒ/ジョー/ニ/ /タカ/イ/ /コ/ト/デ/ /シ/ラ/レ/テ/ /イ/マ/ス/。/ミズウミ/ノ/ /ミズ/ワ/ ス/ン/デ/ /オ/リ/、/ソコ/マ/デ/ ミ/エ/ル/ /コ/ト/ガ/ /オオ/イ/デ/ス/。/マ/シュー/コ/ワ/、/カ/ザン/ /カツ/ドー/ニ/ /ヨ/ッ/テ/ /ケイ/セイ/ /サ/レ/タ/ /カ/ル/デ/ラ/コ/デ/ /ア/リ/、/ソ/ノ/ /ウツク/シ/イ/ /ケイ/カン/ワ/ /オオ/ク/ノ/ /カン/コー/キャク/ヲ/ /ミ/リョー/ /シ/テ/ /イ/マ/ス/。/マ/タ/、/マ/シュー/コ/ワ/ /キリ/ガ/ /ハッ/セイ/ /シ/ヤ/ス/イ/ /コ/ト/デ/モ/ /ユー/メイ/デ/、/キリ/ニ/ ツツ/マ/レ/タ/ /ミズウミ/ノ/ /フー/ケイ/ワ/ /ゲン/ソー/テキ/ナ/ /フン/イ/キ/ヲ/ /カモ/シ/ダ/シ/マ/ス/。
北海道の 民謡で 有名なのは、「ソーラン節」です。ソーラン節は、漁師たちが 漁を する 際に 歌う 歌で、力強い リズムと 独特の メロディが 特徴です。この 民謡は、北海道の 文化や 歴史を 反映 して おり、地域の 祭りや イベントで よく 演奏 されます。また、ソーラン節は、ダンスと 組み合わせて 披露 される ことも 多く、その 迫力 ある パフォーマンスは 観客を 魅了 します。	ホッ/カイ/ドー/ノ/ /ミン/ヨー/デ/ /ユー/メイ/ナ/ノ/ワ/、/「/ソ/ー/ラ/ン/ブシ/」/デ/ス/。/ソ/ー/ラ/ン/ブシ/ワ/、/リョー/シ/タ/チ/ガ/ /リョー/ヲ/ /ス/ル/ /サイ/ニ/ /ウタ/ウ/ /ウタ/デ/、/チカラ/ヅヨ/イ/ /リ/ズ/ム/ト/ /ドク/トク/ノ/ /メ/ロ/ディ/ガ/ /トク/チョー/デ/ス/。/コ/ノ/ /ミン/ヨー/ワ/、/ホッ/カイ/ドー/ノ/ /ブン/カ/ヤ/ /レキ/シ/ヲ/ /ハン/エイ/ /シ/テ/ /オ/リ/、/チ/イキ/ノ/ /マツ/リ/ヤ/ /イ/ベ/ン/ト/デ/ /ヨ/ク/ /エン/ソー/ /サ/レ/マ/ス/。/マ/タ/、/ソ/ー/ラ/ン/ブシ/ワ/、/ダ/ン/ス/ト/ /ク/ミ/ア/ワ/セ/テ/ /ヒ/ロー/ /サ/レ/ル/ /コ/ト/モ/ /オオ/ク/、/ソ/ノ/ /ハク/リョク/ /ア/ル/ /パ/フォ/ー/マ/ン/ス/ワ/ /カン/キャク/ヲ/ /ミ/リョー/ /シ/マ/ス/。
焼餃子は、餃子の 中でも 特に 人気の ある 調理 方法です。焼餃子は、フライパンで 焼いて 作られます。まず、餃子を フライパンに 並べ、少量の 油を 加えて 焼きます。底が カリッと したら、水を 加えて 蓋を し、蒸し焼きに します。最後に 蓋を 外して 水分を 飛ばし、さらに 焼いて 完成です。焼き餃子は、外は パリッと、中は ジューシーな 食感が 特徴で、多くの 人に 愛されて います。	ヤキ/ギョー/ザ/ワ/、/ギョー/ザ/ノ/ /ナカ/デ/モ/ /トク/ニ/ /ニン/キ/ノ/ /ア/ル/ /チョー/リ/ /ホー/ホー/デ/ス/。/ヤキ/ギョー/ザ/ワ/、/フ/ラ/イ/パ/ン/デ/ /ヤ/イ/テ/ /ツク/ラ/レ/マ/ス/。/マ/ズ/、/ギョー/ザ/ヲ/ /フ/ラ/イ/パ/ン/ニ/ /ナラ/ベ/、/ショー/リョー/ノ/ /アブラ/ヲ/ /クワ/エ/テ/ /ヤ/キ/マ/ス/。/ソコ/ガ/ /カ/リ/ッ/ト/ /シ/タ/ラ/、/ミズ/ヲ/ /クワ/エ/テ/ /フタ/ヲ/ /シ/、/ム/シ/ヤ/キ/ニ/ /シ/マ/ス/。/サイ/ゴ/ニ/ /フタ/ヲ/ /ハズ/シ/テ/ /スイ/ブン/ヲ/ /ト/バ/シ/、/サ/ラ/ニ/ /ヤ/イ/テ/ /カン/セイ/デ/ス/。/ヤ/キ/ギョー/ザ/ワ/、/ソト/ワ/ /パ/リ/ッ/ト/、/ナカ/ワ/ /ジュ/ー/シ/ー/ナ/ /ショッ/カン/ガ/ /トク/チョー/デ/、/オオ/ク/ノ/ /ヒト/ニ/ /アイ/サ/レ/テ/ /イ/マ/ス/。
焼き ビーフンも 美味しいですね。ビーフンは、米粉から 作られた 細い 麺で、焼 ビーフンは、野菜や 肉と 一緒に 炒めて 作られます。焼 ビーフンは、香ばしい 風味と 豊かな 味わいが 特徴で、アジア 料理の 中でも 人気の ある 一品です。焼き ビーフンは、簡単に 作れる ことから 家庭 料理と しても よく 作られますし、レストランでも 提供 される ことが 多いです。	ヤ/キ/ /ビ/ー/フ/ン/モ/ /オ/イ/シ/イ/デ/ス/ネ/。/ビ/ー/フ/ン/ワ/、/コメ/コ/カ/ラ/ /ツク/ラ/レ/タ/ /ホソ/イ/ /メン/デ/、/ヤキ/ /ビ/ー/フ/ン/ワ/、/ヤ/サイ/ヤ/ /ニク/ト/ /イッ/ショ/ニ/ /イタ/メ/テ/ /ツク/ラ/レ/マ/ス/。/ヤキ/ /ビ/ー/フ/ン/ワ/、/コー/バ/シ/イ/ /フー/ミ/ト/ /ユタ/カ/ナ/ /アジ/ワ/イ/ガ/ /トク/チョー/デ/、/ア/ジ/ア/ /リョー/リ/ノ/ /ナカ/デ/モ/ /ニン/キ/ノ/ /ア/ル/ イッ/ピン/デ/ス/。/ヤ/キ/ /ビ/ー/フ/ン/ワ/、/カン/タン/ニ/ /ツク/レ/ル/ /コ/ト/カ/ラ/ /カ/テイ/ /リョー/リ/ト/ /シ/テ/モ/ /ヨ/ク/ /ツク/ラ/レ/マ/ス/シ/、/レ/ス/ト/ラ/ン/デ/モ/ /テイ/キョー/ /サ/レ/ル/ /コ/ト/ガ/ /オオ/イ/デ/ス/。
そばを 食べた 後には そば汁を 飲む ことが 一般的です。そば汁は、そばの 風味を 引き立てる ために 作られた 特製の つゆで、通常は 醤油や みりん、だしなどが 使われます。そば汁は、そばを 食べた 後に 飲む ことで、口の 中を さっぱりと させる 効果が あります。また、そば汁には 栄養も 含まれて おり、健康にも 良いと されて います。	ソ/バ/ヲ/ /タ/ベ/タ/ /アト/ニ/ワ/ /ソ/バ/ジル/ヲ/ /ノ/ム/ /コ/ト/ガ/ /イッ/パン/テキ/デ/ス/。/ソ/バ/ジル/ワ/、/ソ/バ/ノ/ /フー/ミ/ヲ/ /ヒ/キ/タ/テ/ル/ /タ/メ/ニ/ /ツク/ラ/レ/タ/ /トク/セイ/ノ/ /ツ/ユ/デ/、/ツー/ジョー/ワ/ /ショー/ユ/ヤ/ /ミ/リ/ン/、/ダ/シ/ナ/ド/ガ/ /ツカ/ワ/レ/マ/ス/。/ソ/バ/ジル/ワ/、/ソ/バ/ヲ/ /タ/ベ/タ/ /アト/ニ/ /ノ/ム/ /コ/ト/デ/、/クチ/ノ/ /ナカ/ヲ/ /サ/ッ/パ/リ/ト/ /サ/セ/ル/ /コー/カ/ガ/ /ア/リ/マ/ス/。/マ/タ/、/ソ/バ/ジル/ニ/ワ/ /エイ/ヨー/モ/ /フク/マ/レ/テ/ /オ/リ/、/ケン/コー/ニ/モ/ /ヨ/イ/ト/ /サ/レ/テ/ /イ/マ/ス/。
朝食には、パンと コーヒーだけで なく、野菜や 果物を 加える ことで 栄養 バランスが 改善 されます。特に、ビタミンや ミネラルを 豊富に 含む 野菜は、一日の エネルギー源と して 重要な 役割を 果たします。忙しい 朝でも、簡単な サラダや スムージーを 準備 する ことで、健康的な 食生活を 維持 する ことが できます。	チョー/ショク/ニ/ワ/、/パ/ン/ト/ /コ/ー/ヒ/ー/ダ/ケ/デ/ /ナ/ク/、/ヤ/サイ/ヤ/ /クダ/モノ/ヲ/ /クワ/エ/ル/ /コ/ト/デ/ /エイ/ヨー/ /バ/ラ/ン/ス/ガ/ /カイ/ゼン/ /サ/レ/マ/ス/。/トク/ニ/、/ビ/タ/ミ/ン/ヤ/ /ミ/ネ/ラ/ル/ヲ/ /ホー/フ/ニ/ /フク/ム/ /ヤ/サイ/ワ/、/１/ニチ/ノ/ /エ/ネ/ル/ギ/ー/ゲン/ト/ /シ/テ/ /ジュー/ヨー/ナ/ /ヤク/ワリ/ヲ/ /ハ/タ/シ/マ/ス/。/イソガ/シ/イ/ /アサ/デ/モ/、/カン/タン/ナ/ /サ/ラ/ダ/ヤ/ /ス/ム/ー/ジ/ー/ヲ/ /ジュン/ビ/ /ス/ル/ /コ/ト/デ/、/ケン/コー/テキ/ナ/ /ショク/セイ/カツ/ヲ/ /イ/ジ/ /ス/ル/ /コ/ト/ガ/ /デ/キ/マ/ス/。
サッカーは 世界中で 愛されて いる スポーツで あり、子どもから [大人]まで 幅広い 年齢層が 楽しんで います。チーム ワークや 戦略的 思考を 養う ことが できる ため、単なる 運動 以上の 価値が あります。週末に 友人と 集まって ボールを 蹴る ことで、運動不足の 解消だけで なく、コミュニケーションの 機会も 得られます。	サ/ッ/カ/ー/ワ/ /セ/カイ/ジュー/デ/ /アイ/サ/レ/テ/ /イ/ル/ /ス/ポ/ー/ツ/デ/ /ア/リ/、/コ/ド/モ/カ/ラ/ /オトナ/マ/デ/ /ハバ/ヒロ/イ/ /ネン/レイ/ソー/ガ/ /タノ/シ/ン/デ/ /イ/マ/ス/。/チ/ー/ム/ /ワ/ー/ク/ヤ/ /セン/リャク/テキ/ /シ/コー/ヲ/ /ヤシナ/ウ/ /コ/ト/ガ/ /デ/キ/ル/ /タ/メ/、/タン/ナ/ル/ /ウン/ドー/ /イ/ジョー/ノ/ /カ/チ/ガ/ /ア/リ/マ/ス/。/シュー/マツ/ニ/ /ユー/ジン/ト/ /アツ/マ/ッ/テ/ /ボ/ー/ル/ヲ/ /ケ/ル/ /コ/ト/デ/、/ウン/ドー/ブ/ソク/ノ/ /カイ/ショー/ダ/ケ/デ/ /ナ/ク/、/コ/ミュ/ニ/ケ/ー/ショ/ン/ノ/ /キ/カイ/モ/ /エ/ラ/レ/マ/ス/。
読書は 想像力を 豊かに し、新しい 知識や 視点を 提供 して くれる 素晴らしい 習慣です。小説を 読む ことで、登場 人物の 心情や 物語の 世界に 没入 し、日常とは 異なる 体験を 味わう ことが できます。また、専門書や ビジネス書を 読む ことで、仕事や キャリアに 役立つ スキルを 身に つける ことも 可能です。	ドク/ショ/ワ/ /ソー/ゾー/リョク/ヲ/ /ユタ/カ/ニ/ /シ/、/アタラ/シ/イ/ /チ/シキ/ヤ/ /シ/テン/ヲ/ /テイ/キョー/ /シ/テ/ /ク/レ/ル/ /ス/バ/ラ/シ/イ/ /シュー/カン/デ/ス/。/ショー/セツ/ヲ/ /ヨ/ム/ /コ/ト/デ/、/トー/ジョー/ /ジン/ブツ/ノ/ /シン/ジョー/ヤ/ /モノ/ガタリ/ノ/ /セ/カイ/ニ/ /ボツ/ニュー/ /シ/、/ニチ/ジョー/ト/ワ/ /コト/ナ/ル/ /タイ/ケン/ヲ/ /アジ/ワ/ウ/ /コ/ト/ガ/ /デ/キ/マ/ス/。/マ/タ/、/セン/モン/ショ/ヤ/ /ビ/ジ/ネ/ス/ショ/ヲ/ /ヨ/ム/ /コ/ト/デ/、/シ/ゴト/ヤ/ /キャ/リ/ア/ニ/ /ヤク/ダ/ツ/ /ス/キ/ル/ヲ/ /ミ/ニ/ /ツ/ケ/ル/ /コ/ト/モ/ /カ/ノー/デ/ス/。
春の 桜が 咲く 季節には、多くの 人々が 花見に 出かけます。桜の 花びらが 風に 舞う 光景は、日本の 春の 風物詩と して 親しまれて います。公園や 川沿いで お弁当を 広げて、家族や 友人と 楽しい 時間を 過ごす ことは、日本の 伝統的な 文化の 一つです。短い 開花 期間を 楽しむ ために、毎年 多くの 人が 訪れます。	ハル/ノ/ /サクラ/ガ/ /サ/ク/ /キ/セツ/ニ/ワ/、/オオ/ク/ノ/ /ヒト/ビト/ガ/ /ハナ/ミ/ニ/ /デ/カ/ケ/マ/ス/。/サクラ/ノ/ /ハナ/ビ/ラ/ガ/ /カゼ/ニ/ /マ/ウ/ /コー/ケイ/ワ/、/ニ/ホン/ノ/ /ハル/ノ/ /フー/ブツ/シ/ト/ /シ/テ/ /シタ/シ/マ/レ/テ/ /イ/マ/ス/。/コー/エン/ヤ/ /カワ/ゾ/イ/デ/ /オ/ベン/トー/ヲ/ /ヒロ/ゲ/テ/、/カ/ゾク/ヤ/ /ユー/ジン/ト/ /タノ/シ/イ/ /ジ/カン/ヲ/ /ス/ゴ/ス/ /コ/ト/ワ/、/ニ/ホン/ノ/ /デン/トー/テキ/ナ/ /ブン/カ/ノ/ /ヒト/ツ/デ/ス/。/ミジカ/イ/ /カイ/カ/ /キ/カン/ヲ/ /タノ/シ/ム/ /タ/メ/ニ/、/マイ/トシ/ /オオ/ク/ノ/ /ヒト/ガ/ /オトズ/レ/マ/ス/。
最近の スマートフォンは、高性能な カメラや 音声 機能を 搭載 して おり、日常 生活に 欠かせない ツールと なって います。写真 撮影だけで なく、ビデオ 通話や 決済、健康 管理など、さまざまな 用途で 活用 されて います。しかし、使いすぎには 注意が 必要で、適度な 休憩を 取りながら 利用 する ことが 推奨 されます。	サイ/キン/ノ/ /ス/マ/ー/ト/フォ/ン/ワ/、/コー/セイ/ノー/ナ/ /カ/メ/ラ/ヤ/ /オン/セイ/ /キ/ノー/ヲ/ /トー/サイ/ /シ/テ/ /オ/リ/、/ニチ/ジョー/ /セイ/カツ/ニ/ /カ/カ/セ/ナ/イ/ /ツ/ー/ル/ト/ /ナ/ッ/テ/ /イ/マ/ス/。/シャ/シン/ /サツ/エイ/ダ/ケ/デ/ /ナ/ク/、/ビ/デ/オ/ /ツー/ワ/ヤ/ /ケッ/サイ/、/ケン/コー/ /カン/リ/ナ/ド/、/サ/マ/ザ/マ/ナ/ /ヨー/ト/デ/ /カツ/ヨー/ /サ/レ/テ/ /イ/マ/ス/。/シ/カ/シ/、/ツカ/イ/ス/ギ/ニ/ワ/ /チュー/イ/ガ/ /ヒツ/ヨー/デ/、/テキ/ド/ナ/ /キュー/ケイ/ヲ/ /ト/リ/ナ/ガ/ラ/ /リ/ヨー/ /ス/ル/ /コ/ト/ガ/ /スイ/ショー/ /サ/レ/マ/ス/。
犬や 猫などの ペットは、飼い主に 癒しと 喜びを 与えて くれる 大切な 家族の 一員です。毎日の 散歩や 遊びを 通じて、ペットとの 絆が 深まります。ただし、ペットを 飼うには 責任が 伴い、適切な 食事や 健康 管理、定期的な 獣医師の 診察が 必要です。飼う 前に 十分な 準備と 覚悟が 求められます。	イヌ/ヤ/ /ネコ/ナ/ド/ノ/ /ペ/ッ/ト/ワ/、/カ/イ/ヌシ/ニ/ /イヤ/シ/ト/ /ヨロコ/ビ/ヲ/ /アタ/エ/テ/ /ク/レ/ル/ /タイ/セツ/ナ/ /カ/ゾク/ノ/ /イチ/イン/デ/ス/。/マイ/ニチ/ノ/ /サン/ポ/ヤ/ /アソ/ビ/ヲ/ /ツー/ジ/テ/、/ペ/ッ/ト/ト/ノ/ /キズナ/ガ/ /フカ/マ/リ/マ/ス/。/タ/ダ/シ/、/ペ/ッ/ト/ヲ/ /カ/ウ/ニ/ワ/ /セキ/ニン/ガ/ /トモナ/イ/、/テキ/セツ/ナ/ /ショク/ジ/ヤ/ /ケン/コー/ /カン/リ/、/テイ/キ/テキ/ナ/ /ジュー/イ/シ/ノ/ /シン/サツ/ガ/ /ヒツ/ヨー/デ/ス/。/カ/ウ/ /マエ/ニ/ /ジュー/ブン/ナ/ /ジュン/ビ/ト/ /カク/ゴ/ガ/ /モト/メ/ラ/レ/マ/ス/。
登山は 自然と 触れ合いながら、心身 ともに リフレッシュ できる 趣味と して 人気が あります。山頂から 見下ろす 景色は、苦労 して 登った 者だけが 味わえる 特別な 感動です。ただし、天候の 変化や 体力の 消耗に 注意 し、適切な 装備と 計画を 立てる ことが 安全な 登山には 不可欠です。初心者は 経験者と 一緒に 登る ことを おすすめ します。	ト/ザン/ワ/ /シ/ゼン/ト/ /フ/レ/ア/イ/ナ/ガ/ラ/、/シン/シン/ /ト/モ/ニ/ /リ/フ/レ/ッ/シュ/ /デ/キ/ル/ /シュ/ミ/ト/ /シ/テ/ /ニン/キ/ガ/ /ア/リ/マ/ス/。/サン/チョー/カ/ラ/ /ミ/オ/ロ/ス/ /ケ/シキ/ワ/、/ク/ロー/ /シ/テ/ /ノボ/ッ/タ/ /モノ/ダ/ケ/ガ/ /アジ/ワ/エ/ル/ /トク/ベツ/ナ/ /カン/ドー/デ/ス/。/タ/ダ/シ/、/テン/コー/ノ/ /ヘン/カ/ヤ/ /タイ/リョク/ノ/ /ショー/モー/ニ/ /チュー/イ/ /シ/、/テキ/セツ/ナ/ /ソー/ビ/ト/ /ケイ/カク/ヲ/ /タ/テ/ル/ /コ/ト/ガ/ /アン/ゼン/ナ/ /ト/ザン/ニ/ワ/ /フ/カ/ケツ/デ/ス/。/ショ/シン/シャ/ワ/ /ケイ/ケン/シャ/ト/ /イッ/ショ/ニ/ /ノボ/ル/ /コ/ト/ヲ/ /オ/ス/ス/メ/ /シ/マ/ス/。
定期的な 運動は、心臓病や 糖尿病などの 生活 習慣病を 予防 する 効果が あります。ウォーキングや ジョギング、水泳など、自分に 合った 運動を 続ける ことが 重要です。無理を せず、徐々に 運動量を 増やして いく ことで、長期的な 健康 維持が 可能に なります。運動後の ストレッチも 忘れずに 行いましょう。	テイ/キ/テキ/ナ/ /ウン/ドー/ワ/、/シン/ゾー/ビョー/ヤ/ /トー/ニョー/ビョー/ナ/ド/ノ/ /セイ/カツ/ /シュー/カン/ビョー/ヲ/ /ヨ/ボー/ /ス/ル/ /コー/カ/ガ/ /ア/リ/マ/ス/。/ウォ/ー/キ/ン/グ/ヤ/ /ジョ/ギ/ン/グ/、/スイ/エイ/ナ/ド/、/ジ/ブン/ニ/ /ア/ッ/タ/ /ウン/ドー/ヲ/ /ツヅ/ケ/ル/ /コ/ト/ガ/ /ジュー/ヨー/デ/ス/。/ム/リ/ヲ/ /セ/ズ/、/ジョ/ジョ/ニ/ /ウン/ドー/リョー/ヲ/ /フ/ヤ/シ/テ/ /イ/ク/ /コ/ト/デ/、/チョー/キ/テキ/ナ/ /ケン/コー/ /イ/ジ/ガ/ /カ/ノー/ニ/ /ナ/リ/マ/ス/。/ウン/ドー/ゴ/ノ/ /ス/ト/レ/ッ/チ/モ/ /ワス/レ/ズ/ニ/ /オコナ/イ/マ/ショ/ー/。
電車や バスなどの 公共 交通 機関を 利用 する ことで、環境 負荷を 減らす ことが できます。自家用車に 比べて 一人当たりの 二酸化 炭素 排出量が 少ない ため、地球 温暖化 対策にも 貢献 します。また、通勤 時間を 読書や 音楽 鑑賞に 充てる ことで、有意義な 時間と して 活用 する ことも できます。時刻表を 確認 して 計画的に 移動 しましょう。	デン/シャ/ヤ/ /バ/ス/ナ/ド/ノ/ /コー/キョー/ /コー/ツー/ /キ/カン/ヲ/ /リ/ヨー/ /ス/ル/ /コ/ト/デ/、/カン/キョー/ /フ/カ/ヲ/ /ヘ/ラ/ス/ /コ/ト/ガ/ /デ/キ/マ/ス/。/ジ/カ/ヨー/シャ/ニ/ /クラ/ベ/テ/ /ヒト/リ/ア/タ/リ/ノ/ /２/サン/カ/ /タン/ソ/ /ハイ/シュツ/リョー/ガ/ /スク/ナ/イ/ /タ/メ/、/チ/キュー/ /オン/ダン/カ/ /タイ/サク/ニ/モ/ /コー/ケン/ /シ/マ/ス/。/マ/タ/、/ツー/キン/ /ジ/カン/ヲ/ /ドク/ショ/ヤ/ /オン/ガク/ /カン/ショー/ニ/ /ア/テ/ル/ /コ/ト/デ/、/ユー/イ/ギ/ナ/ /ジ/カン/ト/ /シ/テ/ /カツ/ヨー/ /ス/ル/ /コ/ト/モ/ /デ/キ/マ/ス/。/ジ/コク/ヒョー/ヲ/ /カク/ニン/ /シ/テ/ /ケイ/カク/テキ/ニ/ /イ/ドー/ /シ/マ/ショ/ー/。
料理は 創造性を 発揮 できる 楽しい 活動で あり、自分の 好みに 合わせて 味付けを 調整 できるのが 魅力です。新しい レシピに 挑戦 する ことで、料理の スキルが 向上 し、食事の 楽しみが 広がります。また、家族や 友人に 手料理を 振る舞う ことで、喜んで もらえる 達成感を 味わう ことが できます。失敗を 恐れずに 挑戦 して みましょう。	リョー/リ/ワ/ /ソー/ゾー/セイ/ヲ/ /ハッ/キ/ /デ/キ/ル/ /タノ/シ/イ/ /カツ/ドー/デ/ /ア/リ/、/ジ/ブン/ノ/ /コノ/ミ/ニ/ /ア/ワ/セ/テ/ /アジ/ツ/ケ/ヲ/ /チョー/セイ/ /デ/キ/ル/ノ/ガ/ /ミ/リョク/デ/ス/。/アタラ/シ/イ/ /レ/シ/ピ/ニ/ /チョー/セン/ /ス/ル/ /コ/ト/デ/、/リョー/リ/ノ/ /ス/キ/ル/ガ/ /コー/ジョー/ /シ/、/ショク/ジ/ノ/ /タノ/シ/ミ/ガ/ /ヒロ/ガ/リ/マ/ス/。/マ/タ/、/カ/ゾク/ヤ/ /ユー/ジン/ニ/ /テ/リョー/リ/ヲ/ /フ/ル/マ/ウ/ /コ/ト/デ/、/ヨロコ/ン/デ/ /モ/ラ/エ/ル/ /タッ/セイ/カン/ヲ/ /アジ/ワ/ウ/ /コ/ト/ガ/ /デ/キ/マ/ス/。/シッ/パイ/ヲ/ /オソ/レ/ズ/ニ/ /チョー/セン/ /シ/テ/ /ミ/マ/ショ/ー/。
図書館は 知識の 宝庫で あり、無料で 多くの 書籍や 雑誌を 利用 できる 貴重な 施設です。静かな 環境で 集中 して 勉強や 読書が できる ため、学生や 研究者だけで なく、一般の 人々にも 広く 利用 されて います。最近では 電子 書籍の 貸し出し サービスも 充実 して おり、自宅からでも アクセス できるように なって います。	ト/ショ/カン/ワ/ /チ/シキ/ノ/ /ホー/コ/デ/ /ア/リ/、/ム/リョー/デ/ /オオ/ク/ノ/ /ショ/セキ/ヤ/ /ザッ/シ/ヲ/ /リ/ヨー/ /デ/キ/ル/ /キ/チョー/ナ/ /シ/セツ/デ/ス/。/シズ/カ/ナ/ /カン/キョー/デ/ /シュー/チュー/ /シ/テ/ /ベン/キョー/ヤ/ /ドク/ショ/ガ/ /デ/キ/ル/ /タ/メ/、/ガク/セイ/ヤ/ /ケン/キュー/シャ/ダ/ケ/デ/ /ナ/ク/、/イッ/パン/ノ/ /ヒト/ビト/ニ/モ/ /ヒロ/ク/ /リ/ヨー/ /サ/レ/テ/ /イ/マ/ス/。/サイ/キン/デ/ワ/ /デン/シ/ /ショ/セキ/ノ/ /カ/シ/ダ/シ/ /サ/ー/ビ/ス/モ/ /ジュー/ジツ/ /シ/テ/ /オ/リ/、/ジ/タク/カ/ラ/デ/モ/ /ア/ク/セ/ス/ /デ/キ/ル/ヨ/ー/ニ/ /ナ/ッ/テ/ /イ/マ/ス/。
夏の 海水浴は、暑さを 忘れて 涼を 取る ことが できる 定番の レジャーです。波打ち際で 遊んだり、浮き輪で 浮かんだり する ことで、子どもから 大人まで 楽しめます。ただし、日焼けや 熱中症には 十分 注意が 必要で、こまめな 水分 補給と 日焼け止めの 使用が 推奨 されます。また、遊泳 禁止 区域には 絶対に 入らないように しましょう。	ナツ/ノ/ /カイ/スイ/ヨク/ワ/、/アツ/サ/ヲ/ /ワス/レ/テ/ /リョー/ヲ/ /ト/ル/ /コ/ト/ガ/ /デ/キ/ル/ /テイ/バン/ノ/ /レ/ジャ/ー/デ/ス/。/ナミ/ウ/チ/ギワ/デ/ /アソ/ン/ダ/リ/、/ウ/キ/ワ/デ/ /ウ/カ/ン/ダ/リ/ /ス/ル/ /コ/ト/デ/、/コ/ド/モ/カ/ラ/ /オト/ナ/マ/デ/ /タノ/シ/メ/マ/ス/。/タ/ダ/シ/、/ヒ/ヤ/ケ/ヤ/ /ネッ/チュー/ショー/ニ/ワ/ /ジュー/ブン/ /チュー/イ/ガ/ /ヒツ/ヨー/デ/、/コ/マ/メ/ナ/ /スイ/ブン/ /ホ/キュー/ト/ /ヒ/ヤ/ケ/ド/メ/ノ/ /シ/ヨー/ガ/ /スイ/ショー/ /サ/レ/マ/ス/。/マ/タ/、/ユー/エイ/ /キン/シ/ /ク/イキ/ニ/ワ/ /ゼッ/タイ/ニ/ /ハイ/ラ/ナ/イ/ヨ/ー/ニ/ /シ/マ/ショ/ー/。
音楽は 心を 豊かに し、感情を 表現 する 手段と して 古くから 親しまれて います。クラシック、ジャズ、ロック、ポップスなど、ジャンルは 多岐に わたり、それぞれに 独自の 魅力が あります。楽器を 演奏 したり、歌を 歌ったり する ことで、ストレス 解消や 自己 表現の 機会を 得る ことが できます。音楽は 言葉を 超えて 人々を つなぎます。	オン/ガク/ワ/ /ココロ/ヲ/ /ユタ/カ/ニ/ /シ/、/カン/ジョー/ヲ/ /ヒョー/ゲン/ /ス/ル/ /シュ/ダン/ト/ /シ/テ/ /フル/ク/カ/ラ/ /シタ/シ/マ/レ/テ/ /イ/マ/ス/。/ク/ラ/シ/ッ/ク/、/ジャ/ズ/、/ロ/ッ/ク/、/ポ/ッ/プ/ス/ナ/ド/、/ジャ/ン/ル/ワ/ /タ/キ/ニ/ /ワ/タ/リ/、/ソ/レ/ゾ/レ/ニ/ /ドク/ジ/ノ/ /ミ/リョク/ガ/ /ア/リ/マ/ス/。/ガッ/キ/ヲ/ /エン/ソー/ /シ/タ/リ/、/ウタ/ヲ/ /ウタ/ッ/タ/リ/ /ス/ル/ /コ/ト/デ/、/ス/ト/レ/ス/ /カイ/ショー/ヤ/ /ジ/コ/ /ヒョー/ゲン/ノ/ /キ/カイ/ヲ/ /エ/ル/ /コ/ト/ガ/ /デ/キ/マ/ス/。/オン/ガク/ワ/ /コト/バ/ヲ/ /コ/エ/テ/ /ヒト/ビト/ヲ/ /ツ/ナ/ギ/マ/ス/。
睡眠は 健康 維持に 欠かせない 要素で あり、十分な 睡眠 時間を 確保 する ことが 大切です。睡眠不足は 集中力の 低下や 免疫力の 低下を 引き起こし、長期的には 様々な 健康 問題に つながります。質の 良い 睡眠を 得る ためには、寝る 前の スマートフォンの 使用を 控え、リラックス できる 環境を 整える ことが 重要です。	スイ/ミン/ワ/ /ケン/コー/ /イ/ジ/ニ/ /カ/カ/セ/ナ/イ/ /ヨー/ソ/デ/ /ア/リ/、/ジュー/ブン/ナ/ /スイ/ミン/ /ジ/カン/ヲ/ /カク/ホ/ /ス/ル/ /コ/ト/ガ/ /タイ/セツ/デ/ス/。/スイ/ミン/ブ/ソク/ワ/ /シュー/チュー/リョク/ノ/ /テイ/カ/ヤ/ /メン/エキ/リョク/ノ/ /テイ/カ/ヲ/ /ヒ/キ/オ/コ/シ/、/チョー/キ/テキ/ニ/ワ/ /サマ/ザマ/ナ/ /ケン/コー/ /モン/ダイ/ニ/ /ツ/ナ/ガ/リ/マ/ス/。/シツ/ノ/ /ヨ/イ/ /スイ/ミン/ヲ/ /エ/ル/ /タ/メ/ニ/ワ/、/ネ/ル/ /マエ/ノ/ /ス/マ/ー/ト/フォ/ン/ノ/ /シ/ヨー/ヲ/ /ヒカ/エ/、/リ/ラ/ッ/ク/ス/ /デ/キ/ル/ /カン/キョー/ヲ/ /トトノ/エ/ル/ /コ/ト/ガ/ /ジュー/ヨー/デ/ス/。
写真 撮影は、日常の 瞬間を 記録 し、思い出と して 残す ことが できる 素晴らしい 趣味です。最近の スマートフォン カメラは 高性能で、誰でも 簡単に 美しい 写真を 撮る ことが できます。構図や 光の 使い方を 工夫 する ことで、同じ 風景でも 全く 異なる 印象の 写真に なります。撮影 した 写真を 見返す ことで、その 時の 感情が 蘇ります。	シャ/シン/ /サツ/エイ/ワ/、/ニチ/ジョー/ノ/ /シュン/カン/ヲ/ /キ/ロク/ /シ/、/オモ/イ/デ/ト/ /シ/テ/ /ノコ/ス/ /コ/ト/ガ/ /デ/キ/ル/ /ス/バ/ラ/シ/イ/ /シュ/ミ/デ/ス/。/サイ/キン/ノ/ /ス/マ/ー/ト/フォ/ン/ /カ/メ/ラ/ワ/ /コー/セイ/ノー/デ/、/ダレ/デ/モ/ /カン/タン/ニ/ /ウツク/シ/イ/ /シャ/シン/ヲ/ /ト/ル/ /コ/ト/ガ/ /デ/キ/マ/ス/。/コー/ズ/ヤ/ /ヒカリ/ノ/ /ツカ/イ/カタ/ヲ/ /ク/フー/ /ス/ル/ /コ/ト/デ/、/オナ/ジ/ /フー/ケイ/デ/モ/ /マッタ/ク/ /コト/ナ/ル/ /イン/ショー/ノ/ /シャ/シン/ニ/ /ナ/リ/マ/ス/。/サツ/エイ/ /シ/タ/ /シャ/シン/ヲ/ /ミ/カエ/ス/ /コ/ト/デ/、/ソ/ノ/ /トキ/ノ/ /カン/ジョー/ガ/ /ヨミガエ/リ/マ/ス/。
ガーデニングは、植物を 育てる 喜びと 自然との 触れ合いを 楽しめる 趣味です。花や 野菜を 育てる ことで、季節の 移り変わりを 肌で 感じる ことが できます。土に 触れる ことは ストレス 解消にも なり、収穫の 喜びは 格別です。初心者でも 育てやすい 植物から 始めて、徐々に 難易度を 上げて いくと 良いでしょう。	ガ/ー/デ/ニ/ン/グ/ワ/、/ショク/ブツ/ヲ/ /ソダ/テ/ル/ /ヨロコ/ビ/ト/ /シ/ゼン/ト/ノ/ /フ/レ/ア/イ/ヲ/ /タノ/シ/メ/ル/ /シュ/ミ/デ/ス/。/ハナ/ヤ/ /ヤ/サイ/ヲ/ /ソダ/テ/ル/ /コ/ト/デ/、/キ/セツ/ノ/ /ウツ/リ/カ/ワ/リ/ヲ/ /ハダ/デ/ /カン/ジ/ル/ /コ/ト/ガ/ /デ/キ/マ/ス/。/ツチ/ニ/ /フ/レ/ル/ /コ/ト/ワ/ /ス/ト/レ/ス/ /カイ/ショー/ニ/モ/ /ナ/リ/、/シュー/カク/ノ/ /ヨロコ/ビ/ワ/ /カク/ベツ/デ/ス/。/ショ/シン/シャ/デ/モ/ /ソダ/テ/ヤ/ス/イ/ /ショク/ブツ/カ/ラ/ /ハジ/メ/テ/、/ジョ/ジョ/ニ/ /ナン/イ/ド/ヲ/ /ア/ゲ/テ/ /イ/ク/ト/ /ヨ/イ/デ/ショ/ー/。
博物館や 美術館を 訪れる ことで、歴史や 芸術に 触れ、新しい 発見や 感動を 得る ことが できます。展示物を 通じて 過去の 文化や 技術を 学ぶ ことは、現代 社会を 理解 する 上でも 役立ちます。特別展や 企画展では、普段 見る ことの できない 貴重な 作品が 公開 される ことも あり、訪れる 価値が あります。静かに 鑑賞 する 時間は 心を 落ち着かせます。	ハク/ブツ/カン/ヤ/ /ビ/ジュツ/カン/ヲ/ /オトズ/レ/ル/ /コ/ト/デ/、/レキ/シ/ヤ/ /ゲイ/ジュツ/ニ/ /フ/レ/、/アタラ/シ/イ/ /ハッ/ケン/ヤ/ /カン/ドー/ヲ/ /エ/ル/ /コ/ト/ガ/ /デ/キ/マ/ス/。/テン/ジ/ブツ/ヲ/ /ツー/ジ/テ/ /カ/コ/ノ/ /ブン/カ/ヤ/ /ギ/ジュツ/ヲ/ /マナ/ブ/ /コ/ト/ワ/、/ゲン/ダイ/ /シャ/カイ/ヲ/ /リ/カイ/ /ス/ル/ /ウエ/デ/モ/ /ヤク/ダ/チ/マ/ス/。/トク/ベツ/テン/ヤ/ /キ/カク/テン/デ/ワ/、/フ/ダン/ /ミ/ル/ /コ/ト/ノ/ /デ/キ/ナ/イ/ /キ/チョー/ナ/ /サク/ヒン/ガ/ /コー/カイ/ /サ/レ/ル/ /コ/ト/モ/ /ア/リ/、/オトズ/レ/ル/ /カ/チ/ガ/ /ア/リ/マ/ス/。/シズ/カ/ニ/ /カン/ショー/ /ス/ル/ /ジ/カン/ワ/ /ココロ/ヲ/ /オ/チ/ツ/カ/セ/マ/ス/。
自転車は 環境に 優しく、健康にも 良い 移動 手段です。車と 違って 燃料を 必要と せず、運動にも なる ため、日常的に 利用 する ことで 体力の 向上が 期待 できます。通勤や 買い物に 自転車を 使う ことで、渋滞を 避けて スムーズに 移動 できます。ただし、交通 ルールを 守り、安全 運転を 心がける ことが 重要です。	ジ/テン/シャ/ワ/ /カン/キョー/ニ/ /ヤサ/シ/ク/、/ケン/コー/ニ/モ/ /ヨ/イ/ /イ/ドー/ /シュ/ダン/デ/ス/。/クルマ/ト/ /チガ/ッ/テ/ /ネン/リョー/ヲ/ /ヒツ/ヨー/ト/ /セ/ズ/、/ウン/ドー/ニ/モ/ /ナ/ル/ /タ/メ/、/ニチ/ジョー/テキ/ニ/ /リ/ヨー/ /ス/ル/ /コ/ト/デ/ /タイ/リョク/ノ/ /コー/ジョー/ガ/ /キ/タイ/ /デ/キ/マ/ス/。/ツー/キン/ヤ/ /カ/イ/モノ/ニ/ /ジ/テン/シャ/ヲ/ /ツカ/ウ/ /コ/ト/デ/、/ジュー/タイ/ヲ/ /サ/ケ/テ/ /ス/ム/ー/ズ/ニ/ /イ/ドー/ /デ/キ/マ/ス/。/タ/ダ/シ/、/コー/ツー/ /ル/ー/ル/ヲ/ /マモ/リ/、/アン/ゼン/ /ウン/テン/ヲ/ /ココロ/ガ/ケ/ル/ /コ/ト/ガ/ /ジュー/ヨー/デ/ス/。
映画は 物語を 視覚と 音で 楽しむ エンターテイメントで あり、様々な ジャンルの 作品が 制作 されて います。感動的な ドラマ、スリル 満点の アクション、笑いを 誘う コメディなど、気分に 合わせて 選ぶ ことが できます。映画館で 大画面で 鑑賞 するのも 良いですし、自宅で ゆっくり 観るのも 楽しみ方の 一つです。良い 映画は 人生に 影響を 与えます。	エイ/ガ/ワ/ /モノ/ガタリ/ヲ/ /シ/カク/ト/ /オト/デ/ /タノ/シ/ム/ /エ/ン/タ/ー/テ/イ/メ/ン/ト/デ/ /ア/リ/、/サマ/ザマ/ナ/ /ジャ/ン/ル/ノ/ /サク/ヒン/ガ/ /セイ/サク/ /サ/レ/テ/ /イ/マ/ス/。/カン/ドー/テキ/ナ/ /ド/ラ/マ/、/ス/リ/ル/ /マン/テン/ノ/ /ア/ク/ショ/ン/、/ワラ/イ/ヲ/ /サソ/ウ/ /コ/メ/ディ/ナ/ド/、/キ/ブン/ニ/ /ア/ワ/セ/テ/ /エラ/ブ/ /コ/ト/ガ/ /デ/キ/マ/ス/。/エイ/ガ/カン/デ/ /ダイ/ガ/メン/デ/ /カン/ショー/ /ス/ル/ノ/モ/ /ヨ/イ/デ/ス/シ/、/ジ/タク/デ/ /ユ/ッ/ク/リ/ /ミ/ル/ノ/モ/ /タノ/シ/ミ/カタ/ノ/ /ヒト/ツ/デ/ス/。/ヨ/イ/ /エイ/ガ/ワ/ /ジン/セイ/ニ/ /エイ/キョー/ヲ/ /アタ/エ/マ/ス/。
ヨガは 心と 体の バランスを 整える 運動と して、世界中で 人気が あります。柔軟性を 高め、筋力を 鍛えるだけで なく、呼吸法や 瞑想を 通じて 精神的な リラックス 効果も 得られます。初心者でも 無理 なく 始められる ポーズから 始めて、徐々に レベル アップ して いく ことが できます。継続 する ことで、姿勢の 改善や 集中力の 向上が 期待 できます。	ヨ/ガ/ワ/ /ココロ/ト/ /カラダ/ノ/ /バ/ラ/ン/ス/ヲ/ /トトノ/エ/ル/ /ウン/ドー/ト/ /シ/テ/、/セ/カイ/ジュー/デ/ /ニン/キ/ガ/ /ア/リ/マ/ス/。/ジュー/ナン/セイ/ヲ/ /タカ/メ/、/キン/リョク/ヲ/ /キタ/エ/ル/ダ/ケ/デ/ /ナ/ク/、/コ/キュー/ホー/ヤ/ /メイ/ソー/ヲ/ /ツー/ジ/テ/ /セイ/シン/テキ/ナ/ /リ/ラ/ッ/ク/ス/ /コー/カ/モ/ /エ/ラ/レ/マ/ス/。/ショ/シン/シャ/デ/モ/ /ム/リ/ /ナ/ク/ /ハジ/メ/ラ/レ/ル/ /ポ/ー/ズ/カ/ラ/ /ハジ/メ/テ/、/ジョ/ジョ/ニ/ /レ/ベ/ル/ /ア/ッ/プ/ /シ/テ/ /イ/ク/ /コ/ト/ガ/ /デ/キ/マ/ス/。/ケイ/ゾク/ /ス/ル/ /コ/ト/デ/、/シ/セイ/ノ/ /カイ/ゼン/ヤ/ /シュー/チュー/リョク/ノ/ /コー/ジョー/ガ/ /キ/タイ/ /デ/キ/マ/ス/。
天気 予報は 日常 生活に 欠かせない 情報源で あり、外出の 計画や 服装の 選択に 役立ちます。最近の 予報 技術は 精度が 向上 して おり、数日 先の 天候も かなり 正確に 予測 できるように なって います。雨や 雪、台風などの 警報にも 注意を 払い、安全な 行動を 心がける ことが 大切です。スマートフォン アプリで 簡単に 確認 できます。	テン/キ/ /ヨ/ホー/ワ/ /ニチ/ジョー/ /セイ/カツ/ニ/ /カ/カ/セ/ナ/イ/ /ジョー/ホー/ゲン/デ/ /ア/リ/、/ガイ/シュツ/ノ/ /ケイ/カク/ヤ/ /フク/ソー/ノ/ /セン/タク/ニ/ /ヤク/ダ/チ/マ/ス/。/サイ/キン/ノ/ /ヨ/ホー/ /ギ/ジュツ/ワ/ /セイ/ド/ガ/ /コー/ジョー/ /シ/テ/ /オ/リ/、/スー/ジツ/ /サキ/ノ/ /テン/コー/モ/ /カ/ナ/リ/ /セイ/カク/ニ/ /ヨ/ソク/ /デ/キ/ル/ヨ/ー/ニ/ /ナ/ッ/テ/ /イ/マ/ス/。/アメ/ヤ/ /ユキ/、/タイ/フー/ナ/ド/ノ/ /ケイ/ホー/ニ/モ/ /チュー/イ/ヲ/ /ハラ/イ/、/アン/ゼン/ナ/ /コー/ドー/ヲ/ /ココロ/ガ/ケ/ル/ /コ/ト/ガ/ /タイ/セツ/デ/ス/。/ス/マ/ー/ト/フォ/ン/ /ア/プ/リ/デ/ /カン/タン/ニ/ /カク/ニン/ /デ/キ/マ/ス/。
温泉は 日本の 伝統的な 癒しの 場で あり、疲れた 体を 温めて リラックス する ことが できます。温泉に 含まれる ミネラル 成分は、肌や 健康に 良いと されて います。露天風呂では、自然の 景色を 眺めながら 入浴 できる ため、より 一層の 開放感を 味わえます。温泉地を 訪れて、地元の 料理や 文化も 一緒に 楽しむのが おすすめです。	オン/セン/ワ/ /ニ/ホン/ノ/ /デン/トー/テキ/ナ/ /イヤ/シ/ノ/ /バ/デ/ /ア/リ/、/ツカ/レ/タ/ /カラダ/ヲ/ /アタタ/メ/テ/ /リ/ラ/ッ/ク/ス/ /ス/ル/ /コ/ト/ガ/ /デ/キ/マ/ス/。/オン/セン/ニ/ /フク/マ/レ/ル/ /ミ/ネ/ラ/ル/ /セイ/ブン/ワ/、/ハダ/ヤ/ /ケン/コー/ニ/ /ヨ/イ/ト/ /サ/レ/テ/ /イ/マ/ス/。/ロ/テン/ブ/ロ/デ/ワ/、/シ/ゼン/ノ/ /ケ/シキ/ヲ/ /ナガ/メ/ナ/ガ/ラ/ /ニュー/ヨク/ /デ/キ/ル/ /タ/メ/、/ヨ/リ/ /イッ/ソー/ノ/ /カイ/ホー/カン/ヲ/ /アジ/ワ/エ/マ/ス/。/オン/セン/チ/ヲ/ /オトズ/レ/テ/、/ジ/モト/ノ/ /リョー/リ/ヤ/ /ブン/カ/モ/ /イッ/ショ/ニ/ /タノ/シ/ム/ノ/ガ/ /オ/ス/ス/メ/デ/ス/。
星空 観察は、都会の 喧騒を 離れて 宇宙の 神秘に 触れる ことが できる 魅力的な 活動です。晴れた 夜に 空を 見上げると、無数の 星が 輝いて います。流れ星を 見つけた ときの 感動は 格別です。天体 望遠鏡を 使えば、月の クレーターや 木星の 縞模様なども 観察 できます。星座の 物語を 知ると、観察が より 楽しく なります。	ホシ/ゾラ/ /カン/サツ/ワ/、/ト/カイ/ノ/ /ケン/ソー/ヲ/ /ハナ/レ/テ/ /ウ/チュー/ノ/ /シン/ピ/ニ/ /フ/レ/ル/ /コ/ト/ガ/ /デ/キ/ル/ /ミ/リョク/テキ/ナ/ /カツ/ドー/デ/ス/。/ハ/レ/タ/ /ヨル/ニ/ /ソラ/ヲ/ /ミ/ア/ゲ/ル/ト/、/ム/スー/ノ/ /ホシ/ガ/ /カガヤ/イ/テ/ /イ/マ/ス/。/ナガ/レ/ボシ/ヲ/ /ミ/ツ/ケ/タ/ /ト/キ/ノ/ /カン/ドー/ワ/ /カク/ベツ/デ/ス/。/テン/タイ/ /ボー/エン/キョー/ヲ/ /ツカ/エ/バ/、/ツキ/ノ/ /ク/レ/ー/タ/ー/ヤ/ /モク/セイ/ノ/ /シマ/モ/ヨー/ナ/ド/モ/ /カン/サツ/ /デ/キ/マ/ス/。/セイ/ザ/ノ/ /モノ/ガタリ/ヲ/ /シ/ル/ト/、/カン/サツ/ガ/ /ヨ/リ/ /タノ/シ/ク/ /ナ/リ/マ/ス/。
コーヒーは 世界中で 愛される 飲み物で あり、朝の 目覚めや リフレッシュに 欠かせません。豆の 産地や 焙煎 方法に よって 風味が 大きく 異なる ため、自分好みの 味を 探すのも 楽しみの 一つです。カフェで ゆっくり コーヒーを 飲みながら 読書を する 時間は、至福の ひとときです。ただし、カフェインの 摂取量には 注意が 必要です。	コ/ー/ヒ/ー/ワ/ /セ/カイ/ジュー/デ/ /アイ/サ/レ/ル/ /ノ/ミ/モノ/デ/ /ア/リ/、/アサ/ノ/ /メ/ザ/メ/ヤ/ /リ/フ/レ/ッ/シュ/ニ/ /カ/カ/セ/マ/セ/ン/。/マメ/ノ/ /サン/チ/ヤ/ /バイ/セン/ /ホー/ホー/ニ/ /ヨ/ッ/テ/ /フー/ミ/ガ/ /オオ/キ/ク/ /コト/ナ/ル/ /タ/メ/、/ジ/ブン/ゴノ/ミ/ノ/ /アジ/ヲ/ /サガ/ス/ノ/モ/ /タノ/シ/ミ/ノ/ /ヒト/ツ/デ/ス/。/カ/フェ/デ/ /ユ/ッ/ク/リ/ /コ/ー/ヒ/ー/ヲ/ /ノ/ミ/ナ/ガ/ラ/ /ドク/ショ/ヲ/ /ス/ル/ /ジ/カン/ワ/、/シ/フク/ノ/ /ヒ/ト/ト/キ/デ/ス/。/タ/ダ/シ/、/カ/フェ/イ/ン/ノ/ /セッ/シュ/リョー/ニ/ワ/ /チュー/イ/ガ/ /ヒツ/ヨー/デ/ス/。
ボランティア 活動は、社会 貢献を しながら 人との 繋がりを 深める ことが できる 有意義な 活動です。地域の 清掃 活動や 福祉 施設での 支援など、様々な 形で 参加 できます。自分の スキルや 時間を 活かして 他者を 助ける ことで、達成感や 生きがいを 感じる ことが できます。小さな 行動でも、社会に 良い 影響を 与える ことが できます。	ボ/ラ/ン/ティ/ア/ /カツ/ドー/ワ/、/シャ/カイ/ /コー/ケン/ヲ/ /シ/ナ/ガ/ラ/ /ヒト/ト/ノ/ /ツナ/ガ/リ/ヲ/ /フカ/メ/ル/ /コ/ト/ガ/ /デ/キ/ル/ /ユー/イ/ギ/ナ/ /カツ/ドー/デ/ス/。/チ/イキ/ノ/ /セイ/ソー/ /カツ/ドー/ヤ/ /フク/シ/ /シ/セツ/デ/ノ/ /シ/エン/ナ/ド/、/サマ/ザマ/ナ/ /カタチ/デ/ /サン/カ/ /デ/キ/マ/ス/。/ジ/ブン/ノ/ /ス/キ/ル/ヤ/ /ジ/カン/ヲ/ /イ/カ/シ/テ/ /タ/シャ/ヲ/ /タス/ケ/ル/ /コ/ト/デ/、/タッ/セイ/カン/ヤ/ /イ/キ/ガ/イ/ヲ/ /カン/ジ/ル/ /コ/ト/ガ/ /デ/キ/マ/ス/。/チイ/サ/ナ/ /コー/ドー/デ/モ/、/シャ/カイ/ニ/ /ヨ/イ/ /エイ/キョー/ヲ/ /アタ/エ/ル/ /コ/ト/ガ/ /デ/キ/マ/ス/。
冬の 雪景色は、寒さを 忘れさせるほどの 美しさを 持って います。雪が 降り積もった 街や 山は、静寂に 包まれ、幻想的な 雰囲気を 醸し出します。スキーや スノーボードなどの ウィンター スポーツを 楽しむ ことも できます。ただし、寒さ 対策と 路面の 凍結には 十分 注意 する 必要が あります。雪だるまを 作るのも 楽しい 思い出に なります。	フユ/ノ/ /ユキ/ゲ/シキ/ワ/、/サム/サ/ヲ/ /ワス/レ/サ/セ/ル/ホ/ド/ノ/ /ウツク/シ/サ/ヲ/ /モ/ッ/テ/ /イ/マ/ス/。/ユキ/ガ/ /フ/リ/ツ/モ/ッ/タ/ /マチ/ヤ/ /ヤマ/ワ/、/セイ/ジャク/ニ/ /ツツ/マ/レ/、/ゲン/ソー/テキ/ナ/ /フン/イ/キ/ヲ/ /カモ/シ/ダ/シ/マ/ス/。/ス/キ/ー/ヤ/ /ス/ノ/ー/ボ/ー/ド/ナ/ド/ノ/ /ウィ/ン/タ/ー/ /ス/ポ/ー/ツ/ヲ/ /タノ/シ/ム/ /コ/ト/モ/ /デ/キ/マ/ス/。/タ/ダ/シ/、/サム/サ/ /タイ/サク/ト/ /ロ/メン/ノ/ /トー/ケツ/ニ/ワ/ /ジュー/ブン/ /チュー/イ/ /ス/ル/ /ヒツ/ヨー/ガ/ /ア/リ/マ/ス/。/ユキ/ダ/ル/マ/ヲ/ /ツク/ル/ノ/モ/ /タノ/シ/イ/ /オモ/イ/デ/ニ/ /ナ/リ/マ/ス/。
釣りは 自然の 中で 静かに 過ごす ことが できる 趣味で あり、忍耐力と 集中力を 養います。魚が かかる 瞬間の スリルは、釣り人に とって 最高の 喜びです。海釣り、川釣り、湖での 釣りなど、場所に よって 釣れる 魚の 種類も 異なります。釣った 魚を 料理 して 食べる ことで、より 一層の 満足感を 得る ことが できます。自然を 尊重 しましょう。	ツ/リ/ワ/ /シ/ゼン/ノ/ /ナカ/デ/ /シズ/カ/ニ/ /ス/ゴ/ス/ /コ/ト/ガ/ /デ/キ/ル/ /シュ/ミ/デ/ /ア/リ/、/ニン/タイ/リョク/ト/ /シュー/チュー/リョク/ヲ/ /ヤシナ/イ/マ/ス/。/サカナ/ガ/ /カ/カ/ル/ /シュン/カン/ノ/ /ス/リ/ル/ワ/、/ツ/リ/ビト/ニ/ /ト/ッ/テ/ /サイ/コー/ノ/ /ヨロコ/ビ/デ/ス/。/ウミ/ヅ/リ/、/カワ/ヅ/リ/、/ミズウミ/デ/ノ/ /ツ/リ/ナ/ド/、/バ/ショ/ニ/ /ヨ/ッ/テ/ /ツ/レ/ル/ /サカナ/ノ/ /シュ/ルイ/モ/ /コト/ナ/リ/マ/ス/。/ツ/ッ/タ/ /サカナ/ヲ/ /リョー/リ/ /シ/テ/ /タ/ベ/ル/ /コ/ト/デ/、/ヨ/リ/ /イッ/ソー/ノ/ /マン/ゾク/カン/ヲ/ /エ/ル/ /コ/ト/ガ/ /デ/キ/マ/ス/。/シ/ゼン/ヲ/ /ソン/チョー/ /シ/マ/ショ/ー/。
キャンプは 自然の 中で テントを 張り、普段とは 異なる 時間を 過ごす アウトドア 活動です。焚き火を 囲んで 食事を 作ったり、星空を 眺めたり する ことで、日常の ストレスから 解放 されます。仲間や 家族と 一緒に 過ごす ことで、絆が 深まります。装備の 準備や 設営の 手順を 学ぶ ことも、キャンプの 楽しみの 一つです。自然を 大切に しましょう。	キャ/ン/プ/ワ/ /シ/ゼン/ノ/ /ナカ/デ/ /テ/ン/ト/ヲ/ /ハ/リ/、/フ/ダン/ト/ワ/ /コト/ナ/ル/ /ジ/カン/ヲ/ /ス/ゴ/ス/ /ア/ウ/ト/ド/ア/ /カツ/ドー/デ/ス/。/タ/キ/ビ/ヲ/ /カコ/ン/デ/ /ショク/ジ/ヲ/ /ツク/ッ/タ/リ/、/ホシ/ゾラ/ヲ/ /ナガ/メ/タ/リ/ /ス/ル/ /コ/ト/デ/、/ニチ/ジョー/ノ/ /ス/ト/レ/ス/カ/ラ/ /カイ/ホー/ /サ/レ/マ/ス/。/ナカ/マ/ヤ/ /カ/ゾク/ト/ /イッ/ショ/ニ/ /ス/ゴ/ス/ /コ/ト/デ/、/キズナ/ガ/ /フカ/マ/リ/マ/ス/。/ソー/ビ/ノ/ /ジュン/ビ/ヤ/ /セツ/エイ/ノ/ /テ/ジュン/ヲ/ /マナ/ブ/ /コ/ト/モ/、/キャ/ン/プ/ノ/ /タノ/シ/ミ/ノ/ /ヒト/ツ/デ/ス/。/シ/ゼン/ヲ/ /タイ/セツ/ニ/ /シ/マ/ショ/ー/。
手紙を 書く ことは、デジタル 時代に おいても 特別な 意味を 持つ コミュニケーション 手段です。手書きの 文字には、メールや メッセージには ない 温かみが あります。大切な 人への 感謝や 思いを 綴る ことで、相手に 深い 感動を 与える ことが できます。時間を かけて 丁寧に 書いた 手紙は、受け取った 人に とって 宝物に なります。心を 込めて 書きましょう。	テ/ガミ/ヲ/ /カ/ク/ /コ/ト/ワ/、/デ/ジ/タ/ル/ /ジ/ダイ/ニ/ /オ/イ/テ/モ/ /トク/ベツ/ナ/ /イ/ミ/ヲ/ /モ/ツ/ /コ/ミュ/ニ/ケ/ー/ショ/ン/ /シュ/ダン/デ/ス/。/テ/ガ/キ/ノ/ /モ/ジ/ニ/ワ/、/メ/ー/ル/ヤ/ /メ/ッ/セ/ー/ジ/ニ/ワ/ /ナ/イ/ /アタタ/カ/ミ/ガ/ /ア/リ/マ/ス/。/タイ/セツ/ナ/ /ヒト/エ/ノ/ /カン/シャ/ヤ/ /オモ/イ/ヲ/ /ツヅ/ル/ /コ/ト/デ/、/アイ/テ/ニ/ /フカ/イ/ /カン/ドー/ヲ/ /アタ/エ/ル/ /コ/ト/ガ/ /デ/キ/マ/ス/。/ジ/カン/ヲ/ /カ/ケ/テ/ /テイ/ネイ/ニ/ /カ/イ/タ/ /テ/ガミ/ワ/、/ウ/ケ/ト/ッ/タ/ /ヒト/ニ/ /ト/ッ/テ/ /タカラ/モノ/ニ/ /ナ/リ/マ/ス/。/ココロ/ヲ/ /コ/メ/テ/ /カ/キ/マ/ショ/ー/。
パズルや クロスワードは、頭の 体操と して 人気の ある 娯楽です。論理的 思考力や 記憶力を 鍛える ことが でき、認知 機能の 維持にも 役立ちます。一人で 黙々と 取り組む ことも できますし、家族や 友人と 協力 して 解くのも 楽しいです。完成 した ときの 達成感は 大きく、次の 挑戦への 意欲が 湧いて きます。空き時間に 気軽に 楽しめます。	パ/ズ/ル/ヤ/ /ク/ロ/ス/ /ワ/ー/ド/ワ/、/アタマ/ノ/ /タイ/ソー/ト/ /シ/テ/ /ニン/キ/ノ/ /ア/ル/ /ゴ/ラク/デ/ス/。/ロン/リ/テキ/ /シ/コー/リョク/ヤ/ /キ/オク/リョク/ヲ/ /キタ/エ/ル/ /コ/ト/ガ/ /デ/キ/、/ニン/チ/ /キ/ノー/ノ/ /イ/ジ/ニ/モ/ /ヤク/ダ/チ/マ/ス/。/ヒト/リ/デ/ /モク/モク/ト/ /ト/リ/ク/ム/ /コ/ト/モ/ /デ/キ/マ/ス/シ/、/カ/ゾク/ヤ/ /ユー/ジン/ト/ /キョー/リョク/ /シ/テ/ /ト/ク/ノ/モ/ /タノ/シ/イ/デ/ス/。/カン/セイ/ /シ/タ/ /ト/キ/ノ/ /タッ/セイ/カン/ワ/ /オオ/キ/ク/、/ツギ/ノ/ /チョー/セン/エ/ノ/ /イ/ヨク/ガ/ /ワ/イ/テ/ /キ/マ/ス/。/ア/キ/ジ/カン/ニ/ /キ/ガル/ニ/ /タノ/シ/メ/マ/ス/。
チョコレートは 甘くて 美味しい お菓子と して、世界中で 愛されて います。カカオの 含有量や 製法に よって、風味や 食感が 大きく 変わります。疲れた ときに 少量 食べる ことで、リフレッシュ 効果が あります。バレンタイン デーには、大切な 人への 贈り物と しても 使われます。ただし、食べ過ぎには 注意が 必要で、適度に 楽しむ ことが 大切です。	チョ/コ/レ/ー/ト/ワ/ /アマ/ク/テ/ /オ/イ/シ/イ/ /オ/カ/シ/ト/ /シ/テ/、/セ/カイ/ジュー/デ/ /アイ/サ/レ/テ/ /イ/マ/ス/。/カ/カ/オ/ノ/ /ガン/ユー/リョー/ヤ/ /セイ/ホー/ニ/ /ヨ/ッ/テ/、/フー/ミ/ヤ/ /ショッ/カン/ガ/ /オオ/キ/ク/ /カ/ワ/リ/マ/ス/。/ツカ/レ/タ/ /ト/キ/ニ/ /ショー/リョー/ /タ/ベ/ル/ /コ/ト/デ/、/リ/フ/レ/ッ/シュ/ /コー/カ/ガ/ /ア/リ/マ/ス/。/バ/レ/ン/タ/イ/ン/ /デ/ー/ニ/ワ/、/タイ/セツ/ナ/ /ヒト/エ/ノ/ /オク/リ/モノ/ト/ /シ/テ/モ/ /ツカ/ワ/レ/マ/ス/。/タ/ダ/シ/、/タ/ベ/ス/ギ/ニ/ワ/ /チュー/イ/ガ/ /ヒツ/ヨー/デ/、/テキ/ド/ニ/ /タノ/シ/ム/ /コ/ト/ガ/ /タイ/セツ/デ/ス/。
歴史を 学ぶ ことは、現在の 社会や 文化が どのように 形成 されて きたかを 理解 する 手助けに なります。過去の 出来事や 人物の 生き方から、多くの 教訓を 得る ことが できます。博物館や 史跡を 訪れる ことで、教科書だけでは 味わえない 臨場感を 感じられます。歴史は 繰り返すと 言われる ため、過去に 学ぶ ことは 未来への 指針と なります。	レキ/シ/ヲ/ /マナ/ブ/ /コ/ト/ワ/、/ゲン/ザイ/ノ/ /シャ/カイ/ヤ/ /ブン/カ/ガ/ /ド/ノ/ヨ/ー/ニ/ /ケイ/セイ/ /サ/レ/テ/ /キ/タ/カ/ヲ/ /リ/カイ/ /ス/ル/ /テ/ダス/ケ/ニ/ /ナ/リ/マ/ス/。/カ/コ/ノ/ /デ/キ/ゴト/ヤ/ /ジン/ブツ/ノ/ /イ/キ/カタ/カ/ラ/、/オオ/ク/ノ/ /キョー/クン/ヲ/ /エ/ル/ /コ/ト/ガ/ /デ/キ/マ/ス/。/ハク/ブツ/カン/ヤ/ /シ/セキ/ヲ/ /オトズ/レ/ル/ /コ/ト/デ/、/キョー/カ/ショ/ダ/ケ/デ/ワ/ /アジ/ワ/エ/ナ/イ/ /リン/ジョー/カン/ヲ/ /カン/ジ/ラ/レ/マ/ス/。/レキ/シ/ワ/ /ク/リ/カエ/ス/ト/ /イ/ワ/レ/ル/ /タ/メ/、/カ/コ/ニ/ /マナ/ブ/ /コ/ト/ワ/ /ミ/ライ/エ/ノ/ /シ/シン/ト/ /ナ/リ/マ/ス/。
ジョギングは 手軽に 始められる 有酸素 運動で あり、健康 維持や ダイエットに 効果的です。公園や 川沿いを 走る ことで、自然を 感じながら 気分 転換が できます。継続 する ことで 心肺 機能が 向上 し、体力が つきます。無理 なく 自分の ペースで 走る ことが 大切で、走る 前後の ストレッチを 忘れずに 行いましょう。ランニング シューズ 選びも 重要です。	ジョ/ギ/ン/グ/ワ/ /テ/ガル/ニ/ /ハジ/メ/ラ/レ/ル/ /ユー/サン/ソ/ /ウン/ドー/デ/ /ア/リ/、/ケン/コー/ /イ/ジ/ヤ/ /ダ/イ/エ/ッ/ト/ニ/ /コー/カ/テキ/デ/ス/。/コー/エン/ヤ/ /カワ/ゾ/イ/ヲ/ /ハシ/ル/ /コ/ト/デ/、/シ/ゼン/ヲ/ /カン/ジ/ナ/ガ/ラ/ /キ/ブン/ /テン/カン/ガ/ /デ/キ/マ/ス/。/ケイ/ゾク/ /ス/ル/ /コ/ト/デ/ /シン/パイ/ /キ/ノー/ガ/ /コー/ジョー/ /シ/、/タイ/リョク/ガ/ /ツ/キ/マ/ス/。/ム/リ/ /ナ/ク/ /ジ/ブン/ノ/ /ペ/ー/ス/デ/ /ハシ/ル/ /コ/ト/ガ/ /タイ/セツ/デ/、/ハシ/ル/ /ゼン/ゴ/ノ/ /ス/ト/レ/ッ/チ/ヲ/ /ワス/レ/ズ/ニ/ /オコナ/イ/マ/ショ/ー/。/ラ/ン/ニ/ン/グ/ /シュ/ー/ズ/ /エラ/ビ/モ/ /ジュー/ヨー/デ/ス/。
紅葉の 季節には、山や 公園が 赤や 黄色に 色づき、美しい 景色を 楽しむ ことが できます。秋の 涼しい 空気の 中で 散策 する ことは、心を 癒して くれます。紅葉 スポットを 訪れる 観光客も 多く、写真 撮影を 楽しむ 人も 見られます。紅葉狩りは 日本の 秋の 風物詩と して、古くから 親しまれて います。最適な 見頃を 逃さないように 計画 しましょう。	コー/ヨー/ノ/ /キ/セツ/ニ/ワ/、/ヤマ/ヤ/ /コー/エン/ガ/ /アカ/ヤ/ /キ/イロ/ニ/ /イロ/ヅ/キ/、/ウツク/シ/イ/ /ケ/シキ/ヲ/ /タノ/シ/ム/ /コ/ト/ガ/ /デ/キ/マ/ス/。/アキ/ノ/ /スズ/シ/イ/ /クー/キ/ノ/ /ナカ/デ/ /サン/サク/ /ス/ル/ /コ/ト/ワ/、/ココロ/ヲ/ /イヤ/シ/テ/ /ク/レ/マ/ス/。/コー/ヨー/ /ス/ポ/ッ/ト/ヲ/ /オトズ/レ/ル/ /カン/コー/キャク/モ/ /オオ/ク/、/シャ/シン/ /サツ/エイ/ヲ/ /タノ/シ/ム/ /ヒト/モ/ /ミ/ラ/レ/マ/ス/。/モミ/ジ/ガ/リ/ワ/ /ニ/ホン/ノ/ /アキ/ノ/ /フー/ブツ/シ/ト/ /シ/テ/、/フル/ク/カ/ラ/ /シタ/シ/マ/レ/テ/ /イ/マ/ス/。/サイ/テキ/ナ/ /ミ/ゴロ/ヲ/ /ノガ/サ/ナ/イ/ヨ/ー/ニ/ /ケイ/カク/ /シ/マ/ショ/ー/。
ピアノや ギターなどの 楽器を 演奏 する ことは、創造性を 刺激 し、感情 表現の 手段と なります。初めは 難しく 感じても、練習を 重ねる ことで 徐々に 上達 します。好きな 曲を 弾けるように なった ときの 喜びは 大きく、モチベーションが 上がります。音楽 教室に 通ったり、独学で 学んだりと、学び方は 様々です。演奏を 通じて 人と 交流 する ことも できます。	ピ/ア/ノ/ヤ/ /ギ/タ/ー/ナ/ド/ノ/ /ガッ/キ/ヲ/ /エン/ソー/ /ス/ル/ /コ/ト/ワ/、/ソー/ゾー/セイ/ヲ/ /シ/ゲキ/ /シ/、/カン/ジョー/ /ヒョー/ゲン/ノ/ /シュ/ダン/ト/ /ナ/リ/マ/ス/。/ハジ/メ/ワ/ /ムズカ/シ/ク/ /カン/ジ/テ/モ/、/レン/シュー/ヲ/ /カサ/ネ/ル/ /コ/ト/デ/ /ジョ/ジョ/ニ/ /ジョー/タツ/ /シ/マ/ス/。/ス/キ/ナ/ /キョク/ヲ/ /ヒ/ケ/ル/ヨ/ー/ニ/ /ナ/ッ/タ/ /ト/キ/ノ/ /ヨロコ/ビ/ワ/ /オオ/キ/ク/、/モ/チ/ベ/ー/ショ/ン/ガ/ /ア/ガ/リ/マ/ス/。/オン/ガク/ /キョー/シツ/ニ/ /カヨ/ッ/タ/リ/、/ドク/ガク/デ/ /マナ/ン/ダ/リ/ト/、/マナ/ビ/カタ/ワ/ /サマ/ザマ/デ/ス/。/エン/ソー/ヲ/ /ツー/ジ/テ/ /ヒト/ト/ /コー/リュー/ /ス/ル/ /コ/ト/モ/ /デ/キ/マ/ス/。
スイーツは 見た 目も 美しく、心を 満たして くれる 特別な 食べ物です。ケーキ、プリン、アイス クリームなど、種類は 豊富で、それぞれに 独特の 美味しさが あります。お祝いや ご褒美と して 楽しむ ことで、幸せな 気分に なれます。最近では、低糖質や 健康 志向の スイーツも 増えて おり、罪悪感 なく 楽しめる 選択肢が 広がって います。適度に 楽しみましょう。	ス/イ/ー/ツ/ワ/ /ミ/タ/ /メ/モ/ /ウツク/シ/ク/、/ココロ/ヲ/ /ミ/タ/シ/テ/ /ク/レ/ル/ /トク/ベツ/ナ/ /タ/ベ/モノ/デ/ス/。/ケ/ー/キ/、/プ/リ/ン/、/ア/イ/ス/ /ク/リ/ー/ム/ナ/ド/、/シュ/ルイ/ワ/ /ホー/フ/デ/、/ソ/レ/ゾ/レ/ニ/ /ドク/トク/ノ/ /オ/イ/シ/サ/ガ/ /ア/リ/マ/ス/。/オ/イワ/イ/ヤ/ /ゴ/ホー/ビ/ト/ /シ/テ/ /タノ/シ/ム/ /コ/ト/デ/、/シアワ/セ/ナ/ /キ/ブン/ニ/ /ナ/レ/マ/ス/。/サイ/キン/デ/ワ/、/テイ/トー/シツ/ヤ/ /ケン/コー/ /シ/コー/ノ/ /ス/イ/ー/ツ/モ/ /フ/エ/テ/ /オ/リ/、/ザイ/アク/カン/ /ナ/ク/ /タノ/シ/メ/ル/ /セン/タク/シ/ガ/ /ヒロ/ガ/ッ/テ/ /イ/マ/ス/。/テキ/ド/ニ/ /タノ/シ/ミ/マ/ショ/ー/。
早起きは 健康に 良いと され、朝の 時間を 有効 活用 する ことで 一日を 充実 させる ことが できます。朝日を 浴びる ことで 体内時計が 整い、生活 リズムが 安定 します。朝食を しっかり 摂る ことで、エネルギーを 補給 し、集中力が 高まります。早起きの 習慣を 身に つける ことは、最初は 大変ですが、徐々に 体が 慣れて いきます。規則 正しい 生活を 心がけましょう。	ハヤ/オ/キ/ワ/ /ケン/コー/ニ/ /ヨ/イ/ト/ /サ/レ/、/アサ/ノ/ /ジ/カン/ヲ/ /ユー/コー/ /カツ/ヨー/ /ス/ル/ /コ/ト/デ/ /１/ニチ/ヲ/ /ジュー/ジツ/ /サ/セ/ル/ /コ/ト/ガ/ /デ/キ/マ/ス/。/アサ/ヒ/ヲ/ /ア/ビ/ル/ /コ/ト/デ/ /タイ/ナイ/ド/ケイ/ガ/ /トトノ/イ/、/セイ/カツ/ /リ/ズ/ム/ガ/ /アン/テイ/ /シ/マ/ス/。/チョー/ショク/ヲ/ /シ/ッ/カ/リ/ /ト/ル/ /コ/ト/デ/、/エ/ネ/ル/ギ/ー/ヲ/ /ホ/キュー/ /シ/、/シュー/チュー/リョク/ガ/ /タカ/マ/リ/マ/ス/。/ハヤ/オ/キ/ノ/ /シュー/カン/ヲ/ /ミ/ニ/ /ツ/ケ/ル/ /コ/ト/ワ/、/サイ/ショ/ワ/ /タイ/ヘン/デ/ス/ガ/、/ジョ/ジョ/ニ/ /カラダ/ガ/ /ナ/レ/テ/ /イ/キ/マ/ス/。/キ/ソク/ /タダ/シ/イ/ /セイ/カツ/ヲ/ /ココロ/ガ/ケ/マ/ショ/ー/。
プラネタリウムでは、天候に 関係 なく 美しい 星空を 楽しむ ことが できます。専門家の 解説を 聞きながら、星座や 宇宙に ついて 学ぶ ことが できる ため、教育的な 価値も あります。最新の 投影 技術に より、リアルで 迫力の ある 映像が 楽しめます。リクライニング シートで リラックス しながら 鑑賞 できる ため、デートや 家族での お出かけにも 最適です。	プ/ラ/ネ/タ/リ/ウ/ム/デ/ワ/、/テン/コー/ニ/ /カン/ケイ/ /ナ/ク/ /ウツク/シ/イ/ /ホシ/ゾラ/ヲ/ /タノ/シ/ム/ /コ/ト/ガ/ /デ/キ/マ/ス/。/セン/モン/カ/ノ/ /カイ/セツ/ヲ/ /キ/キ/ナ/ガ/ラ/、/セイ/ザ/ヤ/ /ウ/チュー/ニ/ /ツ/イ/テ/ /マナ/ブ/ /コ/ト/ガ/ /デ/キ/ル/ /タ/メ/、/キョー/イク/テキ/ナ/ /カ/チ/モ/ /ア/リ/マ/ス/。/サイ/シン/ノ/ /トー/エイ/ /ギ/ジュツ/ニ/ /ヨ/リ/、/リ/ア/ル/デ/ /ハク/リョク/ノ/ /ア/ル/ /エイ/ゾー/ガ/ /タノ/シ/メ/マ/ス/。/リ/ク/ラ/イ/ニ/ン/グ/ /シ/ー/ト/デ/ /リ/ラ/ッ/ク/ス/ /シ/ナ/ガ/ラ/ /カン/ショー/ /デ/キ/ル/ /タ/メ/、/デ/ー/ト/ヤ/ /カ/ゾク/デ/ノ/ /オ/デ/カ/ケ/ニ/モ/ /サイ/テキ/デ/ス/。
掃除は 生活 空間を 清潔に 保つ ための 大切な 習慣です。定期的に 掃除を する ことで、ホコリや ダニを 除去 し、健康的な 環境を 維持 できます。片付けや 整理 整頓を する ことで、物の 置き場所が 明確に なり、探し物を する 時間が 減ります。掃除を する ことで 気分も スッキリ し、心の 整理にも つながります。少しずつでも 毎日 続ける ことが 大切です。	ソー/ジ/ワ/ /セイ/カツ/ /クー/カン/ヲ/ /セイ/ケツ/ニ/ /タモ/ツ/ /タ/メ/ノ/ /タイ/セツ/ナ/ /シュー/カン/デ/ス/。/テイ/キ/テキ/ニ/ /ソー/ジ/ヲ/ /ス/ル/ /コ/ト/デ/、/ホ/コ/リ/ヤ/ /ダ/ニ/ヲ/ /ジョ/キョ/ /シ/、/ケン/コー/テキ/ナ/ /カン/キョー/ヲ/ /イ/ジ/ /デ/キ/マ/ス/。/カタ/ヅ/ケ/ヤ/ /セイ/リ/ /セイ/トン/ヲ/ /ス/ル/ /コ/ト/デ/、/モノ/ノ/ /オ/キ/バ/ショ/ガ/ /メイ/カク/ニ/ /ナ/リ/、/サガ/シ/モノ/ヲ/ /ス/ル/ /ジ/カン/ガ/ /ヘ/リ/マ/ス/。/ソー/ジ/ヲ/ /ス/ル/ /コ/ト/デ/ /キ/ブン/モ/ /ス/ッ/キ/リ/ /シ/、/ココロ/ノ/ /セイ/リ/ニ/モ/ /ツ/ナ/ガ/リ/マ/ス/。/スコ/シ/ズ/ツ/デ/モ/ /マイ/ニチ/ /ツヅ/ケ/ル/ /コ/ト/ガ/ /タイ/セツ/デ/ス/。
バード ウォッチングは、野鳥の 姿や 鳴き声を 観察 する 自然 愛好 活動です。双眼鏡を 持って 公園や 森を 散策 する ことで、普段 気づかない 鳥たちの 生態を 知る ことが できます。季節に よって 見られる 鳥の 種類が 変わる ため、一年を 通じて 楽しめます。図鑑や アプリを 使って 種類を 調べる ことも 楽しみの 一つです。静かに 観察 する ことが ポイントです。	バ/ー/ド/ /ウォ/ッ/チ/ン/グ/ワ/、/ヤ/チョー/ノ/ /スガタ/ヤ/ /ナ/キ/ゴエ/ヲ/ /カン/サツ/ /ス/ル/ /シ/ゼン/ /ア/イコー/ /カツ/ドー/デ/ス/。/ソー/ガン/キョー/ヲ/ /モ/ッ/テ/ /コー/エン/ヤ/ /モリ/ヲ/ /サン/サク/ /ス/ル/ /コ/ト/デ/、/フ/ダン/ /キ/ヅ/カ/ナ/イ/ /トリ/タ/チ/ノ/ /セ/イタイ/ヲ/ /シ/ル/ /コ/ト/ガ/ /デ/キ/マ/ス/。/キ/セツ/ニ/ /ヨ/ッ/テ/ /ミ/ラ/レ/ル/ /トリ/ノ/ /シュ/ルイ/ガ/ /カ/ワ/ル/ /タ/メ/、/１/ネン/ヲ/ /ツー/ジ/テ/ /タノ/シ/メ/マ/ス/。/ズ/カン/ヤ/ /ア/プ/リ/ヲ/ /ツカ/ッ/テ/ /シュ/ルイ/ヲ/ /シラ/ベ/ル/ /コ/ト/モ/ /タノ/シ/ミ/ノ/ /ヒト/ツ/デ/ス/。/シズ/カ/ニ/ /カン/サツ/ /ス/ル/ /コ/ト/ガ/ /ポ/イ/ン/ト/デ/ス/。
お茶は 日本の 伝統的な 飲み物で あり、緑茶、ほうじ茶、抹茶など、様々な 種類が あります。お茶に 含まれる カテキンには 健康 効果が あり、リラックス 効果も 期待 できます。茶道では、お茶を 点てる 作法を 通じて 精神を 落ち着かせる ことが できます。日常的に お茶を 飲む 習慣は、心と 体の 健康を 支えます。温かい お茶で 一息 つきましょう。	オ/チャ/ワ/ /ニ/ホン/ノ/ /デン/トー/テキ/ナ/ /ノ/ミ/モノ/デ/ /ア/リ/、/リョク/チャ/、/ホ/ー/ジ/チャ/、/マッ/チャ/ナ/ド/、/サマ/ザマ/ナ/ /シュ/ルイ/ガ/ /ア/リ/マ/ス/。/オ/チャ/ニ/ /フク/マ/レ/ル/ /カ/テ/キ/ン/ニ/ワ/ /ケン/コー/ /コー/カ/ガ/ /ア/リ/、/リ/ラ/ッ/ク/ス/ /コー/カ/モ/ /キ/タイ/ /デ/キ/マ/ス/。/サ/ドー/デ/ワ/、/オ/チャ/ヲ/ /タ/テ/ル/ /サ/ホー/ヲ/ /ツー/ジ/テ/ /セ/イシン/ヲ/ /オ/チ/ツ/カ/セ/ル/ /コ/ト/ガ/ /デ/キ/マ/ス/。/ニチ/ジョー/テキ/ニ/ /オ/チャ/ヲ/ /ノ/ム/ /シュー/カン/ワ/、/ココロ/ト/ /カラダ/ノ/ /ケン/コー/ヲ/ /ササ/エ/マ/ス/。/アタタ/カ/イ/ /オ/チャ/デ/ /ヒト/イキ/ /ツ/キ/マ/ショ/ー/。
水族館では、海や 川に 住む 様々な 生き物を 間近で 観察 する ことが できます。色 鮮やかな 熱帯魚や 優雅に 泳ぐ クラゲ、迫力の ある サメなど、見どころは 豊富です。イルカや アシカの ショーは、子どもから 大人まで 楽しめる 人気の イベントです。水族館は 雨の 日でも 楽しめる ため、家族での お出かけに 最適です。海の 生態系に ついて 学べます。	スイ/ゾク/カン/デ/ワ/、/ウミ/ヤ/ /カワ/ニ/ /ス/ム/ /サマ/ザマ/ナ/ /イ/キ/モノ/ヲ/ /マ/ヂカ/デ/ /カン/サツ/ /ス/ル/ /コ/ト/ガ/ /デ/キ/マ/ス/。/イロ/ /アザ/ヤ/カ/ナ/ /ネッ/タイ/ギョ/ヤ/ /ユー/ガ/ニ/ /オヨ/グ/ /ク/ラ/ゲ/、/ハク/リョク/ノ/ /ア/ル/ /サ/メ/ナ/ド/、/ミ/ド/コ/ロ/ワ/ /ホー/フ/デ/ス/。/イ/ル/カ/ヤ/ /ア/シ/カ/ノ/ /ショ/ー/ワ/、/コ/ド/モ/カ/ラ/ /オト/ナ/マ/デ/ /タノ/シ/メ/ル/ /ニン/キ/ノ/ /イ/ベ/ン/ト/デ/ス/。/スイ/ゾク/カン/ワ/ /アメ/ノ/ /ヒ/デ/モ/ /タノ/シ/メ/ル/ /タ/メ/、/カ/ゾク/デ/ノ/ /オ/デ/カ/ケ/ニ/ /サイ/テキ/デ/ス/。/ウミ/ノ/ /セイ/タイ/ケイ/ニ/ /ツ/イ/テ/ /マナ/ベ/マ/ス/。
日記を つける ことは、自分の 思いや 出来事を 記録 し、後で 振り返る ことが できる 有意義な 習慣です。毎日の 出来事や 感じた ことを 書き留める ことで、自己 理解が 深まります。ストレスの 発散にも なり、心の 整理が できます。数年後に 読み返すと、当時の 自分を 懐かしく 思い出す ことが できます。手書きでも デジタルでも、続けやすい 方法で 始めましょう。	ニッ/キ/ヲ/ /ツ/ケ/ル/ /コ/ト/ワ/、/ジ/ブン/ノ/ /オモ/イ/ヤ/ /デ/キ/ゴト/ヲ/ /キ/ロク/ /シ/、/アト/デ/ /フ/リ/カエ/ル/ /コ/ト/ガ/ /デ/キ/ル/ /ユー/イ/ギ/ナ/ /シュー/カン/デ/ス/。/マイ/ニチ/ノ/ /デ/キ/ゴト/ヤ/ /カン/ジ/タ/ /コ/ト/ヲ/ /カ/キ/ト/メ/ル/ /コ/ト/デ/、/ジ/コ/ /リ/カイ/ガ/ /フカ/マ/リ/マ/ス/。/ス/ト/レ/ス/ノ/ /ハッ/サン/ニ/モ/ /ナ/リ/、/ココロ/ノ/ /セイ/リ/ガ/ /デ/キ/マ/ス/。/スー/ネン/ゴ/ニ/ /ヨ/ミ/カエ/ス/ト/、/トー/ジ/ノ/ /ジ/ブン/ヲ/ /ナツ/カ/シ/ク/ /オモ/イ/ダ/ス/ /コ/ト/ガ/ /デ/キ/マ/ス/。/テ/ガ/キ/デ/モ/ /デ/ジ/タ/ル/デ/モ/、/ツヅ/ケ/ヤ/ス/イ/ /ホー/ホー/デ/ /ハジ/メ/マ/ショ/ー/。
ハイキングは 自然の 中を 歩く ことで、リフレッシュ できる 健康的な 活動です。登山ほど 本格的では ない ため、気軽に 楽しめます。森林浴を しながら 歩く ことで、ストレスが 軽減 され、心身 ともに 癒されます。季節ごとに 変わる 景色を 楽しむ ことが でき、新しい 発見が あります。適切な 服装と 水分 補給を 忘れずに、安全に ハイキングを 楽しみましょう。	ハ/イ/キ/ン/グ/ワ/ /シ/ゼン/ノ/ /ナカ/ヲ/ /アル/ク/ /コ/ト/デ/、/リ/フ/レ/ッ/シュ/ /デ/キ/ル/ /ケン/コー/テキ/ナ/ /カツ/ドー/デ/ス/。/ト/ザン/ホ/ド/ /ホン/カク/テキ/デ/ワ/ /ナ/イ/ /タ/メ/、/キ/ガル/ニ/ /タノ/シ/メ/マ/ス/。/シン/リン/ヨク/ヲ/ /シ/ナ/ガ/ラ/ /アル/ク/ /コ/ト/デ/、/ス/ト/レ/ス/ガ/ /ケイ/ゲン/ /サ/レ/、/シン/シン/ /ト/モ/ニ/ /イヤ/サ/レ/マ/ス/。/キ/セツ/ゴ/ト/ニ/ /カ/ワ/ル/ /ケ/シキ/ヲ/ /タノ/シ/ム/ /コ/ト/ガ/ /デ/キ/、/アタラ/シ/イ/ /ハッ/ケン/ガ/ /ア/リ/マ/ス/。/テキ/セツ/ナ/ /フク/ソー/ト/ /スイ/ブン/ /ホ/キュー/ヲ/ /ワス/レ/ズ/ニ/、/アン/ゼン/ニ/ /ハ/イ/キ/ン/グ/ヲ/ /タノ/シ/ミ/マ/ショ/ー/。
陶芸は 土を 成形 して 器や 置物を 作る 伝統的な 工芸です。ろくろを 使って 形を 整える 作業は、集中力を 必要と し、無心に なれる 時間です。自分で 作った 器で 食事を する ことは、特別な 喜びが あります。陶芸 教室に 通う ことで、専門的な 技術を 学ぶ ことが できます。焼き上がりの 色や 形に 個性が 出る ため、世界に 一つだけの 作品が 生まれます。	トー/ゲイ/ワ/ /ツチ/ヲ/ /セイ/ケイ/ /シ/テ/ /ウツワ/ヤ/ /オキ/モノ/ヲ/ /ツク/ル/ /デン/トー/テキ/ナ/ /コー/ゲイ/デ/ス/。/ロ/ク/ロ/ヲ/ /ツカ/ッ/テ/ /カタチ/ヲ/ /トトノ/エ/ル/ /サ/ギョー/ワ/、/シュー/チュー/リョク/ヲ/ /ヒツ/ヨー/ト/ /シ/、/ム/シン/ニ/ /ナ/レ/ル/ /ジ/カン/デ/ス/。/ジ/ブン/デ/ /ツク/ッ/タ/ /ウツワ/デ/ /ショク/ジ/ヲ/ /ス/ル/ /コ/ト/ワ/、/トク/ベツ/ナ/ /ヨロコ/ビ/ガ/ /ア/リ/マ/ス/。/トー/ゲイ/ /キョー/シツ/ニ/ /カヨ/ウ/ /コ/ト/デ/、/セン/モン/テキ/ナ/ /ギ/ジュツ/ヲ/ /マナ/ブ/ /コ/ト/ガ/ /デ/キ/マ/ス/。/ヤ/キ/ア/ガ/リ/ノ/ /イロ/ヤ/ /カタチ/ニ/ /コ/セイ/ガ/ /デ/ル/ /タ/メ/、/セ/カイ/ニ/ /ヒト/ツ/ダ/ケ/ノ/ /サク/ヒン/ガ/ /ウ/マ/レ/マ/ス/。
ダンスは 音楽に 合わせて 体を 動かす 楽しい 表現 活動です。バレエ、ヒップ ホップ、社交 ダンスなど、様々な ジャンルが あります。リズム感や 柔軟性を 養う ことが でき、全身 運動にも なります。仲間と 一緒に 踊る ことで、コミュニケーションが 深まります。発表会や コンテストに 参加 する ことで、目標を 持って 練習に 取り組む ことも できます。	ダ/ン/ス/ワ/ /オン/ガク/ニ/ /ア/ワ/セ/テ/ /カラダ/ヲ/ /ウゴ/カ/ス/ /タノ/シ/イ/ /ヒョー/ゲン/ /カツ/ドー/デ/ス/。/バ/レ/エ/、/ヒ/ッ/プ/ /ホ/ッ/プ/、/シャ/コー/ /ダ/ン/ス/ナ/ド/、/サマ/ザマ/ナ/ /ジャ/ン/ル/ガ/ /ア/リ/マ/ス/。/リ/ズ/ム/カン/ヤ/ /ジュー/ナン/セイ/ヲ/ /ヤシナ/ウ/ /コ/ト/ガ/ /デ/キ/、/ゼン/シン/ /ウン/ドー/ニ/モ/ /ナ/リ/マ/ス/。/ナカ/マ/ト/ /イッ/ショ/ニ/ /オド/ル/ /コ/ト/デ/、/コ/ミュ/ニ/ケ/ー/ショ/ン/ガ/ /フカ/マ/リ/マ/ス/。/ハッ/ピョー/カイ/ヤ/ /コ/ン/テ/ス/ト/ニ/ /サン/カ/ /ス/ル/ /コ/ト/デ/、/モク/ヒョー/ヲ/ /モ/ッ/テ/ /レン/シュー/ニ/ /ト/リ/ク/ム/ /コ/ト/モ/ /デ/キ/マ/ス/。
節約は 賢く 生活 する ための 重要な スキルで あり、無駄な 出費を 減らす ことで 貯蓄を 増やす ことが できます。日々の 買い物で 値段を 比較 したり、不要な 物を 買わないように 心がけたり する ことが 大切です。電気や ガスの 使用量を 減らす ことで、光熱費の 節約にも つながります。節約 した 分を 自分の 好きな ことに 使うと、生活の 満足度が 上がります。	セツ/ヤク/ワ/ /カシコ/ク/ /セイ/カツ/ /ス/ル/ /タ/メ/ノ/ /ジュー/ヨー/ナ/ /ス/キ/ル/デ/ /ア/リ/、/ム/ダ/ナ/ /シュッ/ピ/ヲ/ /ヘ/ラ/ス/ /コ/ト/デ/ /チョ/チク/ヲ/ /フ/ヤ/ス/ /コ/ト/ガ/ /デ/キ/マ/ス/。/ヒ/ビ/ノ/ /カ/イ/モノ/デ/ /ネ/ダン/ヲ/ /ヒ/カク/ /シ/タ/リ/、/フ/ヨー/ナ/ /モノ/ヲ/ /カ/ワ/ナ/イ/ヨ/ー/ニ/ /ココロ/ガ/ケ/タ/リ/ /ス/ル/ /コ/ト/ガ/ /タイ/セツ/デ/ス/。/デン/キ/ヤ/ /ガ/ス/ノ/ /シ/ヨー/リョー/ヲ/ /ヘ/ラ/ス/ /コ/ト/デ/、/コー/ネツ/ヒ/ノ/ /セツ/ヤク/ニ/モ/ /ツ/ナ/ガ/リ/マ/ス/。/セツ/ヤク/ /シ/タ/ /ブン/ヲ/ /ジ/ブン/ノ/ /ス/キ/ナ/ /コ/ト/ニ/ /ツカ/ウ/ト/、/セイ/カツ/ノ/ /マン/ゾク/ド/ガ/ /ア/ガ/リ/マ/ス/。
編み物は 毛糸を 使って、セーターや マフラーなどを 作る 手芸の 一種です。手を 動かしながら 黙々と 作業 する ことで、リラックス 効果が あります。自分で 作った 作品を 身に つける ことは、手作りの 温もりを 感じられます。家族や 友人への プレゼントと しても 喜ばれます。最初は 簡単な パターンから 始めて、徐々に 複雑な デザインに 挑戦 すると 良いでしょう。	ア/ミ/モノ/ワ/ /ケ/イト/ヲ/ /ツカ/ッ/テ/、/セ/ー/タ/ー/ヤ/ /マ/フ/ラ/ー/ナ/ド/ヲ/ /ツク/ル/ /シュ/ゲイ/ノ/ /イッ/シュ/デ/ス/。/テ/ヲ/ /ウゴ/カ/シ/ナ/ガ/ラ/ /モク/モク/ト/ /サ/ギョー/ /ス/ル/ /コ/ト/デ/、/リ/ラ/ッ/ク/ス/ /コー/カ/ガ/ /ア/リ/マ/ス/。/ジ/ブン/デ/ /ツク/ッ/タ/ /サク/ヒン/ヲ/ /ミ/ニ/ /ツ/ケ/ル/ /コ/ト/ワ/、/テ/ヅク/リ/ノ/ /ヌク/モ/リ/ヲ/ /カン/ジ/ラ/レ/マ/ス/。/カ/ゾク/ヤ/ /ユー/ジン/エ/ノ/ /プ/レ/ゼ/ン/ト/ト/ /シ/テ/モ/ /ヨロコ/バ/レ/マ/ス/。/サイ/ショ/ワ/ /カン/タン/ナ/ /パ/タ/ー/ン/カ/ラ/ /ハジ/メ/テ/、/ジョ/ジョ/ニ/ /フク/ザツ/ナ/ /デ/ザ/イ/ン/ニ/ /チョー/セン/ /ス/ル/ト/ /ヨ/イ/デ/ショ/ー/。
花火 大会は 夏の 夜空を 彩る 日本の 伝統的な イベントです。大きな 音と ともに 打ち上げられる 花火は、見る 人を 魅了 します。家族や 友人と 一緒に 浴衣を 着て 出かける ことも、花火 大会の 楽しみの 一つです。屋台で 食べ物を 買って、夏の 雰囲気を 満喫 できます。混雑を 避ける ために、早めに 場所 取りを する ことを おすすめ します。フィナーレは 圧巻です。	ハ/ナビ/ /タイ/カイ/ワ/ /ナツ/ノ/ /ヨ/ゾラ/ヲ/ /イロド/ル/ /ニ/ホン/ノ/ /デン/トー/テキ/ナ/ /イ/ベ/ン/ト/デ/ス/。/オオ/キ/ナ/ /オト/ト/ /ト/モ/ニ/ /ウ/チ/ア/ゲ/ラ/レ/ル/ /ハ/ナビ/ワ/、/ミ/ル/ /ヒト/ヲ/ /ミ/リョー/ /シ/マ/ス/。/カ/ゾク/ヤ/ /ユー/ジン/ト/ /イッ/ショ/ニ/ /ユ/カタ/ヲ/ /キ/テ/ /デ/カ/ケ/ル/ /コ/ト/モ/、/ハ/ナビ/ /タイ/カイ/ノ/ /タノ/シ/ミ/ノ/ /ヒト/ツ/デ/ス/。/ヤ/タイ/デ/ /タ/ベ/モノ/ヲ/ /カ/ッ/テ/、/ナツ/ノ/ /フン/イ/キ/ヲ/ /マン/キツ/ /デ/キ/マ/ス/。/コン/ザツ/ヲ/ /サ/ケ/ル/ /タ/メ/ニ/、/ハヤ/メ/ニ/ /バ/ショ/ /ト/リ/ヲ/ /ス/ル/ /コ/ト/ヲ/ /オ/ス/ス/メ/ /シ/マ/ス/。/フィ/ナ/ー/レ/ワ/ /アッ/カン/デ/ス/。
ボウリングは 気軽に 楽しめる 室内 スポーツで あり、年齢を 問わず 多くの 人に 親しまれて います。ストライクを 取った ときの 爽快感は 格別です。友人や 家族と 対戦 する ことで、盛り上がります。スコアを 競うだけで なく、投げ方や フォームを 工夫 する ことで 上達 する 楽しみも あります。シューズと ボールを レンタル できる ため、手ぶらで 行けるのが 魅力です。	ボ/ウ/リ/ン/グ/ワ/ /キ/ガル/ニ/ /タノ/シ/メ/ル/ /シ/ツナイ/ /ス/ポ/ー/ツ/デ/ /ア/リ/、/ネン/レイ/ヲ/ /ト/ワ/ズ/ /オオ/ク/ノ/ /ヒト/ニ/ /シタ/シ/マ/レ/テ/ /イ/マ/ス/。/ス/ト/ラ/イ/ク/ヲ/ /ト/ッ/タ/ /ト/キ/ノ/ /ソ/ーカイ/カン/ワ/ /カク/ベツ/デ/ス/。/ユー/ジン/ヤ/ /カ/ゾク/ト/ /タイ/セン/ /ス/ル/ /コ/ト/デ/、/モ/リ/ア/ガ/リ/マ/ス/。/ス/コ/ア/ヲ/ /キソ/ウ/ダ/ケ/デ/ /ナ/ク/、/ナ/ゲ/カタ/ヤ/ /フォ/ー/ム/ヲ/ /ク/フー/ /ス/ル/ /コ/ト/デ/ /ジョー/タツ/ /ス/ル/ /タノ/シ/ミ/モ/ /ア/リ/マ/ス/。/シュ/ー/ズ/ト/ /ボ/ー/ル/ヲ/ /レ/ン/タ/ル/ /デ/キ/ル/ /タ/メ/、/テ/ブ/ラ/デ/ /イ/ケ/ル/ノ/ガ/ /ミ/リョク/デ/ス/。
アロマテラピーは、植物の 香りを 利用 して リラックスや 気分 転換を 図る 方法です。ラベンダーや ユーカリなど、様々な 精油が あり、それぞれに 異なる 効果が あります。アロマ ディフューザーを 使って 部屋に 香りを 広げる ことで、心地 よい 空間を 作る ことが できます。入浴 時に 数滴 加える ことで、リラックス 効果が 高まります。自分の 好みの 香りを 見つけましょう。	ア/ロ/マ/テ/ラ/ピ/ー/ワ/、/ショク/ブツ/ノ/ /カオ/リ/ヲ/ /リ/ヨー/ /シ/テ/ /リ/ラ/ッ/ク/ス/ヤ/ /キ/ブン/ /テン/カン/ヲ/ /ハカ/ル/ /ホー/ホー/デ/ス/。/ラ/ベ/ン/ダ/ー/ヤ/ /ユ/ー/カ/リ/ナ/ド/、/サマ/ザマ/ナ/ /セイ/ユ/ガ/ /ア/リ/、/ソ/レ/ゾ/レ/ニ/ /コト/ナ/ル/ /コー/カ/ガ/ /ア/リ/マ/ス/。/ア/ロ/マ/ /ディ/フュ/ー/ザ/ー/ヲ/ /ツカ/ッ/テ/ /ヘ/ヤ/ニ/ /カオ/リ/ヲ/ /ヒロ/ゲ/ル/ /コ/ト/デ/、/ココ/チ/ /ヨ/イ/ /クー/カン/ヲ/ /ツク/ル/ /コ/ト/ガ/ /デ/キ/マ/ス/。/ニュー/ヨク/ /ジ/ニ/ /スー/テキ/ /クワ/エ/ル/ /コ/ト/デ/、/リ/ラ/ッ/ク/ス/ /コー/カ/ガ/ /タカ/マ/リ/マ/ス/。/ジ/ブン/ノ/ /コノ/ミ/ノ/ /カオ/リ/ヲ/ /ミ/ツ/ケ/マ/ショ/ー/。
スケートは 氷の 上を 滑る 冬の スポーツで あり、バランス 感覚を 養う ことが できます。初めは 転びやすいですが、練習を 重ねる ことで 滑らかに 滑れるように なります。スケート リンクでは、音楽が 流れる 中で 滑る ことが でき、非 日常的な 体験を 楽しめます。デートや 友人との 遊びにも 最適です。防寒 対策を しっかり して、安全に 楽しみましょう。	ス/ケ/ー/ト/ワ/ /コオリ/ノ/ /ウエ/ヲ/ /スベ/ル/ /フユ/ノ/ /ス/ポ/ー/ツ/デ/ /ア/リ/、/バ/ラ/ン/ス/ /カン/カク/ヲ/ /ヤシナ/ウ/ /コ/ト/ガ/ /デ/キ/マ/ス/。/ハジ/メ/ワ/ /コロ/ビ/ヤ/ス/イ/デ/ス/ガ/、/レン/シュー/ヲ/ /カサ/ネ/ル/ /コ/ト/デ/ /ナメ/ラ/カ/ニ/ /スベ/レ/ル/ヨ/ー/ニ/ /ナ/リ/マ/ス/。/ス/ケ/ー/ト/ /リ/ン/ク/デ/ワ/、/オン/ガク/ガ/ /ナガ/レ/ル/ /ナカ/デ/ /スベ/ル/ /コ/ト/ガ/ /デ/キ/、/ヒ/ /ニチ/ジョー/テキ/ナ/ /タイ/ケン/ヲ/ /タノ/シ/メ/マ/ス/。/デ/ー/ト/ヤ/ /ユー/ジン/ト/ノ/ /アソ/ビ/ニ/モ/ /サイ/テキ/デ/ス/。/ボー/カン/ /タイ/サク/ヲ/ /シ/ッ/カ/リ/ /シ/テ/、/アン/ゼン/ニ/ /タノ/シ/ミ/マ/ショ/ー/。
瞑想は 心を 落ち着かせ、集中力を 高める ための 精神的な 練習です。静かな 場所で 目を 閉じ、呼吸に 意識を 向ける ことで、日常の ストレスから 解放 されます。毎日 少しの 時間でも 続ける ことで、精神的な 安定感が 得られます。マインドフルネスとも 関連 して おり、現代 社会で 注目 されて いる 実践 方法です。自分の ペースで 無理 なく 行いましょう。	メイ/ソー/ワ/ /ココロ/ヲ/ /オ/チ/ツ/カ/セ/、/シュー/チュー/リョク/ヲ/ /タカ/メ/ル/ /タ/メ/ノ/ /セイ/シン/テキ/ナ/ /レン/シュー/デ/ス/。/シズ/カ/ナ/ /バ/ショ/デ/ /メ/ヲ/ /ト/ジ/、/コ/キュー/ニ/ /イ/シキ/ヲ/ /ム/ケ/ル/ /コ/ト/デ/、/ニチ/ジョー/ノ/ /ス/ト/レ/ス/カ/ラ/ /カイ/ホー/ /サ/レ/マ/ス/。/マイ/ニチ/ /スコ/シ/ノ/ /ジ/カン/デ/モ/ /ツヅ/ケ/ル/ /コ/ト/デ/、/セイ/シン/テキ/ナ/ /アン/テイ/カン/ガ/ /エ/ラ/レ/マ/ス/。/マ/イ/ン/ド/ /フ/ル/ネ/ス/ト/モ/ /カン/レン/ /シ/テ/ /オ/リ/、/ゲン/ダイ/ /シャ/カイ/デ/ /チュー/モク/ /サ/レ/テ/ /イ/ル/ /ジッ/セン/ /ホー/ホー/デ/ス/。/ジ/ブン/ノ/ /ペ/ー/ス/デ/ /ム/リ/ /ナ/ク/ /オコナ/イ/マ/ショ/ー/。
折り紙は 一枚の 紙から 様々な 形を 作る 日本の 伝統的な 遊びです。鶴や 花、動物など、作れる ものは 無限に あります。手先の 器用さを 養い、集中力を 高める 効果が あります。子どもの 遊びと してだけで なく、大人の 趣味と しても 楽しめます。完成 した 作品は 飾ったり、贈り物に したり する ことが できます。折り方を 覚える ことで、創造力が 広がります。	オ/リ/ガミ/ワ/ /１/マイ/ノ/ /カミ/カ/ラ/ /サマ/ザマ/ナ/ /カタチ/ヲ/ /ツク/ル/ /ニ/ホン/ノ/ /デン/トー/テキ/ナ/ /アソ/ビ/デ/ス/。/ツル/ヤ/ /ハナ/、/ドー/ブツ/ナ/ド/、/ツク/レ/ル/ /モ/ノ/ワ/ /ム/ゲン/ニ/ /ア/リ/マ/ス/。/テ/サキ/ノ/ /キ/ヨー/サ/ヲ/ /ヤシナ/イ/、/シュー/チュー/リョク/ヲ/ /タカ/メ/ル/ /コー/カ/ガ/ /ア/リ/マ/ス/。/コ/ド/モ/ノ/ /アソ/ビ/ト/ /シ/テ/ダ/ケ/デ/ /ナ/ク/、/オト/ナ/ノ/ /シュ/ミ/ト/ /シ/テ/モ/ /タノ/シ/メ/マ/ス/。/カン/セイ/ /シ/タ/ /サク/ヒン/ワ/ /カザ/ッ/タ/リ/、/オク/リ/モノ/ニ/ /シ/タ/リ/ /ス/ル/ /コ/ト/ガ/ /デ/キ/マ/ス/。/オ/リ/カタ/ヲ/ /オボ/エ/ル/ /コ/ト/デ/、/ソー/ゾー/リョク/ガ/ /ヒロ/ガ/リ/マ/ス/。
森林浴は 森の 中を 散策 する ことで、自然の 力を 借りて リフレッシュ する 活動です。木々から 放出 される フィトンチッドと いう 成分には、リラックス 効果が あると されて います。都会の 喧騒から 離れて、鳥の さえずりや 風の 音を 聞きながら 歩く ことで、心が 癒されます。深呼吸を しながら ゆっくり 歩く ことで、ストレス 解消に なります。	シン/リン/ヨク/ワ/ /モリ/ノ/ /ナカ/ヲ/ /サン/サク/ /ス/ル/ /コ/ト/デ/、/シ/ゼン/ノ/ /チカラ/ヲ/ /カ/リ/テ/ /リ/フ/レ/ッ/シュ/ /ス/ル/ /カツ/ドー/デ/ス/。/キ/ギ/カ/ラ/ /ホー/シュツ/ /サ/レ/ル/ /フィ/ト/ン/チ/ッ/ド/ト/ /イ/ウ/ /セイ/ブン/ニ/ワ/、/リ/ラ/ッ/ク/ス/ /コー/カ/ガ/ /ア/ル/ト/ /サ/レ/テ/ /イ/マ/ス/。/ト/カイ/ノ/ /ケン/ソー/カ/ラ/ /ハナ/レ/テ/、/トリ/ノ/ /サ/エ/ズ/リ/ヤ/ /カゼ/ノ/ /オト/ヲ/ /キ/キ/ナ/ガ/ラ/ /アル/ク/ /コ/ト/デ/、/ココロ/ガ/ /イヤ/サ/レ/マ/ス/。/シン/コ/キュー/ヲ/ /シ/ナ/ガ/ラ/ /ユ/ッ/ク/リ/ /アル/ク/ /コ/ト/デ/、/ス/ト/レ/ス/ /カイ/ショー/ニ/ /ナ/リ/マ/ス/。
ボード ゲームは 仲間や 家族と 一緒に 楽しめる 娯楽で あり、戦略性や 運を 競います。将棋、チェス、人生 ゲームなど、種類は 豊富です。デジタル ゲームとは 異なり、対面で コミュニケーションを 取りながら 遊べるのが 魅力です。考える 力や 協調性を 養う ことが できます。休日に 集まって、ゆっくりと ボード ゲームを 楽しむのは 良い 思い出に なります。	ボ/ー/ド/ /ゲ/ー/ム/ワ/ /ナカ/マ/ヤ/ /カ/ゾク/ト/ /イッ/ショ/ニ/ /タノ/シ/メ/ル/ /ゴ/ラク/デ/ /ア/リ/、/セン/リャク/セイ/ヤ/ /ウン/ヲ/ /キソ/イ/マ/ス/。/ショー/ギ/、/チェ/ス/、/ジン/セイ/ /ゲ/ー/ム/ナ/ド/、/シュ/ルイ/ワ/ /ホー/フ/デ/ス/。/デ/ジ/タ/ル/ /ゲ/ー/ム/ト/ワ/ /コト/ナ/リ/、/タイ/メン/デ/ /コ/ミュ/ニ/ケ/ー/ショ/ン/ヲ/ /ト/リ/ナ/ガ/ラ/ /アソ/ベ/ル/ノ/ガ/ /ミ/リョク/デ/ス/。/カンガ/エ/ル/ /チカラ/ヤ/ /キョー/チョー/セイ/ヲ/ /ヤシナ/ウ/ /コ/ト/ガ/ /デ/キ/マ/ス/。/キュー/ジツ/ニ/ /アツ/マ/ッ/テ/、/ユ/ッ/ク/リ/ト/ /ボ/ー/ド/ /ゲ/ー/ム/ヲ/ /タノ/シ/ム/ノ/ワ/ /ヨ/イ/ /オモ/イ/デ/ニ/ /ナ/リ/マ/ス/。
語学 学習は 新しい 言語を 習得 する ことで、視野を 広げる ことが できる 挑戦です。英語、中国語、スペイン語など、学びたい 言語は 様々です。外国の 文化や 考え方を 理解 する 手助けにも なります。最近では アプリや オンライン レッスンが 充実 して おり、自宅で 手軽に 学べます。継続 する ことが 上達の 鍵です。少しずつでも 毎日 続けましょう。	ゴ/ガク/ /ガク/シュー/ワ/ /アタラ/シ/イ/ /ゲン/ゴ/ヲ/ /シュー/トク/ /ス/ル/ /コ/ト/デ/、/シ/ヤ/ヲ/ /ヒロ/ゲ/ル/ /コ/ト/ガ/ /デ/キ/ル/ /チョー/セン/デ/ス/。/エイ/ゴ/、/チュー/ゴク/ゴ/、/ス/ペ/イ/ン/ゴ/ナ/ド/、/マナ/ビ/タ/イ/ /ゲン/ゴ/ワ/ /サマ/ザマ/デ/ス/。/ガイ/コク/ノ/ /ブン/カ/ヤ/ /カンガ/エ/カタ/ヲ/ /リ/カイ/ /ス/ル/ /テ/ダス/ケ/ニ/モ/ /ナ/リ/マ/ス/。/サイ/キン/デ/ワ/ /ア/プ/リ/ヤ/ /オ/ン/ラ/イ/ン/ /レ/ッ/ス/ン/ガ/ /ジュー/ジツ/ /シ/テ/ /オ/リ/、/ジ/タク/デ/ /テ/ガル/ニ/ /マナ/ベ/マ/ス/。/ケイ/ゾク/ /ス/ル/ /コ/ト/ガ/ /ジョー/タツ/ノ/ /カギ/デ/ス/。/スコ/シ/ズ/ツ/デ/モ/ /マイ/ニチ/ /ツヅ/ケ/マ/ショ/ー/。
ストレッチは 筋肉を 伸ばして 柔軟性を 高める 運動です。運動 前後に 行う ことで、怪我の 予防や 疲労 回復に 効果が あります。デスク ワークで 凝り固まった 体を ほぐす ためにも 有効です。毎日 少しの 時間でも 続ける ことで、体が 柔らかく なり、血行が 良く なります。深呼吸を しながら ゆっくりと 伸ばす ことが ポイントです。無理の ない 範囲で 行いましょう。	ス/ト/レ/ッ/チ/ワ/ /キン/ニク/ヲ/ /ノ/バ/シ/テ/ /ジュー/ナン/セイ/ヲ/ /タカ/メ/ル/ /ウン/ドー/デ/ス/。/ウン/ドー/ /ゼン/ゴ/ニ/ /オコナ/ウ/ /コ/ト/デ/、/ケ/ガ/ノ/ /ヨ/ボー/ヤ/ /ヒ/ロー/ /カイ/フク/ニ/ /コー/カ/ガ/ /ア/リ/マ/ス/。/デ/ス/ク/ /ワ/ー/ク/デ/ /コ/リ/カタ/マ/ッ/タ/ /カラダ/ヲ/ /ホ/グ/ス/ /タ/メ/ニ/モ/ /ユー/コー/デ/ス/。/マイ/ニチ/ /スコ/シ/ノ/ /ジ/カン/デ/モ/ /ツヅ/ケ/ル/ /コ/ト/デ/、/カラダ/ガ/ /ヤワ/ラ/カ/ク/ /ナ/リ/、/ケッ/コー/ガ/ /ヨ/ク/ /ナ/リ/マ/ス/。/シン/コ/キュー/ヲ/ /シ/ナ/ガ/ラ/ /ユ/ッ/ク/リ/ト/ /ノ/バ/ス/ /コ/ト/ガ/ /ポ/イ/ン/ト/デ/ス/。/ム/リ/ノ/ /ナ/イ/ /ハン/イ/デ/ /オコナ/イ/マ/ショ/ー/。
クラシック 音楽は バッハ、モーツァルト、ベートーヴェンなど、歴史的な 作曲家に よって 生み出された 芸術 作品です。オーケストラの 演奏や ピアノ ソロなど、様々な 形式が あります。コンサート ホールで 生演奏を 聴く ことで、音楽の 深みを 感じる ことが できます。リラックス したい ときや 集中 したい ときに 聴くのに 最適です。時代を 超えて 愛される 音楽です。	ク/ラ/シ/ッ/ク/ /オン/ガク/ワ/ /バ/ッ/ハ/、/モ/ー/ツァ/ル/ト/、/ベ/ー/ト/ー/ヴェ/ン/ナ/ド/、/レキ/シ/テキ/ナ/ /サッ/キョク/カ/ニ/ /ヨ/ッ/テ/ /ウ/ミ/ダ/サ/レ/タ/ /ゲイ/ジュツ/ /サク/ヒン/デ/ス/。/オ/ー/ケ/ス/ト/ラ/ノ/ /エン/ソー/ヤ/ /ピ/ア/ノ/ソ/ロ/ナ/ド/、/サマ/ザマ/ナ/ /ケイ/シキ/ガ/ /ア/リ/マ/ス/。/コ/ン/サ/ー/ト/ /ホ/ー/ル/デ/ /ナマ/エン/ソー/ヲ/ /キ/ク/ /コ/ト/デ/、/オン/ガク/ノ/ /フカ/ミ/ヲ/ /カン/ジ/ル/ /コ/ト/ガ/ /デ/キ/マ/ス/。/リ/ラ/ッ/ク/ス/ /シ/タ/イ/ /ト/キ/ヤ/ /シュー/チュー/ /シ/タ/イ/ /ト/キ/ニ/ /キ/ク/ノ/ニ/ /サイ/テキ/デ/ス/。/ジ/ダイ/ヲ/ /コ/エ/テ/ /アイ/サ/レ/ル/ /オン/ガク/デ/ス/。
手帳を 活用 する ことで、予定や タスクを 整理 し、時間を 効率的に 使う ことが できます。毎日の 予定を 書き込む ことで、やるべき ことを 忘れずに 済みます。目標を 設定 して 進捗を 記録 する ことで、達成感を 得る ことも できます。自分なりの 使い方を 工夫 する ことで、生活が より 充実 します。手書きの 手帳には、デジタルには ない 温かみが あります。	テ/チョー/ヲ/ /カツ/ヨー/ /ス/ル/ /コ/ト/デ/、/ヨ/テイ/ヤ/ /タ/ス/ク/ヲ/ /セイ/リ/ /シ/、/ジ/カン/ヲ/ /コー/リツ/テキ/ニ/ /ツカ/ウ/ /コ/ト/ガ/ /デ/キ/マ/ス/。/マイ/ニチ/ノ/ /ヨ/テイ/ヲ/ /カ/キ/コ/ム/ /コ/ト/デ/、/ヤ/ル/ベ/キ/ /コ/ト/ヲ/ /ワス/レ/ズ/ニ/ /ス/ミ/マ/ス/。/モク/ヒョー/ヲ/ /セッ/テイ/ /シ/テ/ /シン/チョク/ヲ/ /キ/ロク/ /ス/ル/ /コ/ト/デ/、/タッ/セイ/カン/ヲ/ /エ/ル/ /コ/ト/モ/ /デ/キ/マ/ス/。/ジ/ブン/ナ/リ/ノ/ /ツカ/イ/カタ/ヲ/ /ク/フー/ /ス/ル/ /コ/ト/デ/、/セイ/カツ/ガ/ /ヨ/リ/ /ジュー/ジツ/ /シ/マ/ス/。/テ/ガ/キ/ノ/ /テ/チョー/ニ/ワ/、/デ/ジ/タ/ル/ニ/ワ/ /ナ/イ/ /アタタ/カ/ミ/ガ/ /ア/リ/マ/ス/。
天ぷらは 日本 料理の 代表的な 揚げ物で あり、海老や 野菜を 衣で 包んで 揚げた ものです。サクサクと した 食感と 素材の 旨味が 楽しめます。つゆに つけて 食べるのが 一般的ですが、塩で 食べる ことも あります。専門店では 職人が 目の 前で 揚げて くれる カウンター席が あり、出来たてを 味わえます。家庭でも 手軽に 作れる ため、人気の メニューです。	テン/プ/ラ/ワ/ /ニ/ホン/ /リョー/リ/ノ/ /ダイ/ヒョー/テキ/ナ/ /ア/ゲ/モノ/デ/ /ア/リ/、/エ/ビ/ヤ/ /ヤ/サイ/ヲ/ /コロモ/デ/ /ツツ/ン/デ/ /ア/ゲ/タ/ /モ/ノ/デ/ス/。/サ/ク/サ/ク/ト/ /シ/タ/ /ショッ/カン/ト/ /ソ/ザイ/ノ/ /ウマ/ミ/ガ/ /タノ/シ/メ/マ/ス/。/ツ/ユ/ニ/ /ツ/ケ/テ/ /タ/ベ/ル/ノ/ガ/ /イッ/パン/テキ/デ/ス/ガ/、/シオ/デ/ /タ/ベ/ル/ /コ/ト/モ/ /ア/リ/マ/ス/。/セン/モン/テン/デ/ワ/ /ショク/ニン/ガ/ /メ/ノ/ /マエ/デ/ /ア/ゲ/テ/ /ク/レ/ル/ /カ/ウ/ン/タ/ー/セキ/ガ/ /ア/リ/、/デ/キ/タ/テ/ヲ/ /アジ/ワ/エ/マ/ス/。/カ/テイ/デ/モ/ /テ/ガル/ニ/ /ツク/レ/ル/ /タ/メ/、/ニン/キ/ノ/ /メ/ニュ/ー/デ/ス/。
マラソンは 長距離を 走る 競技で あり、完走 する ことは 大きな 達成感を もたらします。大会に 参加 する ことで、目標を 持って トレーニングに 励む ことが できます。走る ことで 体力が 向上 し、健康的な 生活 習慣が 身に つきます。沿道の 応援は 大きな 励みに なります。初心者は まず 短い 距離から 始めて、徐々に 距離を 伸ばして いくと 良いでしょう。	マ/ラ/ソ/ン/ワ/ /チョー/キョ/リ/ヲ/ /ハシ/ル/ /キョー/ギ/デ/ /ア/リ/、/カン/ソー/ /ス/ル/ /コ/ト/ワ/ /オオ/キ/ナ/ /タッ/セイ/カン/ヲ/ /モ/タ/ラ/シ/マ/ス/。/タイ/カイ/ニ/ /サン/カ/ /ス/ル/ /コ/ト/デ/、/モク/ヒョー/ヲ/ /モ/ッ/テ/ /ト/レ/ー/ニ/ン/グ/ニ/ /ハゲ/ム/ /コ/ト/ガ/ /デ/キ/マ/ス/。/ハシ/ル/ /コ/ト/デ/ /タイ/リョク/ガ/ /コー/ジョー/ /シ/、/ケン/コー/テキ/ナ/ /セイ/カツ/ /シュー/カン/ガ/ /ミ/ニ/ /ツ/キ/マ/ス/。/エン/ドー/ノ/ /オー/エン/ワ/ /オオ/キ/ナ/ /ハゲ/ミ/ニ/ /ナ/リ/マ/ス/。/ショ/シン/シャ/ワ/ /マ/ズ/ /ミジカ/イ/ /キョ/リ/カ/ラ/ /ハジ/メ/テ/、/ジョ/ジョ/ニ/ /キョ/リ/ヲ/ /ノ/バ/シ/テ/ /イ/ク/ト/ /ヨ/イ/デ/ショ/ー/。
盆栽は 小さな 鉢の 中で 樹木を 育てる 日本の 伝統的な 芸術です。剪定や 針金かけを 行いながら、理想の 形に 仕上げて いきます。長い 時間を かけて 育てる ことで、愛着が 湧きます。小さな 自然を 手元に 置く ことで、日々の 生活に 癒しを 与えて くれます。水やりや 日当たりの 管理など、丁寧な 世話が 必要です。奥深い 趣味と して 楽しめます。	ボン/サイ/ワ/ /チイ/サ/ナ/ ハチ/ノ/ /ナカ/デ/ /ジュ/モク/ヲ/ /ソダ/テ/ル/ /ニ/ホン/ノ/ /デン/トー/テキ/ナ/ /ゲイ/ジュツ/デ/ス/。/セン/テイ/ヤ/ /ハリ/ガネ/カ/ケ/ヲ/ /オコナ/イ/ナ/ガ/ラ/、/リ/ソー/ノ/ /カタチ/ニ/ /シ/ア/ゲ/テ/ /イ/キ/マ/ス/。/ナガ/イ/ /ジ/カン/ヲ/ /カ/ケ/テ/ /ソダ/テ/ル/ /コ/ト/デ/、/アイ/チャク/ガ/ /ワ/キ/マ/ス/。/チイ/サ/ナ/ /シ/ゼン/ヲ/ /テ/モト/ニ/ /オ/ク/ /コ/ト/デ/、/ヒ/ビ/ノ/ /セイ/カツ/ニ/ /イヤ/シ/ヲ/ /アタ/エ/テ/ /ク/レ/マ/ス/。/ミズ/ヤ/リ/ヤ/ /ヒ/ア/タ/リ/ノ/ /カン/リ/ナ/ド/、/テイ/ネイ/ナ/ /セ/ワ/ガ/ /ヒツ/ヨー/デ/ス/。/オク/ブカ/イ/ /シュ/ミ/ト/ /シ/テ/ /タノ/シ/メ/マ/ス/。
ピクニックは 晴れた 日に 公園などで 食事を 楽しむ アウトドア 活動です。お弁当や おやつを 持って、自然の 中で のんびり 過ごす ことが できます。家族や 友人と 一緒に 行く ことで、リラックス した 時間を 共有 できます。レジャー シートを 広げて、読書を したり 昼寝を したり するのも 気持ち 良いです。手軽に 自然を 楽しめる 方法です。	ピ/ク/ニ/ッ/ク/ワ/ /ハ/レ/タ/ /ヒ/ニ/ /コー/エン/ナ/ド/デ/ /ショク/ジ/ヲ/ /タノ/シ/ム/ /ア/ウ/ト/ド/ア/ /カツ/ドー/デ/ス/。/オ/ベン/トー/ヤ/ /オ/ヤ/ツ/ヲ/ /モ/ッ/テ/、/シ/ゼン/ノ/ /ナカ/デ/ /ノ/ン/ビ/リ/ /ス/ゴ/ス/ /コ/ト/ガ/ /デ/キ/マ/ス/。/カ/ゾク/ヤ/ /ユー/ジン/ト/ /イッ/ショ/ニ/ /イ/ク/ /コ/ト/デ/、/リ/ラ/ッ/ク/ス/ /シ/タ/ /ジ/カン/ヲ/ /キョー/ユー/ /デ/キ/マ/ス/。/レ/ジャ/ー/ /シ/ー/ト/ヲ/ /ヒロ/ゲ/テ/、/ドク/ショ/ヲ/ /シ/タ/リ/ /ヒル/ネ/ヲ/ /シ/タ/リ/ /ス/ル/ノ/モ/ /キ/モ/チ/ /ヨ/イ/デ/ス/。/テ/ガル/ニ/ /シ/ゼン/ヲ/ /タノ/シ/メ/ル/ /ホー/ホー/デ/ス/。
切り絵は 紙を カッターや ハサミで 切り抜いて、模様や 絵を 作る 芸術です。繊細な デザインを 切り抜くには 集中力と 技術が 必要です。完成 した 作品は 額に 入れて 飾る ことが でき、インテリアと しても 楽しめます。白と 黒の コントラストが 美しく、シンプルで ありながら 深い 表現が できます。初心者向けの 簡単な 図案から 始めると 良いでしょう。	キ/リ/エ/ワ/ /カミ/ヲ/ /カ/ッ/タ/ー/ヤ/ /ハ/サ/ミ/デ/ /キ/リ/ヌ/イ/テ/、/モ/ヨー/ヤ/ /エ/ヲ/ /ツク/ル/ /ゲイ/ジュツ/デ/ス/。/セン/サイ/ナ/ /デ/ザ/イ/ン/ヲ/ /キ/リ/ヌ/ク/ニ/ワ/ /シュー/チュー/リョク/ト/ /ギ/ジュツ/ガ/ /ヒツ/ヨー/デ/ス/。/カン/セイ/ /シ/タ/ /サク/ヒン/ワ/ /ガク/ニ/ /イ/レ/テ/ /カザ/ル/ /コ/ト/ガ/ /デ/キ/、/イ/ン/テ/リ/ア/ト/ /シ/テ/モ/ /タノ/シ/メ/マ/ス/。/シロ/ト/ /クロ/ノ/ /コ/ン/ト/ラ/ス/ト/ガ/ /ウツク/シ/ク/、/シ/ン/プ/ル/デ/ /ア/リ/ナ/ガ/ラ/ /フカ/イ/ /ヒョー/ゲン/ガ/ /デ/キ/マ/ス/。/ショ/シン/シャ/ム/ケ/ノ/ /カン/タン/ナ/ /ズ/アン/カ/ラ/ /ハジ/メ/ル/ト/ /ヨ/イ/デ/ショ/ー/。
カレーは 様々な 香辛料を 使った 料理で あり、日本では 国民食と して 親しまれて います。家庭ごとに 独自の レシピが あり、具材や 辛さを 調整 できます。ご飯に かけて 食べるのが 一般的ですが、ナンや パンと 合わせる ことも あります。レトルト カレーも 豊富に 販売 されて おり、手軽に 楽しめます。カレーを 食べると 元気が 出ます。	カ/レ/ー/ワ/ /サマ/ザマ/ナ/ /コー/シン/リョー/ヲ/ /ツカ/ッ/タ/ /リョー/リ/デ/ /ア/リ/、/ニ/ホン/デ/ワ/ /コク/ミン/ショク/ト/ /シ/テ/ /シタ/シ/マ/レ/テ/ /イ/マ/ス/。/カ/テイ/ゴ/ト/ニ/ /ドク/ジ/ノ/ /レ/シ/ピ/ガ/ /ア/リ/、/グ/ザイ/ヤ/ /カラ/サ/ヲ/ /チョー/セイ/ /デ/キ/マ/ス/。/ゴ/ハン/ニ/ /カ/ケ/テ/ /タ/ベ/ル/ノ/ガ/ /イッ/パン/テキ/デ/ス/ガ/、/ナ/ン/ヤ/ /パ/ン/ト/ /ア/ワ/セ/ル/ /コ/ト/モ/ /ア/リ/マ/ス/。/レ/ト/ル/ト/ /カ/レ/ー/モ/ /ホー/フ/ニ/ /ハン/バイ/ /サ/レ/テ/ /オ/リ/、/テ/ガル/ニ/ /タノ/シ/メ/マ/ス/。/カ/レ/ー/ヲ/ /タ/ベ/ル/ト/ /ゲン/キ/ガ/ /デ/マ/ス/。
書道は 筆と 墨を 使って 文字を 書く 日本の 伝統 芸術です。正しい 姿勢と 筆の 持ち方を 学ぶ ことで、美しい 文字が 書けるように なります。集中 して 筆を 運ぶ ことで、心が 落ち着きます。作品を 展示会に 出品 したり、年賀状に 活用 したり する ことも できます。練習を 重ねる ことで、字が 上達 し、自信が つきます。墨の 香りも 心地よいです。	ショ/ドー/ワ/ /フデ/ト/ /スミ/ヲ/ /ツカ/ッ/テ/ /モ/ジ/ヲ/ /カ/ク/ /ニ/ホン/ノ/ /デン/トー/ /ゲイ/ジュツ/デ/ス/。/タダ/シ/イ/ /シ/セイ/ト/ /フデ/ノ/ /モ/チ/カタ/ヲ/ /マナ/ブ/ /コ/ト/デ/、/ウツク/シ/イ/ /モ/ジ/ガ/ /カ/ケ/ル/ヨ/ー/ニ/ /ナ/リ/マ/ス/。/シュー/チュー/ /シ/テ/ /フデ/ヲ/ /ハコ/ブ/ /コ/ト/デ/、/ココロ/ガ/ /オ/チ/ツ/キ/マ/ス/。/サク/ヒン/ヲ/ /テン/ジ/カイ/ニ/ /シュッ/ピン/ /シ/タ/リ/、/ネン/ガ/ジョー/ニ/ /カツ/ヨー/ /シ/タ/リ/ /ス/ル/ /コ/ト/モ/ /デ/キ/マ/ス/。/レン/シュー/ヲ/ /カサ/ネ/ル/ /コ/ト/デ/、/ジ/ガ/ /ジョー/タツ/ /シ/、/ジ/シン/ガ/ /ツ/キ/マ/ス/。/スミ/ノ/ /カオ/リ/モ/ /ココ/チ/ヨ/イ/デ/ス/。
サウナは 高温の 部屋に 入って 汗を かく ことで、体を リフレッシュ させる 健康法です。血行が 促進 され、疲労 回復や デトックス 効果が 期待 できます。サウナの 後に 水風呂に 入る ことで、爽快感が 得られます。近年では サウナ ブームが 起こり、専門 施設も 増えて います。適度な 時間で 利用 し、水分 補給を 忘れずに 行う ことが 大切です。	サ/ウ/ナ/ワ/ /コー/オン/ノ/ /ヘ/ヤ/ニ/ /ハイ/ッ/テ/ /アセ/ヲ/ /カ/ク/ /コ/ト/デ/、/カラダ/ヲ/ /リ/フ/レ/ッ/シュ/ /サ/セ/ル/ /ケン/コー/ホー/デ/ス/。/ケッ/コー/ガ/ /ソク/シン/ /サ/レ/、/ヒ/ロー/ /カイ/フク/ヤ/ /デ/ト/ッ/ク/ス/ /コー/カ/ガ/ /キ/タイ/ /デ/キ/マ/ス/。/サ/ウ/ナ/ノ/ /アト/ニ/ /ミズ/ブ/ロ/ニ/ /ハイ/ル/ /コ/ト/デ/、/ソー/カイ/カン/ガ/ /エ/ラ/レ/マ/ス/。/キン/ネン/デ/ワ/ /サ/ウ/ナ/ /ブ/ー/ム/ガ/ /オ/コ/リ/、/セン/モン/ /シ/セツ/モ/ /フ/エ/テ/ /イ/マ/ス/。/テキ/ド/ナ/ /ジ/カン/デ/ /リ/ヨー/ /シ/、/スイ/ブン/ /ホ/キュー/ヲ/ /ワス/レ/ズ/ニ/ /オコナ/ウ/ /コ/ト/ガ/ /タイ/セツ/デ/ス/。
模型 製作は プラモデルや ジオラマを 組み立てる 趣味で あり、細かい 作業を 楽しむ ことが できます。戦車、飛行機、キャラクターなど、様々な 種類が あります。塗装や 細部の 加工に こだわる ことで、リアルな 仕上がりに なります。完成 した 作品を 飾る ことで、達成感を 味わえます。集中力と 忍耐力が 養われる 趣味です。少しずつ 進めて いく 楽しみが あります。	モ/ケイ/ /セイ/サク/ワ/ /プ/ラ/モ/デ/ル/ヤ/ /ジ/オ/ラ/マ/ヲ/ /ク/ミ/タ/テ/ル/ /シュ/ミ/デ/ /ア/リ/、/コマ/カ/イ/ /サ/ギョー/ヲ/ /タノ/シ/ム/ /コ/ト/ガ/ /デ/キ/マ/ス/。/セン/シャ/、/ヒ/コー/キ/、/キャ/ラ/ク/タ/ー/ナ/ド/、/サマ/ザマ/ナ/ /シュ/ルイ/ガ/ /ア/リ/マ/ス/。/ト/ソー/ヤ/ /サイ/ブ/ノ/ /カ/コー/ニ/ /コ/ダ/ワ/ル/ /コ/ト/デ/、/リ/ア/ル/ナ/ /シ/ア/ガ/リ/ニ/ /ナ/リ/マ/ス/。/カン/セイ/ /シ/タ/ /サク/ヒン/ヲ/ /カザ/ル/ /コ/ト/デ/、/タッ/セイ/カン/ヲ/ /アジ/ワ/エ/マ/ス/。/シュー/チュー/リョク/ト/ /ニン/タイ/リョク/ガ/ /ヤシナ/ワ/レ/ル/ /シュ/ミ/デ/ス/。/スコ/シ/ズ/ツ/ /スス/メ/テ/ /イ/ク/ /タノ/シ/ミ/ガ/ /ア/リ/マ/ス/。
ジャズは 即興 演奏が 特徴的な 音楽 ジャンルで あり、自由で 洗練 された 雰囲気が あります。ライブ ハウスで 生演奏を 聴く ことで、その 場 限りの 音楽を 楽しむ ことが できます。ピアノ、サックス、トランペットなど、様々な 楽器が 使われます。リラックス したい ときや 大人の 雰囲気を 味わいたい ときに 最適です。ジャズを 聴きながら お酒を 楽しむのも 粋です。	ジャ/ズ/ワ/ /ソッ/キョー/ /エン/ソー/ガ/ /トク/チョー/テキ/ナ/ /オン/ガク/ /ジャ/ン/ル/デ/ /ア/リ/、/ジ/ユー/デ/ /セン/レン/ /サ/レ/タ/ /フン/イ/キ/ガ/ /ア/リ/マ/ス/。/ラ/イ/ブ/ /ハ/ウ/ス/デ/ /ナマ/エン/ソー/ヲ/ /キ/ク/ /コ/ト/デ/、/ソ/ノ/ /バ/ /カギ/リ/ノ/ /オン/ガク/ヲ/ /タノ/シ/ム/ /コ/ト/ガ/ /デ/キ/マ/ス/。/ピ/ア/ノ/、/サ/ッ/ク/ス/、/ト/ラ/ン/ペ/ッ/ト/ナ/ド/、/サマ/ザマ/ナ/ /ガッ/キ/ガ/ /ツカ/ワ/レ/マ/ス/。/リ/ラ/ッ/ク/ス/ /シ/タ/イ/ /ト/キ/ヤ/ /オト/ナ/ノ/ /フン/イ/キ/ヲ/ /アジ/ワ/イ/タ/イ/ /ト/キ/ニ/ /サイ/テキ/デ/ス/。/ジャ/ズ/ヲ/ /キ/キ/ナ/ガ/ラ/ /オ/サケ/ヲ/ /タノ/シ/ム/ノ/モ/ /イキ/デ/ス/。
散歩は 特別な 準備を 必要と せず、気軽に できる 運動です。近所を 歩くだけでも、気分 転換に なります。季節の 変化を 感じたり、新しい お店を 発見 したり する 楽しみが あります。ペットと 一緒に 散歩 する ことで、コミュニケーションの 時間にも なります。毎日 続ける ことで、健康 維持に 役立ちます。歩く ことで 頭も スッキリ します。	サン/ポ/ワ/ /トク/ベツ/ナ/ /ジュン/ビ/ヲ/ /ヒツ/ヨー/ト/ /セ/ズ/、/キ/ガル/ニ/ /デ/キ/ル/ /ウン/ドー/デ/ス/。/キン/ジョ/ヲ/ /アル/ク/ダ/ケ/デ/モ/、/キ/ブン/ /テン/カン/ニ/ /ナ/リ/マ/ス/。/キ/セツ/ノ/ /ヘン/カ/ヲ/ /カン/ジ/タ/リ/、/アタラ/シ/イ/ /オ/ミセ/ヲ/ /ハッ/ケン/ /シ/タ/リ/ /ス/ル/ /タノ/シ/ミ/ガ/ /ア/リ/マ/ス/。/ペ/ッ/ト/ト/ /イッ/ショ/ニ/ /サン/ポ/ /ス/ル/ /コ/ト/デ/、/コ/ミュ/ニ/ケ/ー/ショ/ン/ノ/ /ジ/カン/ニ/モ/ /ナ/リ/マ/ス/。/マイ/ニチ/ /ツヅ/ケ/ル/ /コ/ト/デ/、/ケン/コー/ /イ/ジ/ニ/ /ヤク/ダ/チ/マ/ス/。/アル/ク/ /コ/ト/デ/ /アタマ/モ/ /ス/ッ/キ/リ/ /シ/マ/ス/。
刺繍は 布に 糸で 模様を 縫い付ける 手芸です。色 とりどりの 糸を 使って、花や 動物、文字などを 表現 できます。手作りの 温もりが あり、オリジナルの 作品を 作る 楽しみが あります。ハンカチや バッグに 刺繍を 施す ことで、世界に 一つだけの アイテムに なります。細かい 作業ですが、完成 した ときの 喜びは 大きいです。集中 して リラックス できます。	シ/シュー/ワ/ /ヌノ/ニ/ /イト/デ/ /モ/ヨー/ヲ/ /ヌ/イ/ツ/ケ/ル/ /シュ/ゲイ/デ/ス/。/イロ/ /ト/リ/ド/リ/ノ/ /イト/ヲ/ /ツカ/ッ/テ/、/ハナ/ヤ/ /ドー/ブツ/、/モ/ジ/ナ/ド/ヲ/ /ヒョー/ゲン/ /デ/キ/マ/ス/。/テ/ヅク/リ/ノ/ /ヌク/モ/リ/ガ/ /ア/リ/、/オ/リ/ジ/ナ/ル/ノ/ /サク/ヒン/ヲ/ /ツク/ル/ /タノ/シ/ミ/ガ/ /ア/リ/マ/ス/。/ハ/ン/カ/チ/ヤ/ /バ/ッ/グ/ニ/ /シ/シュー/ヲ/ /ホドコ/ス/ /コ/ト/デ/、/セ/カイ/ニ/ /ヒト/ツ/ダ/ケ/ノ/ /ア/イ/テ/ム/ニ/ /ナ/リ/マ/ス/。/コマ/カ/イ/ /サ/ギョー/デ/ス/ガ/、/カン/セイ/ /シ/タ/ /ト/キ/ノ/ /ヨロコ/ビ/ワ/ /オオ/キ/イ/デ/ス/。/シュー/チュー/ /シ/テ/ /リ/ラ/ッ/ク/ス/ /デ/キ/マ/ス/。
パン作りは 小麦粉や 酵母を 使って 生地を 発酵 させ、焼き上げる 楽しい 活動です。焼きたての パンの 香りは 格別で、食欲を そそります。形や 具材を 変える ことで、様々な 種類の パンが 作れます。家族に 手作り パンを 振る舞う ことで、喜んで もらえます。発酵の 時間が 必要な ため、計画的に 作業を 進める ことが 大切です。失敗も 楽しみの 一つです。	パ/ン/ヅク/リ/ワ/ /コ/ムギ/コ/ヤ/ /コー/ボ/ヲ/ /ツカ/ッ/テ/ /キ/ジ/ヲ/ /ハッ/コー/ /サ/セ/、/ヤ/キ/ア/ゲ/ル/ /タノ/シ/イ/ /カツ/ドー/デ/ス/。/ヤ/キ/タ/テ/ノ/ /パ/ン/ノ/ /カオ/リ/ワ/ /カク/ベツ/デ/、/ショク/ヨク/ヲ/ /ソ/ソ/リ/マ/ス/。/カタチ/ヤ/ /グ/ザイ/ヲ/ /カ/エ/ル/ /コ/ト/デ/、/サマ/ザマ/ナ/ /シュ/ルイ/ノ/ /パ/ン/ガ/ /ツク/レ/マ/ス/。/カ/ゾク/ニ/ /テ/ヅク/リ/ /パ/ン/ヲ/ /フ/ル/マ/ウ/ /コ/ト/デ/、/ヨロコ/ン/デ/ /モ/ラ/エ/マ/ス/。/ハッ/コー/ノ/ /ジ/カン/ガ/ /ヒツ/ヨー/ナ/ /タ/メ/、/ケイ/カク/テキ/ニ/ /サ/ギョー/ヲ/ /スス/メ/ル/ /コ/ト/ガ/ /タイ/セツ/デ/ス/。/シッ/パイ/モ/ /タノ/シ/ミ/ノ/ /ヒト/ツ/デ/ス/。
ドライブは 車で 好きな 場所へ 出かける 楽しい 活動です。景色の 良い ルートを 選んで 走る ことで、気分 転換が できます。音楽を かけながら 運転 する ことで、リラックス できます。道の駅や サービス エリアで 休憩 しながら、ご当地 グルメを 楽しむのも 良いでしょう。長距離の 場合は、適度に 休憩を 取り、安全 運転を 心がける ことが 重要です。	ド/ラ/イ/ブ/ワ/ /クルマ/デ/ /ス/キ/ナ/ /バ/ショ/エ/ /デ/カ/ケ/ル/ /タノ/シ/イ/ /カツ/ドー/デ/ス/。/ケ/シキ/ノ/ /ヨ/イ/ /ル/ー/ト/ヲ/ /エラ/ン/デ/ /ハシ/ル/ /コ/ト/デ/、/キ/ブン/ /テン/カン/ガ/ /デ/キ/マ/ス/。/オン/ガク/ヲ/ /カ/ケ/ナ/ガ/ラ/ /ウン/テン/ /ス/ル/ /コ/ト/デ/、/リ/ラ/ッ/ク/ス/ /デ/キ/マ/ス/。/ミチ/ノ/エキ/ヤ/ /サ/ー/ビ/ス/ /エ/リ/ア/デ/ /キュー/ケイ/ /シ/ナ/ガ/ラ/、/ゴ/トー/チ/ /グ/ル/メ/ヲ/ /タノ/シ/ム/ノ/モ/ /ヨ/イ/デ/ショ/ー/。/チョー/キョ/リ/ノ/ /バ/アイ/ワ/、/テキ/ド/ニ/ /キュー/ケイ/ヲ/ /ト/リ/、/アン/ゼン/ /ウン/テン/ヲ/ /ココロ/ガ/ケ/ル/ /コ/ト/ガ/ /ジュー/ヨー/デ/ス/。
占いは 未来を 予測 したり、自分の 性格を 知ったり する ための 娯楽です。星座 占い、タロット 占い、手相 占いなど、様々な 種類が あります。良い 結果が 出ると 嬉しく なり、モチベーションが 上がります。占いを 信じすぎず、参考 程度に する ことが 大切です。友人と 一緒に 占いの 結果を 話し合うのも 楽しいです。新しい 視点を 得られる ことも あります。	ウラナ/イ/ワ/ /ミ/ライ/ヲ/ /ヨ/ソク/ /シ/タ/リ/、/ジ/ブン/ノ/ /セイ/カク/ヲ/ /シ/ッ/タ/リ/ /ス/ル/ /タ/メ/ノ/ /ゴ/ラク/デ/ス/。/セイ/ザ/ /ウラナ/イ/、/タ/ロ/ッ/ト/ /ウラナ/イ/、/テ/ソー/ /ウラナ/イ/ナ/ド/、/サマ/ザマ/ナ/ /シュ/ルイ/ガ/ /ア/リ/マ/ス/。/ヨ/イ/ /ケッ/カ/ガ/ /デ/ル/ト/ /ウレ/シ/ク/ /ナ/リ/、/モ/チ/ベ/ー/ショ/ン/ガ/ /ア/ガ/リ/マ/ス/。/ウラナ/イ/ヲ/ /シン/ジ/ス/ギ/ズ/、/サン/コー/ /テイ/ド/ニ/ /ス/ル/ /コ/ト/ガ/ /タイ/セツ/デ/ス/。/ユー/ジン/ト/ /イッ/ショ/ニ/ /ウラナ/イ/ノ/ /ケッ/カ/ヲ/ /ハナ/シ/ア/ウ/ノ/モ/ /タノ/シ/イ/デ/ス/。/アタラ/シ/イ/ /シ/テン/ヲ/ /エ/ラ/レ/ル/ /コ/ト/モ/ /ア/リ/マ/ス/。
パズル ゲームは 論理的 思考を 必要と する 遊びで あり、スマートフォンや ゲーム機で 手軽に 楽しめます。短時間で 遊べる ものから、じっくり 取り組む ものまで 様々です。クリア した ときの 達成感が 次の ステージへの 意欲を 高めます。通勤 時間や 待ち 時間に 最適な 暇つぶしです。頭の 体操にも なり、集中力を 鍛える ことが できます。無料で 遊べる ものも 多いです。	パ/ズ/ル/ /ゲ/ー/ム/ワ/ /ロン/リ/テキ/ /シ/コー/ヲ/ /ヒツ/ヨー/ト/ /ス/ル/ /アソ/ビ/デ/ /ア/リ/、/ス/マ/ー/ト/フォ/ン/ヤ/ /ゲ/ー/ム/キ/デ/ /テ/ガル/ニ/ /タノ/シ/メ/マ/ス/。/タン/ジ/カン/デ/ /アソ/ベ/ル/ /モ/ノ/カ/ラ/、/ジ/ッ/ク/リ/ /ト/リ/ク/ム/ /モ/ノ/マ/デ/ /サマ/ザマ/デ/ス/。/ク/リ/ア/ /シ/タ/ /ト/キ/ノ/ /タッ/セイ/カン/ガ/ /ツギ/ノ/ /ス/テ/ー/ジ/エ/ノ/ /イ/ヨク/ヲ/ /タカ/メ/マ/ス/。/ツー/キン/ /ジ/カン/ヤ/ /マ/チ/ /ジ/カン/ニ/ /サイ/テキ/ナ/ /ヒマ/ツ/ブ/シ/デ/ス/。/アタマ/ノ/ /タイ/ソー/ニ/モ/ /ナ/リ/、/シュー/チュー/リョク/ヲ/ /キタ/エ/ル/ /コ/ト/ガ/ /デ/キ/マ/ス/。/ム/リョー/デ/ /アソ/ベ/ル/ /モ/ノ/モ/ /オオ/イ/デ/ス/。
寿司は 新鮮な 魚介類を 使った 日本 料理の 代表格で あり、世界中で 人気が あります。職人が 握る 寿司は、見た 目も 美しく、味も 格別です。回転 寿司では、手頃な 価格で 様々な 種類を 楽しめます。醤油や わさびを つけて 食べるのが 一般的です。特別な 日には 高級 寿司店で 贅沢を するのも 良いでしょう。新鮮な ネタの 美味しさは 格別です。	ス/シ/ワ/ /シン/セン/ナ/ /ギョ/カイ/ルイ/ヲ/ /ツカ/ッ/タ/ /ニ/ホン/ /リョー/リ/ノ/ /ダイ/ヒョー/カク/デ/ /ア/リ/、/セ/カイ/ジュー/デ/ /ニン/キ/ガ/ /ア/リ/マ/ス/。/ショク/ニン/ガ/ /ニギ/ル/ /ス/シ/ワ/、/ミ/タ/ /メ/モ/ /ウツク/シ/ク/、/アジ/モ/ /カク/ベツ/デ/ス/。/カイ/テン/ /ズ/シ/デ/ワ/、/テ/ゴロ/ナ/ /カ/カク/デ/ /サマ/ザマ/ナ/ /シュ/ルイ/ヲ/ /タノ/シ/メ/マ/ス/。/ショー/ユ/ヤ/ /ワ/サ/ビ/ヲ/ /ツ/ケ/テ/ /タ/ベ/ル/ノ/ガ/ /イッ/パン/テキ/デ/ス/。/トク/ベツ/ナ/ /ヒ/ニ/ワ/ /コー/キュー/ /ス/シ/テン/デ/ /ゼイ/タク/ヲ/ /ス/ル/ノ/モ/ /ヨ/イ/デ/ショ/ー/。/シン/セン/ナ/ /ネ/タ/ノ/ /オ/イ/シ/サ/ワ/ /カク/ベツ/デ/ス/。
トレッキングは 山道を 歩く 活動で あり、登山よりも 軽装で 楽しめます。自然の 中を 歩く ことで、日常の ストレスから 解放 されます。道中で 出会う 植物や 動物を 観察 するのも 楽しみの 一つです。適度な 運動に なり、健康 維持に 役立ちます。仲間と 一緒に 歩く ことで、会話を 楽しみながら 進めます。水分 補給と 休憩を 適度に 取りましょう。	ト/レ/ッ/キ/ン/グ/ワ/ /ヤマ/ミチ/ヲ/ /アル/ク/ /カツ/ドー/デ/ /ア/リ/、/ト/ザン/ヨ/リ/モ/ /ケイ/ソー/デ/ /タノ/シ/メ/マ/ス/。/シ/ゼン/ノ/ /ナカ/ヲ/ /アル/ク/ /コ/ト/デ/、/ニチ/ジョー/ノ/ /ス/ト/レ/ス/カ/ラ/ /カイ/ホー/ /サ/レ/マ/ス/。/ドー/チュー/デ/ /デ/ア/ウ/ /ショク/ブツ/ヤ/ /ドー/ブツ/ヲ/ /カン/サツ/ /ス/ル/ノ/モ/ /タノ/シ/ミ/ノ/ /ヒト/ツ/デ/ス/。/テキ/ド/ナ/ /ウン/ドー/ニ/ /ナ/リ/、/ケン/コー/ /イ/ジ/ニ/ /ヤク/ダ/チ/マ/ス/。/ナカ/マ/ト/ /イッ/ショ/ニ/ /アル/ク/ /コ/ト/デ/、/カイ/ワ/ヲ/ /タノ/シ/ミ/ナ/ガ/ラ/ /スス/メ/マ/ス/。/スイ/ブン/ /ホ/キュー/ト/ /キュー/ケイ/ヲ/ /テキ/ド/ニ/ /ト/リ/マ/ショ/ー/。
絵画は 色や 形を 使って 自分の 感性を 表現 する 芸術です。水彩、油絵、アクリルなど、画材に よって 表現 方法が 異なります。上手に 描けなくても、自分の 感じた ままに 描く ことが 大切です。美術館で 名画を 鑑賞 する ことで、インスピレーションを 得られます。描く ことで ストレス 解消に なり、創造力が 養われます。自分だけの 作品を 作る 喜びが あります。	カイ/ガ/ワ/ /イロ/ヤ/ /カタチ/ヲ/ /ツカ/ッ/テ/ /ジ/ブン/ノ/ /カン/セイ/ヲ/ /ヒョー/ゲン/ /ス/ル/ /ゲイ/ジュツ/デ/ス/。/スイ/サイ/、/アブラ/エ/、/ア/ク/リ/ル/ナ/ド/、/ガ/ザイ/ニ/ /ヨ/ッ/テ/ /ヒョー/ゲン/ /ホー/ホー/ガ/ /コト/ナ/リ/マ/ス/。/ジョー/ズ/ニ/ /エガ/ケ/ナ/ク/テ/モ/、/ジ/ブン/ノ/ /カン/ジ/タ/ /マ/マ/ニ/ /エガ/ク/ /コ/ト/ガ/ /タイ/セツ/デ/ス/。/ビ/ジュツ/カン/デ/ /メイ/ガ/ヲ/ /カン/ショー/ /ス/ル/ /コ/ト/デ/、/イ/ン/ス/ピ/レ/ー/ショ/ン/ヲ/ /エ/ラ/レ/マ/ス/。/エガ/ク/ /コ/ト/デ/ /ス/ト/レ/ス/ /カイ/ショー/ニ/ /ナ/リ/、/ソー/ゾー/リョク/ガ/ /ヤシナ/ワ/レ/マ/ス/。/ジ/ブン/ダ/ケ/ノ/ /サク/ヒン/ヲ/ /ツク/ル/ /ヨロコ/ビ/ガ/ /ア/リ/マ/ス/。
温かい スープは 体を 温め、心を 癒して くれる 料理です。野菜 たっぷりの スープは 栄養 バランスも 良く、健康的です。寒い 日には 特に 美味しく 感じられます。味噌汁、コーン スープ、ミネストローネなど、種類は 豊富です。簡単に 作れる ため、忙しい 日の 食事にも 最適です。スープを 飲む ことで、ホッと する 時間を 過ごせます。	アタタ/カ/イ/ /ス/ー/プ/ワ/ /カラダ/ヲ/ /アタタ/メ/、/ココロ/ヲ/ /イヤ/シ/テ/ /ク/レ/ル/ /リョー/リ/デ/ス/。/ヤ/サイ/ /タ/ッ/プ/リ/ノ/ /ス/ー/プ/ワ/ /エイ/ヨー/ /バ/ラ/ン/ス/モ/ /ヨ/ク/、/ケン/コー/テキ/デ/ス/。/サム/イ/ /ヒ/ニ/ワ/ /トク/ニ/ /オ/イ/シ/ク/ /カン/ジ/ラ/レ/マ/ス/。/ミソ/シ/ル/、/コ/ー/ン/ /ス/ー/プ/、/ミ/ネ/ス/ト/ロ/ー/ネ/ナ/ド/、/シュ/ルイ/ワ/ /ホー/フ/デ/ス/。/カン/タン/ニ/ /ツク/レ/ル/ /タ/メ/、/イソガ/シ/イ/ /ヒ/ノ/ /ショク/ジ/ニ/モ/ /サイ/テキ/デ/ス/。/ス/ー/プ/ヲ/ /ノ/ム/ /コ/ト/デ/、/ホ/ッ/ト/ /ス/ル/ /ジ/カン/ヲ/ /ス/ゴ/セ/マ/ス/。
カラオケは 歌を 歌う ことで ストレス 発散が できる 娯楽です。友人や 同僚と 一緒に 行く ことで、盛り上がります。好きな 曲を 思い切り 歌う ことで、気分が スッキリ します。最近の 機械は 採点 機能も あり、高得点を 目指す 楽しみも あります。一人 カラオケも 人気で、周りを 気に せず 練習 できます。歌う ことで 元気が 出ます。	カ/ラ/オ/ケ/ワ/ /ウタ/ヲ/ /ウタ/ウ/ /コ/ト/デ/ /ス/ト/レ/ス/ /ハッ/サン/ガ/ /デ/キ/ル/ /ゴ/ラク/デ/ス/。/ユー/ジン/ヤ/ /ドー/リョー/ト/ /イッ/ショ/ニ/ /イ/ク/ /コ/ト/デ/、/モ/リ/ア/ガ/リ/マ/ス/。/ス/キ/ナ/ /キョク/ヲ/ /オモ/イ/キ/リ/ /ウタ/ウ/ /コ/ト/デ/、/キ/ブン/ガ/ /ス/ッ/キ/リ/ /シ/マ/ス/。/サイ/キン/ノ/ /キ/カイ/ワ/ /サイ/テン/ /キ/ノー/モ/ /ア/リ/、/コー/トク/テン/ヲ/ /メ/ザ/ス/ /タノ/シ/ミ/モ/ /ア/リ/マ/ス/。/ヒト/リ/ /カ/ラ/オ/ケ/モ/ /ニン/キ/デ/、/マワ/リ/ヲ/ /キ/ニ/ /セ/ズ/ /レン/シュー/ /デ/キ/マ/ス/。/ウタ/ウ/ /コ/ト/デ/ /ゲン/キ/ガ/ /デ/マ/ス/。
アイス クリームは 冷たくて 甘い、夏の 定番 デザートです。バニラ、チョコレート、ストロベリーなど、フレーバーは 豊富です。暑い 日に 食べると、涼しさと 幸せを 感じられます。最近では、低カロリーや 健康 志向の アイス クリームも 増えて います。お気に入りの 味を 見つける 楽しみが あります。アイス クリーム屋さん 巡りも 楽しいです。	ア/イ/ス/ /ク/リ/ー/ム/ワ/ /ツメ/タ/ク/テ/ /アマ/イ/、/ナツ/ノ/ /テイ/バン/ /デ/ザ/ー/ト/デ/ス/。/バ/ニ/ラ/、/チョ/コ/レ/ー/ト/、/ス/ト/ロ/ベ/リ/ー/ナ/ド/、/フ/レ/ー/バ/ー/ワ/ /ホー/フ/デ/ス/。/アツ/イ/ /ヒ/ニ/ /タ/ベ/ル/ト/、/スズ/シ/サ/ト/ /シアワ/セ/ヲ/ /カン/ジ/ラ/レ/マ/ス/。/サイ/キン/デ/ワ/、/テイ/カ/ロ/リ/ー/ヤ/ /ケン/コー/ /シ/コー/ノ/ /ア/イ/ス/ /ク/リ/ー/ム/モ/ /フ/エ/テ/ /イ/マ/ス/。/オ/キ/ニ/イ/リ/ノ/ /アジ/ヲ/ /ミ/ツ/ケ/ル/ /タノ/シ/ミ/ガ/ /ア/リ/マ/ス/。/ア/イ/ス/ /ク/リ/ー/ム/ヤ/サ/ン/ /メグ/リ/モ/ /タノ/シ/イ/デ/ス/。
家庭 菜園は 自宅で 野菜や ハーブを 育てる 活動で あり、収穫の 喜びを 味わえます。トマトや キュウリなど、初心者でも 育て やすい 野菜から 始めると 良いでしょう。自分で 育てた 野菜は 新鮮で、味も 格別です。土に 触れる ことで リラックス 効果も あります。プランターを 使えば、ベランダでも 栽培 できます。毎日の 成長を 観察 するのが 楽しみです。	カ/テイ/ /サイ/エン/ワ/ /ジ/タク/デ/ /ヤ/サイ/ヤ/ /ハ/ー/ブ/ヲ/ /ソダ/テ/ル/ /カツ/ドー/デ/ /ア/リ/、/シュー/カク/ノ/ /ヨロコ/ビ/ヲ/ /アジ/ワ/エ/マ/ス/。/ト/マ/ト/ヤ/ /キュ/ー/リ/ナ/ド/、/ショ/シン/シャ/デ/モ/ /ソダ/テ/ /ヤ/ス/イ/ /ヤ/サイ/カ/ラ/ /ハジ/メ/ル/ト/ /ヨ/イ/デ/ショ/ー/。/ジ/ブン/デ/ /ソダ/テ/タ/ /ヤ/サイ/ワ/ /シン/セン/デ/、/アジ/モ/ /カク/ベツ/デ/ス/。/ツチ/ニ/ /フ/レ/ル/ /コ/ト/デ/ /リ/ラ/ッ/ク/ス/ /コー/カ/モ/ /ア/リ/マ/ス/。/プ/ラ/ン/タ/ー/ヲ/ /ツカ/エ/バ/、/ベ/ラ/ン/ダ/デ/モ/ /サイ/バイ/ /デ/キ/マ/ス/。/マイ/ニチ/ノ/ /セイ/チョー/ヲ/ /カン/サツ/ /ス/ル/ノ/ガ/ /タノ/シ/ミ/デ/ス/。
バーベキューは 屋外で 肉や 野菜を 焼いて 楽しむ 食事 スタイルです。家族や 友人と 一緒に 準備や 調理を する ことで、一体 感が 生まれます。炭火で 焼いた 肉は 香ばしく、格別の 美味しさです。自然の 中で 食べる ことで、開放感を 味わえます。後片付けまで しっかり 行い、ゴミは 持ち帰りましょう。夏の 思い出 作りに 最適です。	バ/ー/ベ/キュ/ー/ワ/ /オク/ガイ/デ/ /ニク/ヤ/ /ヤ/サイ/ヲ/ /ヤ/イ/テ/ /タノ/シ/ム/ /ショク/ジ/ /ス/タ/イ/ル/デ/ス/。/カ/ゾク/ヤ/ /ユー/ジン/ト/ /イッ/ショ/ニ/ /ジュン/ビ/ヤ/ /チョー/リ/ヲ/ /ス/ル/ /コ/ト/デ/、/イッ/タイ/ /カン/ガ/ /ウ/マ/レ/マ/ス/。/スミ/ビ/デ/ /ヤ/イ/タ/ /ニク/ワ/ /コー/バ/シ/ク/、/カク/ベツ/ノ/ /オ/イ/シ/サ/デ/ス/。/シ/ゼン/ノ/ /ナカ/デ/ /タ/ベ/ル/ /コ/ト/デ/、/カイ/ホー/カン/ヲ/ /アジ/ワ/エ/マ/ス/。/アト/カタ/ヅ/ケ/マ/デ/ /シ/ッ/カ/リ/ /オコナ/イ/、/ゴ/ミ/ワ/ /モ/チ/カエ/リ/マ/ショ/ー/。/ナツ/ノ/ /オモ/イ/デ/ /ツク/リ/ニ/ /サイ/テキ/デ/ス/。
ハイキング シューズなどの 適切な 装備を 揃える ことで、快適に 山歩きを 楽しむ ことが できます。靴の サイズや フィット 感を 確認 して 購入 する ことが 大切です。防水性や 通気性の ある 素材を 選ぶ ことで、様々な 天候に 対応 できます。登山用の 靴下や 杖なども 揃えると、さらに 快適に なります。装備に 投資 する ことで、長く 安全に 楽しめます。	ハ/イ/キ/ン/グ/ /シュ/ー/ズ/ナ/ド/ノ/ /テキ/セツ/ナ/ /ソー/ビ/ヲ/ /ソロ/エ/ル/ /コ/ト/デ/、/カイ/テキ/ニ/ /ヤマ/アル/キ/ヲ/ /タノ/シ/ム/ /コ/ト/ガ/ /デ/キ/マ/ス/。/クツ/ノ/ /サ/イ/ズ/ヤ/ /フィ/ッ/ト/ /カン/ヲ/ /カク/ニン/ /シ/テ/ /コー/ニュー/ /ス/ル/ /コ/ト/ガ/ /タイ/セツ/デ/ス/。/ボー/スイ/セイ/ヤ/ /ツー/キ/セイ/ノ/ /ア/ル/ /ソ/ザイ/ヲ/ /エラ/ブ/ /コ/ト/デ/、/サマ/ザマ/ナ/ /テン/コー/ニ/ /タイ/オー/ /デ/キ/マ/ス/。/ト/ザン/ヨー/ノ/ /クツ/シタ/ヤ/ /ツエ/ナ/ド/モ/ /ソロ/エ/ル/ト/、/サ/ラ/ニ/ /カイ/テキ/ニ/ /ナ/リ/マ/ス/。/ソー/ビ/ニ/ /トー/シ/ /ス/ル/ /コ/ト/デ/、/ナガ/ク/ /アン/ゼン/ニ/ /タノ/シ/メ/マ/ス/。
コンビニエンス ストアは 二十四時間 営業で、いつでも 必要な ものを 購入 できる 便利な 店です。食品、日用品、雑誌など、品揃えが 豊富です。ATMや 公共 料金の 支払いも できる ため、生活に 欠かせない 存在です。新商品が 頻繁に 登場 する ため、訪れる たびに 新しい 発見が あります。急な 買い物にも 対応 できる 頼もしい 場所です。	コ/ン/ビ/ニ/エ/ン/ス/ /ス/ト/ア/ワ/ /2/_/4/ジ/カン/ /エイ/ギョー/デ/、/イ/ツ/デ/モ/ /ヒツ/ヨー/ナ/ /モ/ノ/ヲ/ /コー/ニュー/ /デ/キ/ル/ /ベン/リ/ナ/ /ミセ/デ/ス/。/ショク/ヒン/、/ニチ/ヨー/ヒン/、/ザッ/シ/ナ/ド/、/シナ/ゾロ/エ/ガ/ /ホー/フ/デ/ス/。/ATM/ヤ/ /コー/キョー/ /リョー/キン/ノ/ /シ/ハラ/イ/モ/ /デ/キ/ル/ /タ/メ/、/セイ/カツ/ニ/ /カ/カ/セ/ナ/イ/ /ソン/ザイ/デ/ス/。/シン/ショー/ヒン/ガ/ /ヒン/パン/ニ/ /トー/ジョー/ /ス/ル/ /タ/メ/、/オトズ/レ/ル/ /タ/ビ/ニ/ /アタラ/シ/イ/ /ハッ/ケン/ガ/ /ア/リ/マ/ス/。/キュー/ナ/ /カ/イ/モノ/ニ/モ/ /タイ/オー/ /デ/キ/ル/ /タノ/モ/シ/イ/ /バ/ショ/デ/ス/。
夕焼けは 一日の 終わりを 告げる 美しい 自然 現象です。空が オレンジ色や 赤色に 染まる 様子は、見る 人の 心を 和ませます。写真を 撮る ことで、その 瞬間を 記録 できます。海や 山から 見る 夕焼けは 特に 美しく、旅行の 思い出にも なります。夕焼けを 眺めながら、一日を 振り返る 時間を 持つのも 良いでしょう。自然の 美しさに 感謝 します。	ユー/ヤ/ケ/ワ/ /1/ニチ/ノ/ /オ/ワ/リ/ヲ/ /ツ/ゲ/ル/ /ウツク/シ/イ/ /シ/ゼン/ /ゲン/ショー/デ/ス/。/ソラ/ガ/ /オ/レ/ン/ジ/イロ/ヤ/ /アカ/イロ/ニ/ /ソ/マ/ル/ /ヨー/ス/ワ/、/ミ/ル/ /ヒト/ノ/ /ココロ/ヲ/ /ナゴ/マ/セ/マ/ス/。/シャ/シン/ヲ/ /ト/ル/ /コ/ト/デ/、/ソ/ノ/ /シュン/カン/ヲ/ /キ/ロク/ /デ/キ/マ/ス/。/ウミ/ヤ/ /ヤマ/カ/ラ/ /ミ/ル/ /ユー/ヤ/ケ/ワ/ /トク/ニ/ /ウツク/シ/ク/、/リョ/コー/ノ/ /オモ/イ/デ/ニ/モ/ /ナ/リ/マ/ス/。/ユー/ヤ/ケ/ヲ/ /ナガ/メ/ナ/ガ/ラ/、/1/ニチ/ヲ/ /フ/リ/カエ/ル/ /ジ/カン/ヲ/ /モ/ツ/ノ/モ/ /ヨ/イ/デ/ショ/ー/。/シ/ゼン/ノ/ /ウツク/シ/サ/ニ/ /カン/シャ/ /シ/マ/ス/。
テニスは ラケットで ボールを 打ち合う スポーツで あり、運動量が 多く 体力を 鍛えられます。シングルスや ダブルスで 楽しむ ことが でき、友人や 家族と 対戦 する ことで 盛り上がります。正確な ショットを 打つ ためには、練習が 必要です。コートを 借りて プレイ する ことで、本格的な 試合 気分を 味わえます。汗を 流す ことで、爽快感が 得られます。	テ/ニ/ス/ワ/ /ラ/ケ/ッ/ト/デ/ /ボ/ー/ル/ヲ/ /ウ/チ/ア/ウ/ /ス/ポ/ー/ツ/デ/ /ア/リ/、/ウン/ドー/リョー/ガ/ /オオ/ク/ /タイ/リョク/ヲ/ /キタ/エ/ラ/レ/マ/ス/。/シ/ン/グ/ル/ス/ヤ/ /ダ/ブ/ル/ス/デ/ /タノ/シ/ム/ /コ/ト/ガ/ /デ/キ/、/ユー/ジン/ヤ/ /カ/ゾク/ト/ /タイ/セン/ /ス/ル/ /コ/ト/デ/ /モ/リ/ア/ガ/リ/マ/ス/。/セイ/カク/ナ/ /ショ/ッ/ト/ヲ/ /ウ/ツ/ /タ/メ/ニ/ワ/、/レン/シュー/ガ/ /ヒツ/ヨー/デ/ス/。/コ/ー/ト/ヲ/ /カ/リ/テ/ /プ/レ/イ/ /ス/ル/ /コ/ト/デ/、/ホン/カク/テキ/ナ/ /シ/アイ/ /キ/ブン/ヲ/ /アジ/ワ/エ/マ/ス/。/アセ/ヲ/ /ナガ/ス/ /コ/ト/デ/、/ソー/カイ/カン/ガ/ /エ/ラ/レ/マ/ス/。
チーズは 乳製品から 作られる 食品で あり、様々な 種類と 風味が あります。その まま 食べても 美味しいですし、料理に 使う ことで 風味が 増します。ワインとの 相性が 良く、組み合わせる ことで 贅沢な 時間を 過ごせます。チーズ 専門店では、試食を しながら 好みの ものを 選べます。カルシウムも 豊富で、栄養価の 高い 食品です。	チ/ー/ズ/ワ/ /ニュー/セイ/ヒン/カ/ラ/ /ツク/ラ/レ/ル/ /ショク/ヒン/デ/ /ア/リ/、/サマ/ザマ/ナ/ /シュ/ルイ/ト/ /フー/ミ/ガ/ /ア/リ/マ/ス/。/ソ/ノ/ /マ/マ/ /タ/ベ/テ/モ/ /オ/イ/シ/イ/デ/ス/シ/、/リョー/リ/ニ/ /ツカ/ウ/ /コ/ト/デ/ /フー/ミ/ガ/ /マ/シ/マ/ス/。/ワ/イ/ン/ト/ノ/ /アイ/ショー/ガ/ /ヨ/ク/、/ク/ミ/ア/ワ/セ/ル/ /コ/ト/デ/ /ゼイ/タク/ナ/ /ジ/カン/ヲ/ /ス/ゴ/セ/マ/ス/。/チ/ー/ズ/ /セン/モン/テン/デ/ワ/、/シ/ショク/ヲ/ /シ/ナ/ガ/ラ/ /コノ/ミ/ノ/ /モ/ノ/ヲ/ /エラ/ベ/マ/ス/。/カ/ル/シ/ウ/ム/モ/ /ホー/フ/デ/、/エイ/ヨー/カ/ノ/ /タカ/イ/ /ショク/ヒン/デ/ス/。
工作は 紙や 木材などを 使って、何かを 作り上げる 創造的な 活動です。子どもの 遊びと してだけで なく、大人の 趣味と しても 楽しめます。手を 動かす ことで、アイデアが 形に なる 喜びが あります。完成 した 作品は 実用品と して 使ったり、飾ったり できます。失敗を 恐れず、自由に 挑戦 する ことが 大切です。創造力が 刺激 されます。	コー/サク/ワ/ /カミ/ヤ/ /モク/ザイ/ナ/ド/ヲ/ /ツカ/ッ/テ/、/ナニ/カ/ヲ/ /ツク/リ/ア/ゲ/ル/ /ソー/ゾー/テキ/ナ/ /カツ/ドー/デ/ス/。/コ/ド/モ/ノ/ /アソ/ビ/ト/ /シ/テ/ダ/ケ/デ/ /ナ/ク/、/オト/ナ/ノ/ /シュ/ミ/ト/ /シ/テ/モ/ /タノ/シ/メ/マ/ス/。/テ/ヲ/ /ウゴ/カ/ス/ /コ/ト/デ/、/ア/イ/デ/ア/ガ/ /カタチ/ニ/ /ナ/ル/ /ヨロコ/ビ/ガ/ /ア/リ/マ/ス/。/カン/セイ/ /シ/タ/ /サク/ヒン/ワ/ /ジツ/ヨー/ヒン/ト/ /シ/テ/ /ツカ/ッ/タ/リ/、/カザ/ッ/タ/リ/ /デ/キ/マ/ス/。/シッ/パイ/ヲ/ /オソ/レ/ズ/、/ジ/ユー/ニ/ /チョー/セン/ /ス/ル/ /コ/ト/ガ/ /タイ/セツ/デ/ス/。/ソー/ゾー/リョク/ガ/ /シ/ゲキ/ /サ/レ/マ/ス/。
夜景は 都市の 灯りが 作り出す 美しい 景色で あり、ロマンチックな 雰囲気を 演出 します。高層 ビルや 展望台から 見下ろす 夜景は、圧巻です。デート スポットと しても 人気が あり、特別な 時間を 過ごせます。写真 撮影にも 最適で、長時間 露光で 撮ると 幻想的な 写真に なります。夜景を 見ながら、静かに 語り合う 時間は 心に 残ります。	ヤ/ケイ/ワ/ /ト/シ/ノ/ /アカ/リ/ガ/ /ツク/リ/ダ/ス/ /ウツク/シ/イ/ /ケシ/キ/デ/ /ア/リ/、/ロ/マ/ン/チ/ッ/ク/ナ/ /フン/イ/キ/ヲ/ /エン/シュツ/ /シ/マ/ス/。/コー/ソー/ /ビ/ル/ヤ/ /テン/ボー/ダイ/カ/ラ/ /ミ/オ/ロ/ス/ /ヤ/ケイ/ワ/、/アッ/カン/デ/ス/。/デ/ー/ト/ /ス/ポ/ッ/ト/ト/ /シ/テ/モ/ /ニン/キ/ガ/ /ア/リ/、/トク/ベツ/ナ/ /ジ/カン/ヲ/ /ス/ゴ/セ/マ/ス/。/シャ/シン/ /サツ/エイ/ニ/モ/ /サイ/テキ/デ/、/チョー/ジ/カン/ /ロ/コー/デ/ /ト/ル/ト/ /ゲン/ソー/テキ/ナ/ /シャ/シン/ニ/ /ナ/リ/マ/ス/。/ヤ/ケイ/ヲ/ /ミ/ナ/ガ/ラ/、/シズ/カ/ニ/ /カタ/リ/ア/ウ/ /ジ/カン/ワ/ /ココロ/ニ/ /ノコ/リ/マ/ス/。
ヨーグルトは 乳酸菌を 含む 健康的な 食品で あり、腸内 環境を 整える 効果が あります。朝食や デザートと して 手軽に 食べられます。フルーツや グラノーラと 合わせる ことで、栄養 バランスが 向上 します。プレーン タイプや フレーバー タイプなど、好みに 合わせて 選べます。定期的に 摂取 する ことで、健康 維持に 役立ちます。美味しく 健康を サポート できます。	ヨ/ー/グ/ル/ト/ワ/ /ニュー/サン/キン/ヲ/ /フク/ム/ /ケン/コー/テキ/ナ/ /ショク/ヒン/デ/ /ア/リ/、/チョー/ナイ/ /カン/キョー/ヲ/ /トトノ/エ/ル/ /コー/カ/ガ/ /ア/リ/マ/ス/。/チョー/ショク/ヤ/ /デ/ザ/ー/ト/ト/ /シ/テ/ /テ/ガル/ニ/ /タ/ベ/ラ/レ/マ/ス/。/フ/ル/ー/ツ/ヤ/ /グ/ラ/ノ/ー/ラ/ト/ /ア/ワ/セ/ル/ /コ/ト/デ/、/エイ/ヨー/ /バ/ラ/ン/ス/ガ/ /コー/ジョー/ /シ/マ/ス/。/プ/レ/ー/ン/ /タ/イ/プ/ヤ/ /フ/レ/ー/バ/ー/ /タ/イ/プ/ナ/ド/、/コノ/ミ/ニ/ /ア/ワ/セ/テ/ /エラ/ベ/マ/ス/。/テイ/キ/テキ/ニ/ /セッ/シュ/ /ス/ル/ /コ/ト/デ/、/ケン/コー/ /イ/ジ/ニ/ /ヤク/ダ/チ/マ/ス/。/オ/イ/シ/ク/ /ケン/コー/ヲ/ /サ/ポ/ー/ト/ /デ/キ/マ/ス/。
キャンドルの 灯りは 柔らかく、リラックス した 雰囲気を 作り出します。アロマ キャンドルを 使えば、香りも 楽しめます。お風呂や ベッド ルームで 使う ことで、癒しの 時間を 過ごせます。停電時の 備えと しても 役立ちます。火を 使う ため、安全に 注意 して 使用 する ことが 大切です。ゆらゆらと 揺れる 炎を 見て いると、心が 落ち着きます。	キャ/ン/ド/ル/ノ/ /アカ/リ/ワ/ /ヤワ/ラ/カ/ク/、/リ/ラ/ッ/ク/ス/ /シ/タ/ /フン/イ/キ/ヲ/ /ツク/リ/ダ/シ/マ/ス/。/ア/ロ/マ/ /キャ/ン/ド/ル/ヲ/ /ツカ/エ/バ/、/カオ/リ/モ/ /タノ/シ/メ/マ/ス/。/オ/フ/ロ/ヤ/ /ベ/ッ/ド/ /ル/ー/ム/デ/ /ツカ/ウ/ /コ/ト/デ/、/イヤ/シ/ノ/ /ジ/カン/ヲ/ /ス/ゴ/セ/マ/ス/。/テイ/デン/ジ/ノ/ /ソナ/エ/ト/ /シ/テ/モ/ /ヤク/ダ/チ/マ/ス/。/ヒ/ヲ/ /ツカ/ウ/ /タ/メ/、/アン/ゼン/ニ/ /チュー/イ/ /シ/テ/ /シ/ヨー/ /ス/ル/ /コ/ト/ガ/ /タイ/セツ/デ/ス/。/ユ/ラ/ユ/ラ/ト/ /ユ/レ/ル/ /ホノオ/ヲ/ /ミ/テ/ /イ/ル/ト/、/ココロ/ガ/ /オ/チ/ツ/キ/マ/ス/。
美しいのだ、春の 桜が 満開に 咲き誇る 姿は。淡い ピンク色の 花びらが 風に 舞い、訪れる 人々の 心を 和ませる。その 儚い 美しさこそが、日本人に 深く 愛される 理由なので ある。毎年この 季節を 心待ちに する 人は 多い。桜の 下で 過ごす 時間は、まさに 至福の ひとときと 言えよう。短い 開花 期間だからこそ、その 価値は 高まるのだ。	ウツク/シ/イ/ノ/ダ/、/ハル/ノ/ /サクラ/ガ/ /マン/カイ/ニ/ /サ/キ/ホコ/ル/ /スガタ/ワ/。/アワ/イ/ /ピ/ン/ク/イロ/ノ/ /ハナ/ビ/ラ/ガ/ /フー/ニ/ /マ/イ/、/オトズ/レ/ル/ /ヒト/ビト/ノ/ /ココロ/ヲ/ /ナゴ/マ/セ/ル/。/ソ/ノ/ /ハカナ/イ/ /ウツク/シ/サ/コ/ソ/ガ/、/ニ/ホン/ジン/ニ/ /フカ/ク/ /アイ/サ/レ/ル/ /リ/ユー/ナ/ノ/デ/ /ア/ル/。/マイ/トシ/コ/ノ/ /キ/セツ/ヲ/ /ココロ/マ/チ/ニ/ /ス/ル/ /ヒト/ワ/ /オオ/イ/。/サクラ/ノ/ /モト/デ/ /ス/ゴ/ス/ /ジ/カン/ワ/、/マ/サ/ニ/ /シ/フク/ノ/ /ヒ/ト/ト/キ/ト/ /イ/エ/ヨ/ウ/。/ミジカ/イ/ /カイ/カ/ /キ/カン/ダ/カ/ラ/コ/ソ/、/ソ/ノ/ /カ/チ/ワ/ /タカ/マ/ル/ノ/ダ/。
忘れられないのだ、あの 夏の 日の 思い出は。友人たちと 海で 泳ぎ、夜には 花火を 見上げた。何気 ない 日常の 中にこそ、かけがえの ない 宝物が 隠れて いる。時が 経つほどに、その 記憶は 色褪せる こと なく 心に 刻まれる。今でも 鮮明に 思い出せるのは、そこに 本物の 喜びが あったからだろう。大切に したい ものだ、こう した 思い出を。	ワス/レ/ラ/レ/ナ/イ/ノ/ダ/、/ア/ノ/ /ナツ/ノ/ /ヒ/ノ/ /オモ/イ/デ/ワ/。/ユー/ジン/タ/チ/ト/ /ウミ/デ/ /オヨ/ギ/、/ヨル/ニ/ワ/ /ハナ/ビ/ヲ/ /ミ/ア/ゲ/タ/。/ナニ/ゲ/ /ナ/イ/ /ニチ/ジョー/ノ/ /ナカ/ニ/コ/ソ/、/カ/ケ/ガ/エ/ノ/ /ナ/イ/ /タカラ/モノ/ガ/ /カク/レ/テ/ /イ/ル/。/トキ/ガ/ /タ/ツ/ホ/ド/ニ/、/ソ/ノ/ /キ/オク/ワ/ /イロ/ア/セ/ル/ /コ/ト/ /ナ/ク/ /ココロ/ニ/ /キザ/マ/レ/ル/。/イマ/デ/モ/ /セン/メイ/ニ/ /オモ/イ/ダ/セ/ル/ノ/ワ/、/ソ/コ/ニ/ /ホン/モノ/ノ/ /ヨロコ/ビ/ガ/ /ア/ッ/タ/カ/ラ/ダ/ロ/ー/。/タイ/セツ/ニ/ /シ/タ/イ/ /モ/ノ/ダ/、/コ/ー/ /シ/タ/ /オモ/イ/デ/ヲ/。
信じられないのだ、ここまで 成長 できた ことが。困難に 直面 する たびに 諦めそうに なったが、支えて くれる 人が いた。一歩ずつ 進んで きた 道のりを 振り返ると、感謝の 気持ちが 溢れて くる。自分 一人の 力では なかったのだと、今なら 分かる。これからも 努力を 続けて いきたい。成し遂げられたのだ、多くの 人の 助けに よって。	シン/ジ/ラ/レ/ナ/イ/ノ/ダ/、/コ/コ/マ/デ/ /セイ/チョー/ /デ/キ/タ/ /コ/ト/ガ/。/コン/ナン/ニ/ /チョク/メン/ /ス/ル/ /タ/ビ/ニ/ /アキラ/メ/ソ/ー/ニ/ /ナ/ッ/タ/ガ/、/ササ/エ/テ/ /ク/レ/ル/ /ヒト/ガ/ /イ/タ/。/イッ/ポ/ズ/ツ/ /スス/ン/デ/ /キ/タ/ /ミチ/ノ/リ/ヲ/ /フ/リ/カエ/ル/ト/、/カン/シャ/ノ/ /キ/モ/チ/ガ/ /アフ/レ/テ/ /ク/ル/。/ジ/ブン/ /ヒト/リ/ノ/ /チカラ/デ/ワ/ /ナ/カ/ッ/タ/ノ/ダ/ト/、/イマ/ナ/ラ/ /ワ/カ/ル/。/コ/レ/カ/ラ/モ/ /ド/リョク/ヲ/ /ツヅ/ケ/テ/ /イ/キ/タ/イ/。/ナ/シ/ト/ゲ/ラ/レ/タ/ノ/ダ/、/オオ/ク/ノ/ /ヒト/ノ/ /タス/ケ/ニ/ /ヨ/ッ/テ/。
大切なのだ、家族と 過ごす 何気ない 時間が。日々の 忙しさに 追われて いると、つい 見過ごして しまいがちに なる。しかし、共に 食卓を 囲み、笑い合う 瞬間こそが 人生の 本当の 豊かさで ある。お金では 買えない ものが そこには ある。当たり前だと 思って いた 幸せに、改めて 気づかされる ことが ある。感謝 すべきなのだ、この 平凡な 日常に。	タイ/セツ/ナ/ノ/ダ/、/カ/ゾク/ト/ /ス/ゴ/ス/ /ナニ/ゲ/ナ/イ/ /ジ/カン/ガ/。/ヒ/ビ/ノ/ /イソガ/シ/サ/ニ/ /オ/ワ/レ/テ/ /イ/ル/ト/、/ツ/イ/ /ミ/ス/ゴ/シ/テ/ /シ/マ/イ/ガ/チ/ニ/ /ナ/ル/。/シ/カ/シ/、/トモ/ニ/ /ショク/タク/ヲ/ /カコ/ミ/、/ワラ/イ/ア/ウ/ /シュン/カン/コ/ソ/ガ/ /ジン/セイ/ノ/ /ホン/トー/ノ/ /ユタ/カ/サ/デ/ /ア/ル/。/オ/カネ/デ/ワ/ /カ/エ/ナ/イ/ /モ/ノ/ガ/ /ソ/コ/ニ/ワ/ /ア/ル/。/ア/タ/リ/マエ/ダ/ト/ /オモ/ッ/テ/ /イ/タ/ /シアワ/セ/ニ/、/アラタ/メ/テ/ /キ/ヅ/カ/サ/レ/ル/ /コ/ト/ガ/ /ア/ル/。/カン/シャ/ /ス/ベ/キ/ナ/ノ/ダ/、/コ/ノ/ /ヘイ/ボン/ナ/ /ニチ/ジョー/ニ/。
驚くべき ことなのだ、自然の 持つ 力の 大きさは。小さな 種から 大きな 木が 育ち、やがて 森と なる。人間の 想像を 超える 営みが、日々この 地球上で 繰り広げられて いる。私たちも その 一部で ある ことを 忘れては ならない。自然を 敬い、共存 して いく ことが 求められる。学ぶべきなのだ、自然の 摂理から 多くの ことを。	オドロ/ク/ベ/キ/ /コ/ト/ナ/ノ/ダ/、/シ/ゼン/ノ/ /モ/ツ/ /チカラ/ノ/ /オオ/キ/サ/ワ/。/チイ/サ/ナ/ /タネ/カ/ラ/ /オオ/キ/ナ/ /キ/ガ/ /ソダ/チ/、/ヤ/ガ/テ/ /モリ/ト/ /ナ/ル/。/ニン/ゲン/ノ/ /ソー/ゾー/ヲ/ /コ/エ/ル/ /イトナ/ミ/ガ/、/ヒ/ビ/ /コ/ノ/ /チ/キュー/ジョー/デ/ /ク/リ/ヒロ/ゲ/ラ/レ/テ/ /イ/ル/。/ワタシ/タ/チ/モ/ /ソ/ノ/ /イチ/ブ/デ/ /ア/ル/ /コ/ト/ヲ/ /ワス/レ/テ/ワ/ /ナ/ラ/ナ/イ/。/シ/ゼン/ヲ/ /ウヤマ/イ/、/キョー/ゾン/ /シ/テ/ /イ/ク/ /コ/ト/ガ/ /モト/メ/ラ/レ/ル/。/マナ/ブ/ベ/キ/ナ/ノ/ダ/、/シ/ゼン/ノ/ /セツ/リ/カ/ラ/ /オオ/ク/ノ/ /コ/ト/ヲ/。
ミュージカルは 歌と 踊りで 物語を 表現 する 舞台 芸術です。華やかな 衣装や セット、迫力の ある パフォーマンスは、観客を 魅了 します。有名な 作品は 世界中で 上演 されて おり、何度 観ても 楽しめます。劇場で 生の 舞台を 観る ことで、感動を 味わえます。ストーリーと 音楽が 一体と なった 表現は、映画とは 違う 魅力が あります。特別な 体験が できます。	ミュ/ー/ジ/カ/ル/ワ/ /ウタ/ト/ /オド/リ/デ/ /モノ/ガタリ/ヲ/ /ヒョー/ゲン/ /ス/ル/ /ブ/タイ/ /ゲイ/ジュツ/デ/ス/。/ハナ/ヤ/カ/ナ/ /イ/ショー/ヤ/ /セ/ッ/ト/、/ハク/リョク/ノ/ /ア/ル/ /パ/フォ/ー/マ/ン/ス/ワ/、/カン/キャク/ヲ/ /ミ/リョー/ /シ/マ/ス/。/ユー/メイ/ナ/ /サク/ヒン/ワ/ /セ/カイ/ジュー/デ/ /ジョー/エン/ /サ/レ/テ/ /オ/リ/、/ナン/ド/ /ミ/テ/モ/ /タノ/シ/メ/マ/ス/。/ゲキ/ジョー/デ/ /ナマ/ノ/ /ブ/タイ/ヲ/ /ミ/ル/ /コ/ト/デ/、/カン/ドー/ヲ/ /アジ/ワ/エ/マ/ス/。/ス/ト/ー/リ/ー/ト/ /オン/ガク/ガ/ /イッ/タイ/ト/ /ナ/ッ/タ/ /ヒョー/ゲン/ワ/、/エイ/ガ/ト/ワ/ /チガ/ウ/ /ミ/リョク/ガ/ /ア/リ/マ/ス/。/トク/ベツ/ナ/ /タイ/ケン/ガ/ /デ/キ/マ/ス/。
ランチは 一日の 中間に とる 食事で あり、午後の 活力源と なります。外食 する ことで、気分 転換にも なります。お気に入りの レストランや カフェを 見つける 楽しみが あります。お弁当を 持参 すれば、節約にも なり、健康的な 食事が 摂れます。同僚や 友人と ランチを 共に する ことで、コミュニケーションの 機会にも なります。美味しい ランチで 満足感が 得られます。	ラ/ン/チ/ワ/ /1/ニチ/ノ/ /チュー/カン/ニ/ /ト/ル/ /ショク/ジ/デ/ /ア/リ/、/ゴ/ゴ/ノ/ /カツ/リョク/ゲン/ト/ /ナ/リ/マ/ス/。/ガイ/ショク/ /ス/ル/ /コ/ト/デ/、/キ/ブン/ /テン/カン/ニ/モ/ /ナ/リ/マ/ス/。/オ/キ/ニ/イ/リ/ノ/ /レ/ス/ト/ラ/ン/ヤ/ /カ/フェ/ヲ/ /ミ/ツ/ケ/ル/ /タノ/シ/ミ/ガ/ /ア/リ/マ/ス/。/オ/ベン/トー/ヲ/ /ジ/サン/ /ス/レ/バ/、/セツ/ヤク/ニ/モ/ /ナ/リ/、/ケン/コー/テキ/ナ/ /ショク/ジ/ガ/ /ト/レ/マ/ス/。/ドー/リョー/ヤ/ /ユー/ジン/ト/ /ラ/ン/チ/ヲ/ /トモ/ニ/ /ス/ル/ /コ/ト/デ/、/コ/ミュ/ニ/ケ/ー/ショ/ン/ノ/ /キ/カイ/ニ/モ/ /ナ/リ/マ/ス/。/オ/イ/シ/イ/ /ラ/ン/チ/デ/ /マン/ゾク/カン/ガ/ /エ/ラ/レ/マ/ス/。
アクセサリーは 身に つける ことで、ファッションの アクセントに なります。ネックレス、ピアス、ブレスレットなど、種類は 豊富です。シンプルな コーディネートに アクセサリーを 加える ことで、華やかさが 増します。自分への ご褒美や 大切な 人への プレゼントにも 最適です。好みの デザインを 選ぶ ことで、個性を 表現 できます。身に つける ことで 気分が 上がります。	ア/ク/セ/サ/リ/ー/ワ/ /ミ/ニ/ /ツ/ケ/ル/ /コ/ト/デ/、/ファ/ッ/ショ/ン/ノ/ /ア/ク/セ/ン/ト/ニ/ /ナ/リ/マ/ス/。/ネ/ッ/ク/レ/ス/、/ピ/ア/ス/、/ブ/レ/ス/レ/ッ/ト/ナ/ド/、/シュ/ルイ/ワ/ /ホー/フ/デ/ス/。/シ/ン/プ/ル/ナ/ /コ/ー/ディ/ネ/ー/ト/ニ/ /ア/ク/セ/サ/リ/ー/ヲ/ /クワ/エ/ル/ /コ/ト/デ/、/ハナ/ヤ/カ/サ/ガ/ /マ/シ/マ/ス/。/ジ/ブン/エ/ノ/ /ゴ/ホー/ビ/ヤ/ /タイ/セツ/ナ/ /ヒト/エ/ノ/ /プ/レ/ゼ/ン/ト/ニ/モ/ /サイ/テキ/デ/ス/。/コノ/ミ/ノ/ /デ/ザ/イ/ン/ヲ/ /エラ/ブ/ /コ/ト/デ/、/コ/セイ/ヲ/ /ヒョー/ゲン/ /デ/キ/マ/ス/。/ミ/ニ/ /ツ/ケ/ル/ /コ/ト/デ/ /キ/ブン/ガ/ /ア/ガ/リ/マ/ス/。
変わる ものなのだ、時代と ともに 価値観は。かつて 常識と されて いた ことが、今では 疑問視 される ことも ある。しかし、普遍的な 真理も また 存在 する。新しい ものを 受け入れつつ、大切な ものは 守って いく 柔軟さが 必要だ。バランスを 取る ことが、現代を 生きる 私たちの 課題で ある。考え続けるべきなのだ、何が 本当に 重要なのかを。	カ/ワ/ル/ /モ/ノ/ナ/ノ/ダ/、/ジ/ダイ/ト/ /ト/モ/ニ/ /カ/チ/カン/ワ/。/カ/ツ/テ/ /ジョー/シキ/ト/ /サ/レ/テ/ /イ/タ/ /コ/ト/ガ/、/イマ/デ/ワ/ /ギ/モン/シ/ /サ/レ/ル/ /コ/ト/モ/ /ア/ル/。/シ/カ/シ/、/フ/ヘン/テキ/ナ/ /シン/リ/モ/ /マ/タ/ /ソン/ザイ/ /ス/ル/。/アタラ/シ/イ/ /モ/ノ/ヲ/ /ウ/ケ/イ/レ/ツ/ツ/、/タイ/セツ/ナ/ /モ/ノ/ワ/ /マモ/ッ/テ/ /イ/ク/ /ジュー/ナン/サ/ガ/ /ヒツ/ヨー/ダ/。/バ/ラ/ン/ス/ヲ/ /ト/ル/ /コ/ト/ガ/、/ゲン/ダイ/ヲ/ /イ/キ/ル/ /ワタシ/タ/チ/ノ/ /カ/ダイ/デ/ /ア/ル/。/カンガ/エ/ツヅ/ケ/ル/ベ/キ/ナ/ノ/ダ/、/ナニ/ガ/ /ホン/トー/ニ/ /ジュー/ヨー/ナ/ノ/カ/ヲ/。
心に 響くのだ、音楽の 持つ メッセージが。言葉では 表現 できない 感情を、メロディーと リズムが 伝えて くれる。悲しい ときには 慰めを、嬉しい ときには 喜びを 倍増 させて くれる。音楽は 国境を 越え、世代を 超えて 人々を つなぐ。その 普遍性こそが、芸術と しての 音楽の 価値で ある。感じ取るべきなのだ、音楽に 込められた 想いを。	ココロ/ニ/ /ヒビ/ク/ノ/ダ/、/オン/ガク/ノ/ /モ/ツ/ /メ/ッ/セ/ー/ジ/ガ/。/コト/バ/デ/ワ/ /ヒョー/ゲン/ /デ/キ/ナ/イ/ /カン/ジョー/ヲ/、/メ/ロ/ディ/ー/ト/ /リ/ズ/ム/ガ/ /ツタ/エ/テ/ /ク/レ/ル/。/カナ/シ/イ/ /ト/キ/ニ/ワ/ /ナグサ/メ/ヲ/、/ウレ/シ/イ/ /ト/キ/ニ/ワ/ /ヨロコ/ビ/ヲ/ /バイ/ゾー/ /サ/セ/テ/ /ク/レ/ル/。/オン/ガク/ワ/ /コッ/キョー/ヲ/ /コ/エ/、/セ/ダイ/ヲ/ /コ/エ/テ/ /ヒト/ビト/ヲ/ /ツ/ナ/グ/。/ソ/ノ/ /フ/ヘン/セイ/コ/ソ/ガ/、/ゲイ/ジュツ/ト/ /シ/テ/ノ/ /オン/ガク/ノ/ /カ/チ/デ/ /ア/ル/。/カン/ジ/ト/ル/ベ/キ/ナ/ノ/ダ/、/オン/ガク/ニ/ /コ/メ/ラ/レ/タ/ /オモ/イ/ヲ/。
難しい ものなのだ、他人の 気持ちを 完全に 理解 する ことは。同じ 出来事を 経験 しても、感じ方は 人 それぞれ 異なる。だからこそ、相手の 立場に 立って 想像 する 努力が 大切に なる。共感 する ことで、人との 絆は 深まって いく。コミュニケーションの 基本は、相手を 尊重 する ことに ある。心がけるべきなのだ、思いやりの 気持ちを 常に 持つ ことを。	ムズカ/シ/イ/ /モ/ノ/ナ/ノ/ダ/、/タ/ニン/ノ/ /キ/モ/チ/ヲ/ /カン/ゼン/ニ/ /リ/カイ/ /ス/ル/ /コ/ト/ワ/。/オナ/ジ/ /デ/キ/ゴト/ヲ/ /ケイ/ケン/ /シ/テ/モ/、/カン/ジ/カタ/ワ/ /ヒト/ /ソ/レ/ゾ/レ/ /コト/ナ/ル/。/ダ/カ/ラ/コ/ソ/、/アイ/テ/ノ/ /タチ/バ/ニ/ /タ/ッ/テ/ /ソー/ゾー/ /ス/ル/ /ド/リョク/ガ/ /タイ/セツ/ニ/ /ナ/ル/。/キョー/カン/ /ス/ル/ /コ/ト/デ/、/ヒト/ト/ノ/ /キズナ/ワ/ /フカ/マ/ッ/テ/ /イ/ク/。/コ/ミュ/ニ/ケ/ー/ショ/ン/ノ/ /キ/ホン/ワ/、/アイ/テ/ヲ/ /ソン/チョー/ /ス/ル/ /コ/ト/ニ/ /ア/ル/。/ココロ/ガ/ケ/ル/ベ/キ/ナ/ノ/ダ/、/オモ/イ/ヤ/リ/ノ/ /キ/モ/チ/ヲ/ /ツネ/ニ/ /モ/ツ/ /コ/ト/ヲ/。
必要なのだ、時には 立ち止まって 考える 時間が。忙しく 動き続けて いると、本来の 目的を 見失って しまう ことが ある。静かに 自分 自身と 向き合う ことで、進むべき 道が 見えて くる。焦らず、急がず、自分の ペースで 歩んで いけば いい。休息も また、前進 する ための 大切な ステップで ある。与えるべきなのだ、自分 自身に 余裕を。	ヒツ/ヨー/ナ/ノ/ダ/、/トキ/ニ/ワ/ /タ/チ/ド/マ/ッ/テ/ /カンガ/エ/ル/ /ジ/カン/ガ/。/イソガ/シ/ク/ /ウゴ/キ/ツヅ/ケ/テ/ /イ/ル/ト/、/ホン/ライ/ノ/ /モク/テキ/ヲ/ /ミ/ウシナ/ッ/テ/ /シ/マ/ウ/ /コ/ト/ガ/ /ア/ル/。/シズ/カ/ニ/ /ジ/ブン/ /ジ/シン/ト/ /ム/キ/ア/ウ/ /コ/ト/デ/、/スス/ム/ベ/キ/ /ミチ/ガ/ /ミ/エ/テ/ /ク/ル/。/アセ/ラ/ズ/、/イソ/ガ/ズ/、/ジ/ブン/ノ/ /ペ/ー/ス/デ/ /アユ/ン/デ/ /イ/ケ/バ/ /イ/イ/。/キュー/ソク/モ/ /マ/タ/、/ゼン/シン/ /ス/ル/ /タ/メ/ノ/ /タイ/セツ/ナ/ /ス/テ/ッ/プ/デ/ /ア/ル/。/アタ/エ/ル/ベ/キ/ナ/ノ/ダ/、/ジ/ブン/ /ジ/シン/ニ/ /ヨ/ユー/ヲ/。
輝いて いるのだ、夢に 向かって 努力 する 人の 姿は。困難が あっても 諦めず、一歩ずつ 前に 進む。その 姿勢が 周囲の 人々にも 勇気を 与える。成功 するか どうかよりも、挑戦 する 過程に 価値が ある。結果だけで なく、そこに 至るまでの 成長こそが 重要なのだ。尊い ものなのだ、夢を 追い続ける 情熱は。	カガヤ/イ/テ/ /イ/ル/ノ/ダ/、/ユメ/ニ/ /ム/カ/ッ/テ/ /ド/リョク/ /ス/ル/ /ヒト/ノ/ /スガタ/ワ/。/コン/ナン/ガ/ /ア/ッ/テ/モ/ /アキラ/メ/ズ/、/イッ/ポ/ズ/ツ/ /マエ/ニ/ /スス/ム/。/ソ/ノ/ /シ/セイ/ガ/ /シュー/イ/ノ/ /ヒト/ビト/ニ/モ/ /ユー/キ/ヲ/ /アタ/エ/ル/。/セイ/コー/ /ス/ル/カ/ /ド/ー/カ/ヨ/リ/モ/、/チョー/セン/ /ス/ル/ /カ/テイ/ニ/ /カ/チ/ガ/ /ア/ル/。/ケッ/カ/ダ/ケ/デ/ /ナ/ク/、/ソ/コ/ニ/ /イタ/ル/マ/デ/ノ/ /セイ/チョー/コ/ソ/ガ/ /ジュー/ヨー/ナ/ノ/ダ/。/トート/イ/ /モ/ノ/ナ/ノ/ダ/、/ユメ/ヲ/ /オ/イ/ツヅ/ケ/ル/ /ジョー/ネツ/ワ/。
人気の ない 通りを 歩く ときには、周囲に 注意を 払う ことが 大切だ。夜 遅くや 人通りの 少ない 場所では、危険が 潜んで いる 可能性が ある。できるだけ 明るい 道を 選び、周りの 状況を 常に 確認 する ことが 必要だ。もし 不安を 感じたら、すぐに 安全な 場所に 避難 するか、助けを 求めるべきだ。安全 第一で 行動 する ことが 重要なのだ。	ヒト/ケ/ノ/ /ナ/イ/ /トオ/リ/ヲ/ /アル/ク/ /ト/キ/ニ/ワ/、/シュー/イ/ニ/ /チュー/イ/ヲ/ /ハラ/ウ/ /コ/ト/ガ/ /タイ/セツ/ダ/。/ヨル/ /オソ/ク/ヤ/ /ヒト/ドオ/リ/ノ/ /スク/ナ/イ/ /バ/ショ/デ/ワ/、/キ/ケン/ガ/ /ヒソ/ン/デ/ /イ/ル/ /カ/ノー/セイ/ガ/ /ア/ル/。/デ/キ/ル/ダ/ケ/ /アカ/ル/イ/ /ミチ/ヲ/ /エラ/ビ/、/マワ/リ/ノ/ /ジョー/キョー/ヲ/ /ツネ/ニ/ /カク/ニン/ /ス/ル/ /コ/ト/ガ/ /ヒツ/ヨー/ダ/。/モ/シ/ /フ/アン/ヲ/ /カン/ジ/タ/ラ/、/ス/グ/ニ/ /アン/ゼン/ナ/ /バ/ショ/ニ/ /ヒ/ナン/ /ス/ル/カ/、/タス/ケ/ヲ/ /モト/メ/ル/ベ/キ/ダ/。/アン/ゼン/ /ダイ/イチ/デ/ /コー/ドー/ /ス/ル/ /コ/ト/ガ/ /ジュー/ヨー/ナ/ノ/ダ/。
人気の ある 観光地は、訪れる 人々に とって 魅力的な 場所で ある 一方で、混雑や 環境への 影響も 考慮 する 必要が ある。地元の 文化や 自然を 尊重 し、マナーを 守る ことが 求められる。観光客と しての 責任を 持ち、地域 社会に 貢献 する ことも 大切だ。持続 可能な 観光を 目指す ことで、次世代も その 美しさを 楽しむ ことが できるように なる。	ニン/キ/ノ/ /ア/ル/ /カン/コー/チ/ワ/、/オトズ/レ/ル/ /ヒト/ビト/ニ/ /ト/ッ/テ/ /ミ/リョク/テキ/ナ/ /バ/ショ/デ/ /ア/ル/ /イッ/ポー/デ/、/コン/ザツ/ヤ/ /カン/キョー/エ/ノ/ /エイ/キョー/モ/ /コー/リョ/ /ス/ル/ /ヒツ/ヨー/ガ/ /ア/ル/。/ジ/モト/ノ/ /ブン/カ/ヤ/ /シ/ゼン/ヲ/ /ソン/チョー/ /シ/、/マ/ナ/ー/ヲ/ /マモ/ル/ /コ/ト/ガ/ /モト/メ/ラ/レ/ル/。/カン/コー/キャク/ト/ /シ/テ/ノ/ /セキ/ニン/ヲ/ /モ/チ/、/チ/イキ/ /シャ/カイ/ニ/ /コー/ケン/ /ス/ル/ /コ/ト/モ/ /タイ/セツ/ダ/。/ジ/ゾク/ /カ/ノー/ナ/ /カン/コー/ヲ/ /メ/ザ/ス/ /コ/ト/デ/、/ジ/セ/ダイ/モ/ /ソ/ノ/ /ウツク/シ/サ/ヲ/ /タノ/シ/ム/ /コ/ト/ガ/ /デ/キ/ル/ヨ/ー/ニ/ /ナ/ル/。
あまり 人気の ない 場所でも、そこには 独自の 魅力が 存在 する ことが ある。人混みを 避けて 静かな 環境で 過ごす ことで、心が 落ち着く ことも ある。地元の 人しか 知らないような 隠れた スポットを 見つける 楽しみも ある。人気の ある 観光地とは 違った 視点で、その 場所の 良さを 感じ取る ことが できる。新しい 発見が あるかも しれない。	ア/マ/リ/ /ニン/キ/ノ/ /ナ/イ/ /バ/ショ/デ/モ/、/ソ/コ/ニ/ワ/ /ドク/ジ/ノ/ /ミ/リョク/ガ/ /ソン/ザイ/ /ス/ル/ /コ/ト/ガ/ /ア/ル/。/ヒト/ゴ/ミ/ヲ/ /サ/ケ/テ/ /シズ/カ/ナ/ /カン/キョー/デ/ /ス/ゴ/ス/ /コ/ト/デ/、/ココロ/ガ/ /オ/チ/ツ/ク/ /コ/ト/モ/ /ア/ル/。/ジ/モト/ノ/ /ヒト/シ/カ/ /シ/ラ/ナ/イ/ヨ/ー/ナ/ /カク/レ/タ/ /ス/ポ/ッ/ト/ヲ/ /ミ/ツ/ケ/ル/ /タノ/シ/ミ/モ/ /ア/ル/。/ニン/キ/ノ/ /ア/ル/ /カン/コー/チ/ト/ワ/ /チガ/ッ/タ/ /シ/テン/デ/、/ソ/ノ/ /バ/ショ/ノ/ /ヨ/サ/ヲ/ /カン/ジ/ト/ル/ /コ/ト/ガ/ /デ/キ/ル/。/アタラ/シ/イ/ /ハッ/ケン/ガ/ /ア/ル/カ/モ/ /シ/レ/ナ/イ/。
相撲の 世界では、平幕 力士が 横綱に 勝利 すると 金星を 挙げたと され、大きな 栄誉と なります。一方で、太陽系の 惑星で ある 金星は、地球に 最も 近い 惑星と して 知られて います。夜明け前や 夕暮れ時に 明るく 輝く 姿は、古くから 人々を 魅了 して きました。同じ 文字でも 全く 異なる 意味を 持つ ことが 日本語の 面白さです。	ス/モー/ノ/ /セ/カイ/デ/ワ/、/ヒラ/マク/ /リキ/シ/ガ/ /ヨコ/ヅナ/ニ/ /ショー/リ/ /ス/ル/ト/ /キン/ボシ/ヲ/ /ア/ゲ/タ/ト/ /サ/レ/、/オオ/キ/ナ/ /エイ/ヨ/ト/ /ナ/リ/マ/ス/。/イッ/ポー/デ/、/タイ/ヨー/ケイ/ノ/ /ワク/セイ/デ/ /ア/ル/ /キン/セイ/ワ/、/チ/キュー/ニ/ /モット/モ/ /チカ/イ/ /ワク/セイ/ト/ /シ/テ/ /シ/ラ/レ/テ/ /イ/マ/ス/。/ヨ/ア/ケ/マエ/ヤ/ /ユー/グ/レ/ドキ/ニ/ /アカ/ル/ク/ /カガヤ/ク/ /スガタ/ワ/、/フル/ク/カ/ラ/ /ヒト/ビト/ヲ/ /ミ/リョー/ /シ/テ/ /キ/マ/シ/タ/。/オナ/ジ/ /モ/ジ/デ/モ/ /マッタ/ク/ /コト/ナ/ル/ /イ/ミ/ヲ/ /モ/ツ/ /コ/ト/ガ/ /ニ/ホン/ゴ/ノ/ /オモ/シロ/サ/デ/ス/。
[今日]と いう 言葉は、きょうと 読む 場合は 現在の 一日を 指し、こんにちと 読む ときは 現代や 今の 時代を 意味 します。[今日]の 会議に 出席 する 予定ですと 言えば、その 日の 予定を 指します。一方で、今日に 至るまでの 経緯と 言えば、現在までの 過程を 表現 して います。文脈に よって 読み方が 自然に 決まるのが 日本語の 特徴です。	キョー/ト/ /イ/ウ/ /コト/バ/ワ/、/キョ/ー/ト/ /ヨ/ム/ /バ/アイ/ワ/ /ゲン/ザイ/ノ/ /1/ニチ/ヲ/ /サ/シ/、/コ/ン/ニ/チ/ト/ /ヨ/ム/ /ト/キ/ワ/ /ゲン/ダイ/ヤ/ /イマ/ノ/ /ジ/ダイ/ヲ/ /イ/ミ/ /シ/マ/ス/。/キョー/ノ/ /カイ/ギ/ニ/ /シュッ/セキ/ /ス/ル/ /ヨ/テイ/デ/ス/ト/ /イ/エ/バ/、/ソ/ノ/ /ヒ/ノ/ /ヨ/テイ/ヲ/ /サ/シ/マ/ス/。/イッ/ポー/デ/、/コン/ニチ/ニ/ /イタ/ル/マ/デ/ノ/ /ケイ/イ/ト/ /イ/エ/バ/、/ゲン/ザイ/マ/デ/ノ/ /カ/テイ/ヲ/ /ヒョー/ゲン/ /シ/テ/ /イ/マ/ス/。/ブン/ミャク/ニ/ /ヨ/ッ/テ/ /ヨ/ミ/カタ/ガ/ /シ/ゼン/ニ/ /キ/マ/ル/ノ/ガ/ /ニ/ホン/ゴ/ノ/ /トク/チョー/デ/ス/。
上手な 人は 技術が 優れて おり、下手な 人は 技術が 未熟で ある ことを 意味 します。しかし、舞台の 上手と 下手は、観客から 見て 右側と 左側を 指す 専門 用語です。演劇や 能楽では、この 位置 関係が 重要な 意味を 持ちます。同じ 漢字でも、使われる 場面に よって 読み方も 意味も 大きく 変わる ことが あります。	ジョー/ズ/ナ/ /ヒト/ワ/ /ギ/ジュツ/ガ/ /スグ/レ/テ/ /オ/リ/、/ヘ/タ/ナ/ /ヒト/ワ/ /ギ/ジュツ/ガ/ /ミ/ジュク/デ/ /ア/ル/ /コ/ト/ヲ/ /イ/ミ/ /シ/マ/ス/。/シ/カ/シ/、/ブ/タイ/ノ/ /カミ/テ/ト/ /シモ/テ/ワ/、/カン/キャク/カ/ラ/ /ミ/テ/ /ミギ/ガワ/ト/ /ヒダリ/ガワ/ヲ/ /サ/ス/ /セン/モン/ /ヨー/ゴ/デ/ス/。/エン/ゲキ/ヤ/ /ノー/ガク/デ/ワ/、/コ/ノ/ /イ/チ/ /カン/ケイ/ガ/ /ジュー/ヨー/ナ/ /イ/ミ/ヲ/ /モ/チ/マ/ス/。/オナ/ジ/ /カン/ジ/デ/モ/、/ツカ/ワ/レ/ル/ /バ/メン/ニ/ /ヨ/ッ/テ/ /ヨ/ミ/カタ/モ/ /イ/ミ/モ/ /オオ/キ/ク/ /カ/ワ/ル/ /コ/ト/ガ/ /ア/リ/マ/ス/。
彼は 舞台の 上手から 登場 し、彼女は 下手から 登場 した。	カレ/ワ/ /ブ/タイ/ノ/ /カミ/テ/カ/ラ/ /トー/ジョー/ /シ/、/カノ/ジョ/ワ/ /シモ/テ/カ/ラ/ /トー/ジョー/ /シ/タ/。
彼は 下手へ 向かって 歩いて いった。彼女は 上手へ 向かって 歩いて いった。	カレ/ワ/ /シモ/テ/エ/ /ム/カ/ッ/テ/ /アル/イ/テ/ /イ/ッ/タ/。/カノ/ジョ/ワ/ /カミ/テ/エ/ /ム/カ/ッ/テ/ /アル/イ/テ/ /イ/ッ/タ/。
彼は 上手で 止まり、彼女は 下手で 止まった。	カレ/ワ/ /カミ/テ/デ/ /ト/マ/リ/、/カノ/ジョ/ワ/ /シモ/テ/デ/ /ト/マ/ッ/タ/。
彼は 上手から 去り、彼女は 下手から 去った。	カレ/ワ/ /カミ/テ/カ/ラ/ /サ/リ/、/カノ/ジョ/ワ/ /シモ/テ/カ/ラ/ /サ/ッ/タ/。
彼は 歌が 上手だ。しかし、話は 下手だ。	カレ/ワ/ /ウタ/ガ/ /ジョー/ズ/ダ/。/シ/カ/シ/、/ハナシ/ワ/ /ヘ/タ/ダ/。
彼は 下手な 歌を 歌った。彼女は 上手な 話を した。	カレ/ワ/ /ヘ/タ/ナ/ /ウタ/ヲ/ /ウタ/ッ/タ/。/カノ/ジョ/ワ/ /ジョー/ズ/ナ/ /ハナシ/ヲ/ /シ/タ/。
練習を すると 楽器は 上手に なる。練習を しないと 楽器は 下手に なる。	レン/シュー/ヲ/ /ス/ル/ト/ /ガッ/キ/ワ/ /ジョー/ズ/ニ/ /ナ/ル/。/レン/シュー/ヲ/ /シ/ナ/イ/ト/ /ガッ/キ/ワ/ /ヘ/タ/ニ/ /ナ/ル/。
彼は 上手に ピアノを 弾く。	カレ/ワ/ /ジョー/ズ/ニ/ /ピ/ア/ノ/ヲ/ /ヒ/ク/。
彼女は 下手に ならないように、毎日 練習 して いる。	カノ/ジョ/ワ/ /ヘ/タ/ニ/ /ナ/ラ/ナ/イ/ヨ/ー/ニ/、/マイ/ニチ/ /レン/シュー/ /シ/テ/ /イ/ル/。
一日は、いちにちと 読めば 二十四時間を 意味 しますが、ついたちと 読めば 月の 最初の 日を 指します。今月の 一日は 特別な 記念日なので、家族で 出かける 予定です。一方で、一日中 勉強 して いたと 言えば、朝から 晩まで 続けたと いう 意味に なります。数字の 読み方は 日本語 学習者に とって 難しい 部分の 一つです。	1/ニチ/ワ/、/イ/チ/ニ/チ/ト/ /ヨ/メ/バ/ /2/_/4/ジ/カン/ヲ/ /イ/ミ/ /シ/マ/ス/ガ/、/ツ/イ/タ/チ/ト/ /ヨ/メ/バ/ /ツキ/ノ/ /サイ/ショ/ノ/ /ヒ/ヲ/ /サ/シ/マ/ス/。/コン/ゲツ/ノ/ /ツイ/タチ/ワ/ /トク/ベツ/ナ/ /キ/ネン/ビ/ナ/ノ/デ/、/カ/ゾク/デ/ /デ/カ/ケ/ル/ /ヨ/テイ/デ/ス/。/イッ/ポー/デ/、/1/ニチ/チュー/ /ベン/キョー/ /シ/テ/ /イ/タ/ト/ /イ/エ/バ/、/アサ/カ/ラ/ /バン/マ/デ/ /ツヅ/ケ/タ/ト/ /イ/ウ/ /イ/ミ/ニ/ /ナ/リ/マ/ス/。/スー/ジ/ノ/ /ヨ/ミ/カタ/ワ/ /ニ/ホン/ゴ/ /ガク/シュー/シャ/ニ/ /ト/ッ/テ/ /ムズカ/シ/イ/ /ブ/ブン/ノ/ /ヒト/ツ/デ/ス/。
二日を ふつかと 読む 場合は 月の 二番目の 日を 指し、にに ちと 読む ときは 二日間の 期間を 表します。旅行の 予定は 二日間ですと 言えば、期間を 示して います。しかし、毎月 二日に 定例 会議が あると 言えば、特定の 日付を 指します。日本語では 日付と 期間で 読み方が 異なる ことが 多いです。	フツ/カ/ヲ/ /フ/ツ/カ/ト/ /ヨ/ム/ /バ/アイ/ワ/ /ツキ/ノ/ /2/バン/メ/ノ/ /ヒ/ヲ/ /サ/シ/、/ニ/ニ/ /チ/ト/ /ヨ/ム/ /ト/キ/ワ/ /フツ/カ/カン/ノ/ /キ/カン/ヲ/ /アラワ/シ/マ/ス/。/リョ/コー/ノ/ /ヨ/テイ/ワ/ /フツ/カ/カン/デ/ス/ト/ /イ/エ/バ/、/キ/カン/ヲ/ /シメ/シ/テ/ /イ/マ/ス/。/シ/カ/シ/、/マイ/ツキ/ /フツ/カ/ニ/ /テイ/レイ/ /カイ/ギ/ガ/ /ア/ル/ト/ /イ/エ/バ/、/トク/テイ/ノ/ /ヒ/ヅケ/ヲ/ /サ/シ/マ/ス/。/ニ/ホン/ゴ/デ/ワ/ /ヒ/ヅケ/ト/ /キ/カン/デ/ /ヨ/ミ/カタ/ガ/ /コト/ナ/ル/ /コ/ト/ガ/ /オオ/イ/デ/ス/。
本気で 取り組む ことが 成功への 鍵ですが、この 本気と いう 言葉には まじと いう 読み方も あります。ほんきで 頑張ると いう 表現は 一般的ですが、若者 言葉では まじで 言って いるのかと 使う ことも あります。時代と ともに 言葉の 使い方も 変化 して いきます。両方の 読み方が 定着 して いる 言葉は 興味深いです。	ホン/キ/デ/ /ト/リ/ク/ム/ /コ/ト/ガ/ /セイ/コー/エ/ノ/ /カギ/デ/ス/ガ/、/コ/ノ/ /ホン/キ/ト/ /イ/ウ/ /コト/バ/ニ/ワ/ /マ/ジ/ト/ /イ/ウ/ /ヨ/ミ/カタ/モ/ /ア/リ/マ/ス/。/ホ/ン/キ/デ/ /ガン/バ/ル/ト/ /イ/ウ/ /ヒョー/ゲン/ワ/ /イッ/パン/テキ/デ/ス/ガ/、/ワカ/モノ/ /コト/バ/デ/ワ/ /マ/ジ/デ/ /イ/ッ/テ/ /イ/ル/ノ/カ/ト/ /ツカ/ウ/ /コ/ト/モ/ /ア/リ/マ/ス/。/ジ/ダイ/ト/ /ト/モ/ニ/ /コト/バ/ノ/ /ツカ/イ/カタ/モ/ /ヘン/カ/ /シ/テ/ /イ/キ/マ/ス/。/リョー/ホー/ノ/ /ヨ/ミ/カタ/ガ/ /テイ/チャク/ /シ/テ/ /イ/ル/ /コト/バ/ワ/ /キョー/ミ/ブカ/イ/デ/ス/。
五月晴れと いう 言葉は、本来は 梅雨の 晴れ間を 指す 言葉でした。さつきばれと 読み、旧暦の 五月の 時期、つまり 現在の 六月頃の 晴天を 表しました。しかし 現代では、ごがつの 爽やかな 晴天を 指して 使われる ことも 多く なって います。言葉の 意味が 時代と ともに 変化 する 例と 言えるでしょう。	サ/ツキ/バ/レ/ト/ /イ/ウ/ /コト/バ/ワ/、/ホン/ライ/ワ/ /ツ/ユ/ノ/ /ハ/レ/マ/ヲ/ /サ/ス/ /コト/バ/デ/シ/タ/。/サ/ツ/キ/バ/レ/ト/ /ヨ/ミ/、/キュー/レキ/ノ/ /5/ガツ/ノ/ /ジ/キ/、/ツ/マ/リ/ /ゲン/ザイ/ノ/ /6/ガツ/ゴロ/ノ/ /セイ/テン/ヲ/ /アラワ/シ/マ/シ/タ/。/シ/カ/シ/ /ゲン/ダイ/デ/ワ/、/ゴ/ガ/ツ/ノ/ /サワ/ヤ/カ/ナ/ /セイ/テン/ヲ/ /サ/シ/テ/ /ツカ/ワ/レ/ル/ /コ/ト/モ/ /オオ/ク/ /ナ/ッ/テ/ /イ/マ/ス/。/コト/バ/ノ/ /イ/ミ/ガ/ /ジ/ダイ/ト/ /ト/モ/ニ/ /ヘン/カ/ /ス/ル/ /レイ/ト/ /イ/エ/ル/デ/ショ/ー/。
[明日]は、あすと 読むか あしたと 読むかで、ニュアンスが 少し 異なる ことが あります。あすの 天気は 晴れでしょうと いう 表現は やや 改まった 印象を 与えます。一方、あした 遊びに 行こうと 言えば、カジュアルな 雰囲気に なります。同じ 意味でも 読み方に よって 受ける 印象が 変わるのが 日本語の 繊細さです。	アス/ワ/、/ア/ス/ト/ /ヨ/ム/カ/ /ア/シ/タ/ト/ /ヨ/ム/カ/デ/、/ニュ/ア/ン/ス/ガ/ /スコ/シ/ /コト/ナ/ル/ /コ/ト/ガ/ /ア/リ/マ/ス/。/ア/ス/ノ/ /テン/キ/ワ/ /ハ/レ/デ/ショ/ー/ト/ /イ/ウ/ /ヒョー/ゲン/ワ/ /ヤ/ヤ/ /アラタ/マ/ッ/タ/ /イン/ショー/ヲ/ /アタ/エ/マ/ス/。/イッ/ポー/、/ア/シ/タ/ /アソ/ビ/ニ/ /イ/コ/ー/ト/ /イ/エ/バ/、/カ/ジュ/ア/ル/ナ/ /フン/イ/キ/ニ/ /ナ/リ/マ/ス/。/オナ/ジ/ /イ/ミ/デ/モ/ /ヨ/ミ/カタ/ニ/ /ヨ/ッ/テ/ /ウ/ケ/ル/ /イン/ショー/ガ/ /カ/ワ/ル/ノ/ガ/ /ニ/ホン/ゴ/ノ/ /セン/サイ/サ/デ/ス/。
大人は、おとなと 読むのが 一般的ですが、だいにんと読む 場合も あります。特に 仏教 用語では、だいにんと いう 読み方が 使われる ことが あります。また、大人げないと いう 表現では、おとなげないと 読みます。漢字 一文字でも、様々な 読み方が 存在 する ことが 日本語の 複雑さを 示して います。	オト/ナ/ワ/、/オ/ト/ナ/ト/ /ヨ/ム/ノ/ガ/ /イッ/パン/テキ/デ/ス/ガ/、/ダ/イ/ニ/ン/ト/ヨ/ム/ /バ/アイ/モ/ /ア/リ/マ/ス/。/トク/ニ/ /ブッ/キョー/ /ヨー/ゴ/デ/ワ/、/ダ/イ/ニ/ン/ト/ /イ/ウ/ /ヨ/ミ/カタ/ガ/ /ツカ/ワ/レ/ル/ /コ/ト/ガ/ /ア/リ/マ/ス/。/マ/タ/、/オト/ナ/ゲ/ナ/イ/ト/ /イ/ウ/ /ヒョー/ゲン/デ/ワ/、/オ/ト/ナ/ゲ/ナ/イ/ト/ /ヨ/ミ/マ/ス/。/カン/ジ/ /1/ /モ/ジ/デ/モ/、/サマ/ザマ/ナ/ /ヨ/ミ/カタ/ガ/ /ソン/ザイ/ /ス/ル/ /コ/ト/ガ/ /ニ/ホン/ゴ/ノ/ /フク/ザツ/サ/ヲ/ /シメ/シ/テ/ /イ/マ/ス/。
行方 不明と いう 言葉は、ゆくえ ふめいと 読むのが 一般的です。しかし、行方と いう 地名の 場合は、なめがたと 読む ことも あります。茨城県には 行方市と いう 自治体が あり、地名と しての 読み方が 定着 して います。固有 名詞では 特殊な 読み方を する ことが 多く、地名は 特に その 傾向が 強いです。文脈から 判断 する 必要が あります。	ユク/エ/ /フ/メイ/ト/ /イ/ウ/ /コト/バ/ワ/、/ユ/ク/エ/ /フ/メ/イ/ト/ /ヨ/ム/ノ/ガ/ /イッ/パン/テキ/デ/ス/。/シ/カ/シ/、/ナメ/ガタ/ト/ /イ/ウ/ /チ/メイ/ノ/ /バ/アイ/ワ/、/ナ/メ/ガ/タ/ト/ /ヨ/ム/ /コ/ト/モ/ /ア/リ/マ/ス/。/イバラ/キ/ケン/ニ/ワ/ /ナメ/ガタ/シ/ト/ /イ/ウ/ /ジ/チ/タイ/ガ/ /ア/リ/、/チ/メイ/ト/ /シ/テ/ノ/ /ヨ/ミ/カタ/ガ/ /テイ/チャク/ /シ/テ/ /イ/マ/ス/。/コ/ユー/ /メイ/シ/デ/ワ/ /トク/シュ/ナ/ /ヨ/ミ/カタ/ヲ/ /ス/ル/ /コ/ト/ガ/ /オオ/ク/、/チ/メイ/ワ/ /トク/ニ/ /ソ/ノ/ /ケイ/コー/ガ/ /ツヨ/イ/デ/ス/。/ブン/ミャク/カ/ラ/ /ハン/ダン/ /ス/ル/ /ヒツ/ヨー/ガ/ /ア/リ/マ/ス/。
矢野 顕子さんの 歌に 「ラーメン 食べたい」と いう 曲が あります。この 曲が 入った アルバムは 「ごはんが できたよ」と いう タイトルで、1992年に リリース されました。アルバムには、他にも 「ごはんが できたよ」 「ひとりぼっちの 夕食」 「お弁当箱の 中身」など、食べ物に 関する 曲が 収録 されて います。矢野 顕子 さんの 独特な 歌声と ユーモラスな 歌詞が 特徴的で、多くの ファンに 愛されて いる アルバムです。	ヤ/ノ/ /アキ/コ/ /サ/ン/ノ/ /ウタ/ニ/ /「/ラ/ー/メ/ン/ /タ/ベ/タ/イ/」/ト/ /イ/ウ/ /キョク/ガ/ /ア/リ/マ/ス/。/コ/ノ/ /キョク/ガ/ /ハイ/ッ/タ/ /ア/ル/バ/ム/ワ/ /「/ゴ/ハ/ン/ガ/ /デ/キ/タ/ヨ/」/ト/ /イ/ウ/ /タ/イ/ト/ル/デ/、/1992/ネン/ニ/ /リ/リ/ー/ス/ /サ/レ/マ/シ/タ/。/ア/ル/バ/ム/ニ/ワ/、/ホカ/ニ/モ/ /「/ゴ/ハ/ン/ガ/ /デ/キ/タ/ヨ/」/ /「/ヒ/ト/リ/ボ/ッ/チ/ノ/ /ユー/ショク/」/ /「/オ/ベン/トー/バコ/ノ/ /ナカ/ミ/」/ナ/ド/、/タ/ベ/モノ/ニ/ /カン/ス/ル/ /キョク/ガ/ /シュー/ロク/ /サ/レ/テ/ /イ/マ/ス/。/ヤ/ノ/ /アキ/コ/ /サ/ン/ノ/ /ドク/トク/ナ/ /ウタ/ゴエ/ト/ /ユ/ー/モ/ラ/ス/ナ/ /カ/シ/ガ/ /トク/チョー/テキ/デ/、/オオ/ク/ノ/ /ファ/ン/ニ/ /アイ/サ/レ/テ/ /イ/ル/ /ア/ル/バ/ム/デ/ス/。
教育は 社会の 基盤を 形成 する 重要な 要素で ある。	キョー/イク/ワ/ /シャ/カイ/ノ/ /キ/バン/ヲ/ /ケイ/セイ/ /ス/ル/ /ジュー/ヨー/ナ/ /ヨー/ソ/デ/ /ア/ル/。
科学 技術の 進歩は 人類に 多くの 恩恵を もたらして いる。	カ/ガク/ /ギ/ジュツ/ノ/ /シン/ポ/ワ/ /ジン/ルイ/ニ/ /オオ/ク/ノ/ /オン/ケイ/ヲ/ /モ/タ/ラ/シ/テ/ /イ/ル/。
環境 問題は 現代 社会が 直面 する 最大の 課題の 一つで ある。	カン/キョー/ /モン/ダイ/ワ/ /ゲン/ダイ/ /シャ/カイ/ガ/ /チョク/メン/ /ス/ル/ /サイ/ダイ/ノ/ /カ/ダイ/ノ/ /ヒト/ツ/デ/ /ア/ル/。
経済 成長と 環境 保護の 両立が 求められる 時代で ある。	ケイ/ザイ/ /セイ/チョー/ト/ /カン/キョー/ /ホ/ゴ/ノ/ /リョー/リツ/ガ/ /モト/メ/ラ/レ/ル/ /ジ/ダイ/デ/ /ア/ル/。
文化の 多様性は 人類の 貴重な 財産で あると 言える。	ブン/カ/ノ/ /タ/ヨー/セイ/ワ/ /ジン/ルイ/ノ/ /キ/チョー/ナ/ /ザイ/サン/デ/ /ア/ル/ト/ /イ/エ/ル/。
情報 通信 技術の 発展は 社会 構造を 大きく 変えつつ ある。	ジョー/ホー/ /ツー/シン/ /ギ/ジュツ/ノ/ /ハッ/テン/ワ/ /シャ/カイ/ /コー/ゾー/ヲ/ /オオ/キ/ク/ /カ/エ/ツ/ツ/ /ア/ル/。
健康的な 生活 習慣を 維持 する ことは 極めて 重要で ある。	ケン/コー/テキ/ナ/ /セイ/カツ/ /シュー/カン/ヲ/ /イ/ジ/ /ス/ル/ /コ/ト/ワ/ /キワ/メ/テ/ /ジュー/ヨー/デ/ /ア/ル/。
民主 主義の 根幹は 市民の 積極的な 参加に ある。	ミン/シュ/ /シュ/ギ/ノ/ /コン/カン/ワ/ /シ/ミン/ノ/ /セッ/キョク/テキ/ナ/ /サン/カ/ニ/ /ア/ル/。
言語は 文化を 映し出す 鏡のような 存在で あると 言える。	ゲン/ゴ/ワ/ /ブン/カ/ヲ/ /ウツ/シ/ダ/ス/ /カガミ/ノ/ヨ/ー/ナ/ /ソン/ザイ/デ/ /ア/ル/ト/ /イ/エ/ル/。
芸術 表現は 人間の 創造性を 象徴 する もので ある。	ゲイ/ジュツ/ /ヒョー/ゲン/ワ/ /ニン/ゲン/ノ/ /ソー/ゾー/セイ/ヲ/ /ショー/チョー/ /ス/ル/ /モ/ノ/デ/ /ア/ル/。
歴史を 学ぶ ことは 未来を 考える 上で 不可欠で ある。	レキ/シ/ヲ/ /マナ/ブ/ /コ/ト/ワ/ /ミ/ライ/ヲ/ /カンガ/エ/ル/ /ウエ/デ/ /フ/カ/ケツ/デ/ /ア/ル/。
持続 可能な 社会の 実現が 今世紀 最大の 目標で ある。	ジ/ゾク/ /カ/ノー/ナ/ /シャ/カイ/ノ/ /ジツ/ゲン/ガ/ /コン/セイ/キ/ /サイ/ダイ/ノ/ /モク/ヒョー/デ/ /ア/ル/。
医療 技術の 進歩に より 平均 寿命は 延び続けて いる。	イ/リョー/ /ギ/ジュツ/ノ/ /シン/ポ/ニ/ /ヨ/リ/ /ヘイ/キン/ /ジュ/ミョー/ワ/ /ノ/ビ/ツヅ/ケ/テ/ /イ/ル/。
グローバル化は 世界を 一つに 結びつける 力を 持つ。	グ/ロ/ー/バ/ル/カ/ワ/ /セ/カイ/ヲ/ /ヒト/ツ/ニ/ /ムス/ビ/ツ/ケ/ル/ /チカラ/ヲ/ /モ/ツ/。
エネルギー 問題の 解決は 人類 共通の 課題で ある。	エ/ネ/ル/ギ/ー/ /モン/ダイ/ノ/ /カイ/ケツ/ワ/ /ジン/ルイ/ /キョー/ツー/ノ/ /カ/ダイ/デ/ /ア/ル/。
都市化の 進展は 新たな 社会 問題を 生み出して いる。	ト/シ/カ/ノ/ /シン/テン/ワ/ /アラ/タ/ナ/ /シャ/カイ/ /モン/ダイ/ヲ/ /ウ/ミ/ダ/シ/テ/ /イ/ル/。
食料 安全 保障は 国家の 重要な 政策 課題の 一つで ある。	ショク/リョー/ /アン/ゼン/ /ホ/ショー/ワ/ /コッ/カ/ノ/ /ジュー/ヨー/ナ/ /セイ/サク/ /カ/ダイ/ノ/ /ヒト/ツ/デ/ /ア/ル/。
気候 変動への 対応は 待った なしの 状況に ある。	キ/コー/ /ヘン/ドー/エ/ノ/ /タイ/オー/ワ/ /マ/ッ/タ/ /ナ/シ/ノ/ /ジョー/キョー/ニ/ /ア/ル/。
人工 知能の 発展は 社会に 革命的な 変化を もたらす。	ジン/コー/ /チ/ノー/ノ/ /ハッ/テン/ワ/ /シャ/カイ/ニ/ /カク/メイ/テキ/ナ/ /ヘン/カ/ヲ/ /モ/タ/ラ/ス/。
教育 格差の 是正は 社会 正義の 実現に 不可欠で ある。	キョー/イク/ /カク/サ/ノ/ /ゼ/セイ/ワ/ /シャ/カイ/ /セイ/ギ/ノ/ /ジツ/ゲン/ニ/ /フ/カ/ケツ/デ/ /ア/ル/。
労働 環境の 改善は 生産性 向上にも 寄与 する もので ある。	ロー/ドー/ /カン/キョー/ノ/ /カイ/ゼン/ワ/ /セイ/サン/セイ/ /コー/ジョー/ニ/モ/ /キ/ヨ/ /ス/ル/ /モ/ノ/デ/ /ア/ル/。
高齢化 社会に おける 福祉 政策の 充実が 求められる。	コー/レイ/カ/ /シャ/カイ/ニ/ /オ/ケ/ル/ /フク/シ/ /セイ/サク/ノ/ /ジュー/ジツ/ガ/ /モト/メ/ラ/レ/ル/。
地域 コミュニティの 再生は 社会の 活力源と なる。	チ/イキ/ /コ/ミュ/ニ/ティ/ノ/ /サイ/セイ/ワ/ /シャ/カイ/ノ/ /カツ/リョク/ゲン/ト/ /ナ/ル/。
イノベーションは 経済 発展の 原動力で あると 言える。	イ/ノ/ベ/ー/ショ/ン/ワ/ /ケイ/ザイ/ /ハッ/テン/ノ/ /ゲン/ドー/リョク/デ/ /ア/ル/ト/ /イ/エ/ル/。
水資源の 確保は 将来 世代への 責務で ある。	ミズ/シ/ゲン/ノ/ /カク/ホ/ワ/ /ショー/ライ/ /セ/ダイ/エ/ノ/ /セキ/ム/デ/ /ア/ル/。
生物 多様性の 保全は 地球 環境 保護の 要で ある。	セイ/ブツ/ /タ/ヨー/セイ/ノ/ /ホ/ゼン/ワ/ /チ/キュー/ /カン/キョー/ /ホ/ゴ/ノ/ /カナメ/デ/ /ア/ル/。
再生 可能エネルギーの 普及が 急務と なって いる。	サイ/セイ/ /カ/ノー/ /エ/ネ/ル/ギ/ー/ノ/ /フ/キュー/ガ/ /キュー/ム/ト/ /ナ/ッ/テ/ /イ/ル/。
デジタル化は 産業 構造を 根本から 変革 しつつ ある。	デ/ジ/タ/ル/カ/ワ/ /サン/ギョー/ /コー/ゾー/ヲ/ /コン/ポン/カ/ラ/ /ヘン/カク/ /シ/ツ/ツ/ /ア/ル/。
平和 構築には 対話と 相互 理解が 欠かせない。	ヘイ/ワ/ /コー/チク/ニ/ワ/ /タイ/ワ/ト/ /ソー/ゴ/ /リ/カイ/ガ/ /カ/カ/セ/ナ/イ/。
公共 交通の 整備は 都市 機能の 向上に 直結 する。	コー/キョー/ /コー/ツー/ノ/ /セイ/ビ/ワ/ /ト/シ/ /キ/ノー/ノ/ /コー/ジョー/ニ/ /チョッ/ケツ/ /ス/ル/。
[昨日]の 会議は 非常に 有意義な ものだった。	キノー/ノ/ /カイ/ギ/ワ/ /ヒ/ジョー/ニ/ /ユー/イ/ギ/ナ/ /モ/ノ/ダ/ッ/タ/。
子どもの 頃に 読んだ あの 本は 今でも 心に 残って いる。	コ/ド/モ/ノ/ /コロ/ニ/ /ヨ/ン/ダ/ /ア/ノ/ /ホン/ワ/ /イマ/デ/モ/ /ココロ/ニ/ /ノコ/ッ/テ/ /イ/ル/。
去年の 夏休みは 家族で 海に 行ったのを 覚えて いる。	キョ/ネン/ノ/ /ナツ/ヤス/ミ/ワ/ /カ/ゾク/デ/ /ウミ/ニ/ /イ/ッ/タ/ノ/ヲ/ /オボ/エ/テ/ /イ/ル/。
その 映画は 予想 以上に 感動的な 作品だった。	ソ/ノ/ /エイ/ガ/ワ/ /ヨ/ソー/ /イ/ジョー/ニ/ /カン/ドー/テキ/ナ/ /サク/ヒン/ダ/ッ/タ/。
昔は この 辺り 一帯が 田んぼばかりだった。	ムカシ/ワ/ /コ/ノ/ /アタ/リ/ /イッ/タイ/ガ/ /タ/ン/ボ/バ/カ/リ/ダ/ッ/タ/。
彼の 提案は 斬新で 実現 可能性も 高い ものだった。	カレ/ノ/ /テイ/アン/ワ/ /ザン/シン/デ/ /ジツ/ゲン/ /カ/ノー/セイ/モ/ /タカ/イ/ /モ/ノ/ダ/ッ/タ/。
先週 訪れた レストランの 料理は 絶品だった。	セン/シュー/ /オトズ/レ/タ/ /レ/ス/ト/ラ/ン/ノ/ /リョー/リ/ワ/ /ゼッ/ピン/ダ/ッ/タ/。
初めて 登った 山から 見た 景色は 息を のむ 美しさだった。	ハジ/メ/テ/ /ノボ/ッ/タ/ /ヤマ/カ/ラ/ /ミ/タ/ /ケ/シキ/ワ/ /イキ/ヲ/ /ノ/ム/ /ウツク/シ/サ/ダ/ッ/タ/。
祖父が 語って くれた 戦争 体験の 話は 忘れられない。	ソ/フ/ガ/ /カタ/ッ/テ/ /ク/レ/タ/ /セン/ソー/ /タイ/ケン/ノ/ /ハナシ/ワ/ /ワス/レ/ラ/レ/ナ/イ/。
学生 時代に 打ち込んだ 部活動は 良い 思い出だ。	ガク/セイ/ /ジ/ダイ/ニ/ /ウ/チ/コ/ン/ダ/ /ブ/カツ/ドー/ワ/ /ヨ/イ/ /オモ/イ/デ/ダ/。
その 日の 天気は 朝から 雨が 降り続いて いた。	ソ/ノ/ /ヒ/ノ/ /テン/キ/ワ/ /アサ/カ/ラ/ /アメ/ガ/ /フ/リ/ツヅ/イ/テ/ /イ/タ/。
彼女が 作って くれた ケーキは 甘さ 控えめで 美味しかった。	カノ/ジョ/ガ/ /ツク/ッ/テ/ /ク/レ/タ/ /ケ/ー/キ/ワ/ /アマ/サ/ /ヒカ/エ/メ/デ/ /オ/イ/シ/カ/ッ/タ/。
昨夜 見た 夢は 不思議な 内容で 印象に 残った。	サク/ヤ/ /ミ/タ/ /ユメ/ワ/ /フ/シ/ギ/ナ/ /ナイ/ヨー/デ/ /イン/ショー/ニ/ /ノコ/ッ/タ/。
展覧会で 見た 絵画は 色彩が 鮮やかで 目を 引いた。	テン/ラン/カイ/デ/ /ミ/タ/ /カイ/ガ/ワ/ /シキ/サイ/ガ/ /アザ/ヤ/カ/デ/ /メ/ヲ/ /ヒ/イ/タ/。
友人から 借りた 小説は 夢中で 読み 終えて しまった。	ユー/ジン/カ/ラ/ /カ/リ/タ/ /ショー/セツ/ワ/ /ム/チュー/デ/ /ヨ/ミ/ /オ/エ/テ/ /シ/マ/ッ/タ/。
その 知らせを 聞いた ときは 本当に 驚いた。	ソ/ノ/ /シ/ラ/セ/ヲ/ /キ/イ/タ/ /ト/キ/ワ/ /ホン/トー/ニ/ /オドロ/イ/タ/。
駅前に あった 古い 書店は 三年 前に 閉店 した。	エキ/マエ/ニ/ /ア/ッ/タ/ /フル/イ/ /ショ/テン/ワ/ /3/ネン/ /マエ/ニ/ /ヘイ/テン/ /シ/タ/。
父が 若い 頃に 乗って いた 車は 赤い スポーツカーだった。	チチ/ガ/ /ワカ/イ/ /コロ/ニ/ /ノ/ッ/テ/ /イ/タ/ /クルマ/ワ/ /アカ/イ/ /ス/ポ/ー/ツ/カ/ー/ダ/ッ/タ/。
初対面の 印象とは 違い、彼は 実に 気さくな 人物だった。	ショ/タイ/メン/ノ/ /イン/ショー/ト/ワ/ /チガ/イ/、/カレ/ワ/ /ジツ/ニ/ /キ/サ/ク/ナ/ /ジン/ブツ/ダ/ッ/タ/。
その コンサートの チケットは 発売 開始から 数分で 完売 した。	ソ/ノ/ /コ/ン/サ/ー/ト/ノ/ /チ/ケ/ッ/ト/ワ/ /ハツ/バイ/ /カイ/シ/カ/ラ/ /スー/フン/デ/ /カン/バイ/ /シ/タ/。
彼らの 努力が 実を 結んで 見事に 成功を 収めた。	カレ/ラ/ノ/ /ド/リョク/ガ/ /ミ/ヲ/ /ムス/ン/デ/ /ミ/ゴト/ニ/ /セイ/コー/ヲ/ /オサ/メ/タ/。
当時の 技術 水準では 実現 不可能と 考えられて いた。	トー/ジ/ノ/ /ギ/ジュツ/ /スイ/ジュン/デ/ワ/ /ジツ/ゲン/ /フ/カ/ノー/ト/ /カンガ/エ/ラ/レ/テ/ /イ/タ/。
その 試合の 結果は 誰もが 予想 して いなかった 展開だった。	ソ/ノ/ /シ/アイ/ノ/ /ケッ/カ/ワ/ /ダレ/モ/ガ/ /ヨ/ソー/ /シ/テ/ /イ/ナ/カ/ッ/タ/ /テン/カイ/ダ/ッ/タ/。
図書館で 偶然 見つけた その 資料は 研究に 大いに 役立った。	ト/ショ/カン/デ/ /グー/ゼン/ /ミ/ツ/ケ/タ/ソ/ノ/ /シ/リョー/ワ/ /ケン/キュー/ニ/ /オオ/イ/ニ/ /ヤク/ダ/ッ/タ/。
冬の 寒い 日に 飲んだ ココアの 温かさが 身に 染みた。	フユ/ノ/ /サム/イ/ /ヒ/ニ/ /ノ/ン/ダ/ /コ/コ/ア/ノ/ /アタタ/カ/サ/ガ/ /ミ/ニ/ /シ/ミ/タ/。
その ニュースは 世界中に 大きな 衝撃を 与えた。	ソ/ノ/ /ニュ/ー/ス/ワ/ /セ/カイ/ジュー/ニ/ /オオ/キ/ナ/ /ショー/ゲキ/ヲ/ /アタ/エ/タ/。
彼の 言葉には 説得力が あり、多くの 人を 動かした。	カレ/ノ/ /コト/バ/ニ/ワ/ /セッ/トク/リョク/ガ/ /ア/リ/、/オオ/ク/ノ/ /ヒト/ヲ/ /ウゴ/カ/シ/タ/。
桜の 花が 満開だった 頃の 写真を 見返すと 懐かしい。	サクラ/ノ/ /ハナ/ガ/ /マン/カイ/ダ/ッ/タ/ /コロ/ノ/ /シャ/シン/ヲ/ /ミ/カエ/ス/ト/ /ナツ/カ/シ/イ/。
あの 時の 決断が 今の 自分を 形作ったと 言える。	ア/ノ/ /トキ/ノ/ /ケツ/ダン/ガ/ /イマ/ノ/ /ジ/ブン/ヲ/ /カタチ/ヅク/ッ/タ/ト/ /イ/エ/ル/。
その 建物は 歴史的 価値が 高く 保存が 決定 された。	ソ/ノ/ /タテ/モノ/ワ/ /レキ/シ/テキ/ /カ/チ/ガ/ /タカ/ク/ /ホ/ゾン/ガ/ /ケッ/テイ/ /サ/レ/タ/。
農業の 近代化は 食料 供給の 安定化に 貢献 する。	ノー/ギョー/ノ/ /キン/ダイ/カ/ワ/ /ショク/リョー/ /キョー/キュー/ノ/ /アン/テイ/カ/ニ/ /コー/ケン/ /ス/ル/。
防災 対策の 強化は 国民の 生命を 守る 基本で ある。	ボー/サイ/ /タイ/サク/ノ/ /キョー/カ/ワ/ /コク/ミン/ノ/ /セイ/メイ/ヲ/ /マモ/ル/ /キ/ホン/デ/ /ア/ル/。
観光 産業は 地域 経済の 活性化に 重要な 役割を 果たす。	カン/コー/ /サン/ギョー/ワ/ /チ/イキ/ /ケイ/ザイ/ノ/ /カッ/セイ/カ/ニ/ /ジュー/ヨー/ナ/ /ヤク/ワリ/ヲ/ /ハ/タ/ス/。
少子化 対策は 国家の 将来を 左右 する 重要 課題で ある。	ショー/シ/カ/ /タイ/サク/ワ/ /コッ/カ/ノ/ /ショー/ライ/ヲ/ /サ/ユー/ /ス/ル/ /ジュー/ヨー/ /カ/ダイ/デ/ /ア/ル/。
技術 革新は 常に 新しい 可能性を 切り開いて いく。	ギ/ジュツ/ /カク/シン/ワ/ /ツネ/ニ/ /アタラ/シ/イ/ /カ/ノー/セイ/ヲ/ /キ/リ/ヒラ/イ/テ/ /イ/ク/。
国際 協力は 地球 規模の 問題 解決に 不可欠で ある。	コク/サイ/ /キョー/リョク/ワ/ /チ/キュー/ /キ/ボ/ノ/ /モン/ダイ/ /カイ/ケツ/ニ/ /フ/カ/ケツ/デ/ /ア/ル/。
メディア リテラシーの 向上が 現代 社会で 求められる。	メ/ディ/ア/ /リ/テ/ラ/シ/ー/ノ/ /コー/ジョー/ガ/ /ゲン/ダイ/ /シャ/カイ/デ/ /モト/メ/ラ/レ/ル/。
多文化 共生 社会の 実現は 時代の 要請で ある。	タ/ブン/カ/ /キョー/セイ/ /シャ/カイ/ノ/ /ジツ/ゲン/ワ/ /ジ/ダイ/ノ/ /ヨー/セイ/デ/ /ア/ル/。
ワーク ライフ バランスの 確保は 労働者の 権利で ある。	ワ/ー/ク/ /ラ/イ/フ/ /バ/ラ/ン/ス/ノ/ /カク/ホ/ワ/ /ロー/ドー/シャ/ノ/ /ケン/リ/デ/ /ア/ル/。
循環型 社会の 構築が 環境 保全の 鍵を 握る。	ジュン/カン/ガタ/ /シャ/カイ/ノ/ /コー/チク/ガ/ /カン/キョー/ /ホ/ゼン/ノ/ /カギ/ヲ/ /ニギ/ル/。
知的 財産権の 保護は 創造 活動を 促進 する 基盤で ある。	チ/テキ/ /ザイ/サン/ケン/ノ/ /ホ/ゴ/ワ/ /ソー/ゾー/ /カツ/ドー/ヲ/ /ソク/シン/ /ス/ル/ /キ/バン/デ/ /ア/ル/。
都市 計画は 住民の 生活の 質に 大きく 影響 する。	ト/シ/ /ケイ/カク/ワ/ /ジュー/ミン/ノ/ /セイ/カツ/ノ/ /シツ/ニ/ /オオ/キ/ク/ /エイ/キョー/ /ス/ル/。
金融 システムの 安定は 経済 成長の 前提 条件で ある。	キン/ユー/ /シ/ス/テ/ム/ノ/ /アン/テイ/ワ/ /ケイ/ザイ/ /セイ/チョー/ノ/ /ゼン/テイ/ /ジョー/ケン/デ/ /ア/ル/。
サイバー セキュリティの 強化は 喫緊の 課題で ある。	サ/イ/バ/ー/ /セ/キュ/リ/ティ/ノ/ /キョー/カ/ワ/ /キッ/キン/ノ/ /カ/ダイ/デ/ /ア/ル/。
職業 訓練の 充実は 雇用の 安定化に 貢献 する。	ショク/ギョー/ /クン/レン/ノ/ /ジュー/ジツ/ワ/ /コ/ヨー/ノ/ /アン/テイ/カ/ニ/ /コー/ケン/ /ス/ル/。
文化財の 保護は 歴史を 未来へ 継承 する 責務で ある。	ブン/カ/ザイ/ノ/ /ホ/ゴ/ワ/ /レキ/シ/ヲ/ /ミ/ライ/エ/ /ケイ/ショー/ /ス/ル/ /セキ/ム/デ/ /ア/ル/。
科学 研究への 投資は 国の 競争力を 高める 要因で ある。	カ/ガク/ /ケン/キュー/エ/ノ/ /トー/シ/ワ/ /クニ/ノ/ /キョー/ソー/リョク/ヲ/ /タカ/メ/ル/ /ヨー/イン/デ/ /ア/ル/。
社会 保障 制度の 持続 可能性が 問われて いる。	シャ/カイ/ /ホ/ショー/ /セイ/ド/ノ/ /ジ/ゾク/ /カ/ノー/セイ/ガ/ /ト/ワ/レ/テ/ /イ/ル/。
起業 支援は 経済の 活性化に 重要な 役割を 担う。	キ/ギョー/ /シ/エン/ワ/ /ケイ/ザイ/ノ/ /カッ/セイ/カ/ニ/ /ジュー/ヨー/ナ/ /ヤク/ワリ/ヲ/ /ニナ/ウ/。
ジェンダー 平等の 実現は 人権 尊重の 基本で ある。	ジェ/ン/ダ/ー/ /ビョー/ドー/ノ/ /ジツ/ゲン/ワ/ /ジン/ケン/ /ソン/チョー/ノ/ /キ/ホン/デ/ /ア/ル/。
交通 安全 対策の 徹底は 事故 防止の 基本で ある。	コー/ツー/ /アン/ゼン/ /タイ/サク/ノ/ /テッ/テイ/ワ/ /ジ/コ/ /ボー/シ/ノ/ /キ/ホン/デ/ /ア/ル/。
スポーツ 振興は 国民の 健康 増進に 寄与 する。	ス/ポ/ー/ツ/ /シン/コー/ワ/ /コク/ミン/ノ/ /ケン/コー/ /ゾー/シン/ニ/ /キ/ヨ/ /ス/ル/。
インフラの 老朽化 対策が 喫緊の 課題と なって いる。	イ/ン/フ/ラ/ノ/ /ロー/キュー/カ/ /タイ/サク/ガ/ /キッ/キン/ノ/ /カ/ダイ/ト/ /ナ/ッ/テ/ /イ/ル/。
森林 保全は 地球 温暖化 防止に 重要な 役割を 果たす。	シン/リン/ /ホ/ゼン/ワ/ /チ/キュー/ /オン/ダン/カ/ /ボー/シ/ニ/ /ジュー/ヨー/ナ/ /ヤク/ワリ/ヲ/ /ハ/タ/ス/。
海洋 資源の 持続的 利用が 求められる 時代で ある。	カイ/ヨー/ /シ/ゲン/ノ/ /ジ/ゾク/テキ/ /リ/ヨー/ガ/ /モト/メ/ラ/レ/ル/ /ジ/ダイ/デ/ /ア/ル/。
宇宙 開発は 科学 技術の 最先端 領域の 一つで ある。	ウ/チュー/ /カイ/ハツ/ワ/ /カ/ガク/ /ギ/ジュツ/ノ/ /サイ/セン/タン/ /リョー/イキ/ノ/ /ヒト/ツ/デ/ /ア/ル/。
消費者 保護は 市場 経済の 健全性を 保つ 要で ある。	ショー/ヒ/シャ/ /ホ/ゴ/ワ/ /シ/ジョー/ /ケイ/ザイ/ノ/ /ケン/ゼン/セイ/ヲ/ /タモ/ツ/ /カナメ/デ/ /ア/ル/。
都市 緑化は 住環境の 改善に 大きく 貢献 する。	ト/シ/ /リョク/カ/ワ/ /ジュー/カン/キョー/ノ/ /カイ/ゼン/ニ/ /オオ/キ/ク/ /コー/ケン/ /ス/ル/。
リサイクル 推進は 資源の 有効 活用に 不可欠で ある。	リ/サ/イ/ク/ル/ /スイ/シン/ワ/ /シ/ゲン/ノ/ /ユー/コー/ /カツ/ヨー/ニ/ /フ/カ/ケツ/デ/ /ア/ル/。
食品 安全の 確保は 消費者の 信頼を 得る 基本で ある。	ショク/ヒン/ /アン/ゼン/ノ/ /カク/ホ/ワ/ /ショー/ヒ/シャ/ノ/ /シン/ライ/ヲ/ /エ/ル/ /キ/ホン/デ/ /ア/ル/。
遠隔 医療の 普及は 医療 アクセスの 改善に 寄与 する。	エン/カク/ /イ/リョー/ノ/ /フ/キュー/ワ/ /イ/リョー/ /ア/ク/セ/ス/ノ/ /カイ/ゼン/ニ/ /キ/ヨ/ /ス/ル/。
量子 コンピュータの 開発は 技術 革新の 最前線で ある。	リョー/シ/ /コ/ン/ピュ/ー/タ/ノ/ /カイ/ハツ/ワ/ /ギ/ジュツ/ /カク/シン/ノ/ /サイ/ゼン/セン/デ/ /ア/ル/。
働き方 改革は 社会 構造の 変革を 促す もので ある。	ハタラ/キ/カタ/ /カイ/カク/ワ/ /シャ/カイ/ /コー/ゾー/ノ/ /ヘン/カク/ヲ/ /ウナガ/ス/ /モ/ノ/デ/ /ア/ル/。
地方 創生は 国土の 均衡 ある 発展に 必要で ある。	チ/ホー/ /ソー/セイ/ワ/ /コク/ド/ノ/ /キン/コー/ /ア/ル/ /ハッ/テン/ニ/ /ヒツ/ヨー/デ/ /ア/ル/。
外国語 教育の 充実は 国際化 時代の 要請で ある。	ガイ/コク/ゴ/ /キョー/イク/ノ/ /ジュー/ジツ/ワ/ /コク/サイ/カ/ /ジ/ダイ/ノ/ /ヨー/セイ/デ/ /ア/ル/。
著作権の 保護は 文化 産業の 発展を 支える 基盤で ある。	チョ/サク/ケン/ノ/ /ホ/ゴ/ワ/ /ブン/カ/ /サン/ギョー/ノ/ /ハッ/テン/ヲ/ /ササ/エ/ル/ /キ/バン/デ/ /ア/ル/。
バリア フリー化の 推進は 共生 社会 実現の 一歩で ある。	バ/リ/ア/ /フ/リ/ー/カ/ノ/ /スイ/シン/ワ/ /キョー/セイ/ /シャ/カイ/ /ジツ/ゲン/ノ/ /イッ/ポ/デ/ /ア/ル/。
電子 政府の 構築は 行政 効率化の 鍵と なる。	デン/シ/ /セイ/フ/ノ/ /コー/チク/ワ/ /ギョー/セイ/ /コー/リツ/カ/ノ/ /カギ/ト/ /ナ/ル/。
産学 連携は  イノベーション 創出の 重要な 仕組みで ある。	サン/ガク/ /レン/ケイ/ワ/ / /イ/ノ/ベ/ー/ショ/ン/ /ソー/シュツ/ノ/ /ジュー/ヨー/ナ/ /シ/ク/ミ/デ/ /ア/ル/。
公害 防止は 環境 保全の 基本的な 取り組みで ある。	コー/ガイ/ /ボー/シ/ワ/ /カン/キョー/ /ホ/ゼン/ノ/ /キ/ホン/テキ/ナ/ /ト/リ/ク/ミ/デ/ /ア/ル/。
伝統 工芸の 継承は 文化的 アイデンティティの 保持で ある。	デン/トー/ /コー/ゲイ/ノ/ /ケイ/ショー/ワ/ /ブン/カ/テキ/ /ア/イ/デ/ン/ティ/ティ/ノ/ /ホ/ジ/デ/ /ア/ル/。
核 廃絶は 人類の 悲願で あると 言って 過言では ない。	カク/ /ハイ/ゼツ/ワ/ /ジン/ルイ/ノ/ /ヒ/ガン/デ/ /ア/ル/ト/ /イ/ッ/テ/ /カ/ゴン/デ/ワ/ /ナ/イ/。
貧困の 撲滅は 国際 社会の 共通 目標で ある。	ヒン/コン/ノ/ /ボク/メツ/ワ/ /コク/サイ/ /シャ/カイ/ノ/ /キョー/ツー/ /モク/ヒョー/デ/ /ア/ル/。
言論の 自由は 民主 主義 社会の 根幹を なす もので ある。	ゲン/ロン/ノ/ /ジ/ユー/ワ/ /ミン/シュ/ /シュ/ギ/ /シャ/カイ/ノ/ /コン/カン/ヲ/ /ナ/ス/ /モ/ノ/デ/ /ア/ル/。
司法 制度の 独立は 法治 国家の 要件で ある。	シ/ホー/ /セイ/ド/ノ/ /ドク/リツ/ワ/ /ホー/チ/ /コッ/カ/ノ/ /ヨー/ケン/デ/ /ア/ル/。
租税 制度の 公平性は 社会の 安定に 寄与 する。	ソ/ゼイ/ /セイ/ド/ノ/ /コー/ヘイ/セイ/ワ/ /シャ/カイ/ノ/ /アン/テイ/ニ/ /キ/ヨ/ /ス/ル/。
動物 福祉の 向上は 倫理的な 社会の 証で ある。	ドー/ブツ/ /フク/シ/ノ/ /コー/ジョー/ワ/ /リン/リ/テキ/ナ/ /シャ/カイ/ノ/ /アカシ/デ/ /ア/ル/。
海洋 汚染の 防止は 地球 環境 保全の 重要 課題で ある。	カイ/ヨー/ /オ/セン/ノ/ /ボー/シ/ワ/ /チ/キュー/ /カン/キョー/ /ホ/ゼン/ノ/ /ジュー/ヨー/ /カ/ダイ/デ/ /ア/ル/。
遺伝子 研究は 医学の 進歩に 大きく 貢献 して いる。	イ/デン/シ/ /ケン/キュー/ワ/ /イ/ガク/ノ/ /シン/ポ/ニ/ /オオ/キ/ク/ /コー/ケン/ /シ/テ/ /イ/ル/。
プライバシー 保護は 情報 社会に おける 基本的 権利で ある。	プ/ラ/イ/バ/シ/ー/ /ホ/ゴ/ワ/ /ジョー/ホー/ /シャ/カイ/ニ/ /オ/ケ/ル/ /キ/ホン/テキ/ /ケン/リ/デ/ /ア/ル/。
ボランティア 活動は 市民 社会の 活力源で ある。	ボ/ラ/ン/ティ/ア/ /カツ/ドー/ワ/ /シ/ミン/ /シャ/カイ/ノ/ /カツ/リョク/ゲン/デ/ /ア/ル/。
企業の 社会的 責任は 現代 経営の 重要な 要素で ある。	キ/ギョー/ノ/ /シャ/カイ/テキ/ /セキ/ニン/ワ/ /ゲン/ダイ/ /ケイ/エイ/ノ/ /ジュー/ヨー/ナ/ /ヨー/ソ/デ/ /ア/ル/。
エシカル 消費の 推進は 持続 可能な 社会への 貢献で ある。	エ/シ/カ/ル/ /ショー/ヒ/ノ/ /スイ/シン`/ワ/ /ジ/ゾク/ /カ/ノー/ナ/ /シャ/カイ/エ/ノ/ /コー/ケン/デ/ /ア/ル/。
感染症 対策は 公衆 衛生の 基本的な 施策で ある。	カン/セン/ショー/ /タイ/サク/ワ/ /コー/シュー/ /エイ/セイ/ノ/ /キ/ホン/テキ/ナ/ /シ/サク/デ/ /ア/ル/。
通信 インフラの 整備は デジタル 社会の 基盤で ある。	ツー/シン/ /イ/ン/フ/ラ/ノ/ /セイ/ビ/ワ/ /デ/ジ/タ/ル/ /シャ/カイ/ノ/ /キ/バン/デ/ /ア/ル/。
職場 環境の 改善は 労働者の 権利 保護に 直結 する。	ショク/バ/ /カン/キョー/ノ/ /カイ/ゼン/ワ/ /ロー/ドー/シャ/ノ/ /ケン/リ/ /ホ/ゴ/ニ/ /チョッ/ケツ/ /ス/ル/。
国際 貿易は 各国の 経済 発展を 支える 仕組みで ある。	コク/サイ/ /ボー/エキ/ワ/ /カッ/コク/ノ/ /ケイ/ザイ/ /ハッ/テン/ヲ/ /ササ/エ/ル/ /シ/ク/ミ/デ/ /ア/ル/。
文化 交流は 相互 理解を 深める 重要な 機会で ある。	ブン/カ/ /コー/リュー/ワ/ /ソー/ゴ/ /リ/カイ/ヲ/ /フカ/メ/ル/ /ジュー/ヨー/ナ/ /キ/カイ/デ/ /ア/ル/。
災害時の 支援 体制の 構築は 地域 防災の 要で ある。	サイ/ガイ/ジ/ノ/ /シ/エン/ /タイ/セイ/ノ/ /コー/チク/ワ/ /チ/イキ/ /ボー/サイ/ノ/ /カナメ/デ/ /ア/ル/。
オープン データの 活用は 行政 透明性の 向上に 寄与 する。	オ/ー/プ/ン/ /デ/ー/タ/ノ/ /カツ/ヨー/ワ/ /ギョー/セイ/ /トー/メイ/セイ/ノ/ /コー/ジョー/ニ/ /キ/ヨ/ /ス/ル/。
公正な 競争 環境の 整備は 市場 経済の 健全性を 保つ。	コー/セイ/ナ/ /キョー/ソー/ /カン/キョー/ノ/ /セイ/ビ/ワ/ /シ/ジョー/ /ケイ/ザイ/ノ/ /ケン/ゼン/セイ/ヲ/ /タモ/ツ/。
メンタル ヘルスの ケアは 現代 社会で 重要性を 増して いる。	メ/ン/タ/ル/ /ヘ/ル/ス/ノ/ /ケ/ア/ワ/ /ゲン/ダイ/ /シャ/カイ/デ/ /ジュー/ヨー/セイ/ヲ/ /マ/シ/テ/ /イ/ル/。
大気 汚染の 抑制は 都市 環境 改善の 基本 課題で ある。	タイ/キ/ /オ/セン/ノ/ /ヨク/セイ/ワ/ /ト/シ/ /カン/キョー/ /カイ/ゼン/ノ/ /キ/ホン/ /カ/ダイ/デ/ /ア/ル/。
人材 育成への 投資は 国家の 将来を 左右 する 要素で ある。	ジン/ザイ/ /イク/セイ/エ/ノ/ /トー/シ/ワ/ /コッ/カ/ノ/ /ショー/ライ/ヲ/ /サ/ユー/ /ス/ル/ /ヨー/ソ/デ/ /ア/ル/。
都市と 農村の 格差 是正は 均衡 ある 発展に 必要で ある。	ト/シ/ト/ /ノー/ソン/ノ/ /カク/サ/ /ゼ/セイ/ワ/ /キン/コー/ /ア/ル/ /ハッ/テン/ニ/ /ヒツ/ヨー/デ/ /ア/ル/。
知識 基盤 社会に おいて 教育の 役割は 一層 重要で ある。	チ/シキ/ /キ/バン/ /シャ/カイ/ニ/ /オ/イ/テ/ /キョー/イク/ノ/ /ヤク/ワリ/ワ/ /イッ/ソー/ /ジュー/ヨー/デ/ /ア/ル/。
透明性の 高い 政治は 民主 主義の 根幹で ある。	トー/メイ/セイ/ノ/ /タカ/イ/ /セイ/ジ/ワ/ /ミン/シュ/ /シュ/ギ/ノ/ /コン/カン/デ/ /ア/ル/。
土壌 保全は 持続 可能な 農業の 基盤と なる。	ド/ジョー/ /ホ/ゼン/ワ/ /ジ/ゾク/ /カ/ノー/ナ/ /ノー/ギョー/ノ/ /キ/バン/ト/ /ナ/ル/。
ちゃんぽんの スープは 豚骨や 鶏ガラを ベースに した 濃厚な 味わいが 特徴で、野菜や 魚介類の 旨味も 加わる ことで 深い 味わいに なります。	チャ/ン/ポ/ン/ノ/ /ス/ー/プ/ワ/ /トン/コツ/ヤ/ /トリ/ガ/ラ/ヲ/ /ベ/ー/ス/ニ/ /シ/タ/ /ノー/コー/ナ/ /アジ/ワ/イ/ガ/ /トク/チョー/デ/、/ヤ/サイ/ヤ/ /ギョ/カイ/ルイ/ノ/ /ウマ/ミ/モ/ /クワ/ワ/ル/ /コ/ト/デ/ /フカ/イ/ /アジ/ワ/イ/ニ/ /ナ/リ/マ/ス/。
具材には、キャベツ、もやし、ニンジン、イカ、エビなどが 使われる ことが 多く、栄養 バランスも 良いです。	グ/ザイ/ニ/ワ/、/キャ/ベ/ツ/、/モ/ヤ/シ/、/ニ/ン/ジ/ン/、/イ/カ/、/エ/ビ/ナ/ド/ガ/ /ツカ/ワ/レ/ル/ /コ/ト/ガ/ /オオ/ク/、/エイ/ヨー/ /バ/ラ/ン/ス/モ/ /ヨ/イ/デ/ス/。
ちゃんぽんは 長崎 発祥の 料理で あり、中国の 料理が 日本で 独自に 進化 した ものと されて います。	チャ/ン/ポ/ン/ワ/ /ナガ/サキ/ /ハッ/ショー/ノ/ /リョー/リ/デ/ /ア/リ/、/チュー/ゴク/ノ/ /リョー/リ/ガ/ /ニッ/ポン/デ/ /ドク/ジ/ニ/ /シン/カ/ /シ/タ/ /モ/ノ/ト/ /サ/レ/テ/ /イ/マ/ス/。
豚骨を ベースに した スープは、コクが ありながらも あっさりと した 味わいで、食べやすいのが 特徴です。	トン/コツ/ヲ/ /ベ/ー/ス/ニ/ /シ/タ/ /ス/ー/プ/ワ/、/コ/ク/ガ/ /ア/リ/ナ/ガ/ラ/モ/ /ア/ッ/サ/リ/ト/ /シ/タ/ /アジ/ワ/イ/デ/、/タ/ベ/ヤ/ス/イ/ノ/ガ/ /トク/チョー/デ/ス/。
豚骨の 旨味が しっかりと 感じられる スープは、具材との 相性も 抜群で、食べる 人を 満足 させます。	トン/コツ/ノ/ /ウマ/ミ/ガ/ /シ/ッ/カ/リ/ト/ /カン/ジ/ラ/レ/ル/ /ス/ー/プ/ワ/、/グ/ザイ/ト/ノ/ /アイ/ショー/モ/ /バツ/グン/デ/、/タ/ベ/ル/ /ヒト/ヲ/ /マン/ゾク/ /サ/セ/マ/ス/。
この後のニュース記事っぽい文章は、Geminiがランダムに生成したもので、実際のニュースとは一切関係ありません。	コ/ノ/ /アト/ノ/ /ニュ/ー/ス/ /キ/ジ/ /ッ/ポ/イ/ /ブン/ショー/ワ/、/Gemini/ /ガ/ /ラ/ン/ダ/ム/ニ/ /セイ/セイ/ /シ/タ/ /モ/ノ/デ/、/ジッ/サイ/ノ/ /ニュ/ー/ス/ト/ワ/ /イッ/サイ/ /カン/ケイ/ /ア/リ/マ/セ/ン/。
政府は五日、物価高騰への対応策として低所得世帯を対象とした一世帯あたり三万円の給付金を来月から支給すると発表し、対象は全国でおよそ六百万世帯に上る見込みである。	セイ/フ/ワ/ /イツ/カ/、/ブッ/カ/ /コー/トー/エ/ノ/ /タイ/オー/サク/ト/ /シ/テ/ /テイ/ショ/トク/ /セ/タイ/ヲ/ /タイ/ショー/ト/ /シ/タ/ /1/セ/タイ/ア/タ/リ/ /3/マン/エン/ノ/ /キュー/フ/キン/ヲ/ /ライ/ゲツ/カ/ラ/ /シ/キュー/ /ス/ル/ト/ /ハッ/ピョー/ /シ/、/タイ/ショー/ワ/ /ゼン/コク/デ/ /オ/ヨ/ソ/ /6/00/マン/セ/タイ/ニ/ /ノボ/ル/ /ミ/コ/ミ/デ/ /ア/ル/。
文部科学省は今年度末をめどに小中学校における生成AI活用の指導指針を改訂する方針を固め、教育現場での適切な利用促進と情報リテラシー教育の充実を図る考えである。	モン/ブ/ /カ/ガク/ショー/ワ/ /コン/ネン/ド/マツ/ヲ/ /メ/ド/ニ/ /ショー/チュー/ /ガッ/コー/ニ/ /オ/ケ/ル/ /セイ/セイ/ /AI/ /カツ/ヨー/ノ/ /シ/ドー/ /シ/シン/ヲ/ /カイ/テイ/ /ス/ル/ /ホー/シン/ヲ/ /カタ/メ/、/キョー/イク/ /ゲン/バ/デ/ノ/ /テキ/セツ/ナ/ /リ/ヨー/ /ソク/シン/ト/ /ジョー/ホー/ /リ/テ/ラ/シ/ー/ /キョー/イク/ノ/ /ジュー/ジツ/ヲ/ /ハカ/ル/ /カンガ/エ/デ/ /ア/ル/。
東京都は都内の通勤ラッシュ緩和を目的として、民間企業に対してフレックスタイム制やテレワーク導入を促す新たな補助金制度を今年度内に創設することを明らかにした。	トー/キョー/ト/ワ/ /ト/ナイ/ノ/ /ツー/キン/ /ラ/ッ/シュ/ /カン/ワ/ヲ/ /モク/テキ/ト/ /シ/テ/、/ミン/カン/ /キ/ギョー/ニ/ /タイ/シ/テ/ /フ/レ/ッ/ク/ス/ /タ/イ/ム/セイ/ヤ/ /テ/レ/ワ/ー/ク/ /ドー/ニュー/ヲ/ /ウナガ/ス/ /アラ/タ/ナ/ /ホ/ジョ/キン/ /セイ/ド/ヲ/ /コン/ネン/ド/ナイ/ニ/ /ソー/セツ/ /ス/ル/ /コ/ト/ヲ/ /アキ/ラ/カ/ニ/ /シ/タ/。
国土交通省の調査によると、全国の空き家数が初めて九百万戸を超えたことが判明し、過疎化が進む地方部を中心に有効活用策の検討が急務となっている状況である。	コク/ド/ /コー/ツー/ショー/ノ/ /チョー/サ/ニ/ /ヨ/ル/ト/、/ゼン/コク/ノ/ /ア/キ/ヤ/スー/ガ/ /ハジ/メ/テ/ /9/00/マン/コ/ヲ/ /コ/エ/タ/ /コ/ト/ガ/ /ハン/メイ/ /シ/、/カ/ソ/カ/ガ/ /スス/ム/ /チ/ホー/ブ/ヲ/ /チュー/シン/ニ/ /ユー/コー/カツ/ヨー/サク/ノ/ /ケン/トー/ガ/ /キュー/ム/ト/ /ナ/ッ/テ/ /イ/ル/ /ジョー/キョー/デ/ /ア/ル/。
中央銀行は金融政策決定会合において政策金利を据え置くことを全会一致で決定し、物価動向と海外経済の不確実性を引き続き注視していく方針を改めて確認した。	チュー/オー/ /ギン/コー/ワ/ /キン/ユー/ /セイ/サク/ /ケッ/テイ/ /カイ/ゴー/ニ/ /オ/イ/テ/ /セイ/サク/ /キン/リ/ヲ/ /ス/エ/オ/ク/ /コ/ト/ヲ/ /ゼン/カイ/ /イッ/チ/デ/ /ケッ/テイ/ /シ/、/ブッ/カ/ /ドー/コー/ト/ /カイ/ガイ/ /ケイ/ザイ/ノ/ /フ/カク/ジツ/セイ/ヲ/ /ヒ/キ/ツヅ/キ/ /チュー/シ/ /シ/テ/ /イ/ク/ /ホー/シン/ヲ/ /アラタ/メ/テ/ /カク/ニン/ /シ/タ/。
大手自動車メーカーは国内の主力工場において二〇三〇年までに全生産ラインを電気自動車専用に切り替える計画を発表し、総投資額は一兆円規模に達する見通しである。	オオ/テ/ /ジ/ドー/シャ/ /メ/ー/カ/ー/ワ/ /コク/ナイ/ノ/ /シュ/リョク/ /コー/ジョー/ニ/ /オ/イ/テ/ /2/0/3/0/ネン/マ/デ/ニ/ /ゼン/セイ/サン/ /ラ/イ/ン/ヲ/ /デン/キ/ /ジ/ドー/シャ/ /セン/ヨー/ニ/ /キ/リ/カ/エ/ル/ /ケイ/カク/ヲ/ /ハッ/ピョー/ /シ/、/ソー/トー/シ/ガク/ワ/ /1/チョー/エン/ /キ/ボ/ニ/ /タッ/ス/ル/ /ミ/トオ/シ/デ/ /ア/ル/。
警察庁の発表によると、昨年一年間に国内で認知されたサイバー犯罪の件数が前年比で二割増となり、特に高齢者を狙ったフィッシング詐欺の急増が深刻な問題となっている。	ケイ/サツ/チョー/ノ/ /ハッ/ピョー/ニ/ /ヨ/ル/ト/、/サク/ネン/ /1/ネン/カン/ニ/ /コク/ナイ/デ/ /ニン/チ/ /サ/レ/タ/ /サ/イ/バ/ー/ /ハン/ザイ/ノ/ /ケン/スー/ガ/ /ゼン/ネン/ヒ/デ/ /2/ワリ/ /ゾー/ト/ /ナ/リ/、/トク/ニ/ /コー/レイ/シャ/ヲ/ /ネラ/ッ/タ/ /フィ/ッ/シ/ン/グ/ /サ/ギ/ノ/ /キュー/ゾー/ガ/ /シン/コク/ナ/ /モン/ダイ/ト/ /ナ/ッ/テ/ /イ/ル/。
環境省は四日、国内の温室効果ガス排出量が前年度比で三パーセント減少したと発表したが、二〇五〇年のカーボンニュートラル達成に向けてはさらなる削減加速が必要である。	カン/キョー/ショー/ワ/ /ヨッ/カ/、/コク/ナイ/ノ/ /オン/シツ/ /コー/カ/ /ガ/ス/ /ハイ/シュツ/リョー/ガ/ /ゼン/ネン/ド/ヒ/デ/ /3/パ/ー/セ/ン/ト/ /ゲン/ショー/ /シ/タ/ト/ /ハッ/ピョー/ /シ/タ/ガ/、/2/0/5/0/ネン/ノ/ /カ/ー/ボ/ン/ /ニュ/ー/ト/ラ/ル/ /タッ/セイ/ニ/ /ム/ケ/テ/ワ/ /サ/ラ/ナ/ル/ /サク/ゲン/ /カ/ソク/ガ/ /ヒツ/ヨー/デ/ /ア/ル/。
厚生労働省の調査で、介護施設で働く職員の四割以上が慢性的な人手不足を感じていることが明らかとなり、処遇改善と外国人材の活用拡大が急がれる状況となっている。	コー/セイ/ /ロー/ドー/ショー/ノ/ /チョー/サ/デ/、/カイ/ゴ/ /シ/セツ/デ/ /ハタラ/ク/ /ショク/イン/ノ/ /4/ワリ/ /イ/ジョー/ガ/ /マン/セイ/テキ/ナ/ /ヒト/デ/ブ/ソク/ヲ/ /カン/ジ/テ/ /イ/ル/ /コ/ト/ガ/ /アキ/ラ/カ/ト/ /ナ/リ/、/ショ/グー/ /カイ/ゼン/ト/ /ガイ/コク/ /ジン/ザイ/ノ/ /カツ/ヨー/ /カク/ダイ/ガ/ /イソ/ガ/レ/ル/ /ジョー/キョー/ト/ /ナ/ッ/テ/ /イ/ル/。
宇宙航空研究開発機構は国産ロケットの打ち上げに成功したと発表し、搭載した地球観測衛星が予定軌道に正常に投入されたことを確認したと明らかにした。	ウ/チュー/ /コー/クー/ /ケン/キュー/ /カイ/ハツ/ /キ/コー/ワ/ /コク/サン/ /ロ/ケ/ッ/ト/ノ/ /ウ/チ/ア/ゲ/ニ/ /セイ/コー/ /シ/タ/ト/ /ハッ/ピョー/ /シ/、/トー/サイ/ /シ/タ/ /チ/キュー/ /カン/ソク/ /エイ/セイ/ガ/ /ヨ/テイ/ /キ/ドー/ニ/ /セイ/ジョー/ニ/ /トー/ニュー/ /サ/レ/タ/ /コ/ト/ヲ/ /カク/ニン/ /シ/タ/ト/ /アキ/ラ/カ/ニ/ /シ/タ/。
農林水産省の統計によれば、昨年の国内農業従事者の平均年齢が初めて七十歳を超え、後継者不足と農地の耕作放棄が深刻な課題として浮き彫りになっている状況である。	ノー/リン/ /スイ/サン/ショー/ノ/ /トー/ケイ/ニ/ /ヨ/レ/バ/、/サク/ネン/ノ/ /コク/ナイ/ /ノー/ギョー/ /ジュー/ジ/シャ/ノ/ /ヘイ/キン/ /ネン/レイ/ガ/ /ハジ/メ/テ/ /7/0/サイ/ヲ/ /コ/エ/、/コー/ケイ/シャ/ブ/ソク/ト/ /ノー/チ/ノ/ /コー/サク/ /ホー/キ/ガ/ /シン/コク/ナ/ /カ/ダイ/ト/ /シ/テ/ /ウ/キ/ボ/リ/ニ/ /ナ/ッ/テ/ /イ/ル/ /ジョー/キョー/デ/ /ア/ル/。
国際通貨基金は最新の世界経済見通しを公表し、今年の世界全体の実質成長率を前回予測から〇・二ポイント引き下げて二・九パーセントと予測したと発表した。	コク/サイ/ /ツー/カ/ /キ/キン/ワ/ /サイ/シン/ノ/ /セ/カイ/ /ケイ/ザイ/ /ミ/トオ/シ/ヲ/ /コー/ヒョー/ /シ/、/コ/トシ/ノ/ /セ/カイ/ /ゼン/タイ/ノ/ /ジッ/シツ/ /セイ/チョー/リツ/ヲ/ /ゼン/カイ/ /ヨ/ソク/カ/ラ/ /0/./2/ポ/イ/ン/ト/ /ヒ/キ/サ/ゲ/テ/ /2/./9/パ/ー/セ/ン/ト/ト/ /ヨ/ソク/ /シ/タ/ト/ /ハッ/ピョー/ /シ/タ/。
総務省の調査によると、国内のスマートフォン保有率が初めて九十パーセントを超えたことが明らかになり、七十歳以上の高齢者層でも普及率が七割に迫っていることが分かった。	ソー/ム/ショー/ノ/ /チョー/サ/ニ/ /ヨ/ル/ト/、/コク/ナイ/ノ/ /ス/マ/ー/ト/フォ/ン/ /ホ/ユー/リツ/ガ/ /ハジ/メ/テ/ /9/0/パ/ー/セ/ン/ト/ヲ/ /コ/エ/タ/ /コ/ト/ガ/ /アキ/ラ/カ/ニ/ /ナ/リ/、/7/0/サイ/ /イ/ジョー/ノ/ /コー/レイ/シャ/ソー/デ/モ/ /フ/キュー/リツ/ガ/ /7/ワリ/ニ/ /セマ/ッ/テ/ /イ/ル/ /コ/ト/ガ/ /ワ/カ/ッ/タ/。
文化庁は伝統工芸品の海外展開を支援するため、産地組合が共同でブランド発信できるオンラインプラットフォームの構築費用を補助する新事業を来年度から開始する予定である。	ブン/カ/チョー/ワ/ /デン/トー/ /コー/ゲイ/ヒン/ノ/ /カイ/ガイ/ /テン/カイ/ヲ/ /シ/エン/ /ス/ル/ /タ/メ/、/サン/チ/ /クミ/アイ/ガ/ /キョー/ドー/デ/ /ブ/ラ/ン/ド/ /ハッ/シン/ /デ/キ/ル/ /オ/ン/ラ/イ/ン/ /プ/ラ/ッ/ト/フォ/ー/ム/ノ/ /コー/チク/ /ヒ/ヨー/ヲ/ /ホ/ジョ/ /ス/ル/ /シン/ジ/ギョー/ヲ/ /ライ/ネン/ド/カ/ラ/ /カイ/シ/ /ス/ル/ /ヨ/テイ/デ/ /ア/ル/。
国内最大手の小売グループが物流コスト削減のためAIを活用した在庫自動発注システムを全国の主要拠点に導入すると発表し、年間約百億円のコスト削減を見込んでいる。	コク/ナイ/ /サイ/オオ/テ/ノ/ /コ/ウリ/ /グ/ル/ー/プ/ガ/ /ブツ/リュー/ /コ/ス/ト/ /サク/ゲン/ノ/ /タ/メ/ /AI/ヲ/ /カツ/ヨー/ /シ/タ/ /ザイ/コ/ /ジ/ドー/ /ハッ/チュー/ /シ/ス/テ/ム/ヲ/ /ゼン/コク/ノ/ /シュ/ヨー/キョ/テン/ニ/ /ドー/ニュー/ /ス/ル/ト/ /ハッ/ピョー/ /シ/、/ネン/カン/ヤク/100/オク/エン/ノ/ /コ/ス/ト/ /サク/ゲン/ヲ/ /ミ/コ/ン/デ/ /イ/ル/。
世界保健機関は新興感染症の早期探知に向けて開発途上国を含む百か国以上が参加する国際監視ネットワークを年内に発足させると発表し、感染拡大の未然防止を目指す。	セ/カイ/ /ホ/ケン/ /キ/カン/ワ/ /シン/コー/ /カン/セン/ショー/ノ/ /ソー/キ/ /タン/チ/ニ/ /ム/ケ/テ/ /カイ/ハツ/ /ト/ジョー/コク/ヲ/ /フク/ム/ /100/カ/コク/ /イ/ジョー/ガ/ /サン/カ/ /ス/ル/ /コク/サイ/ /カン/シ/ /ネ/ッ/ト/ /ワ/ー/ク/ヲ/ /ネン/ナイ/ニ/ /ホッ/ソク/ /サ/セ/ル/ト/ /ハッ/ピョー/ /シ/、/カン/セン/ /カク/ダイ/ノ/ /ミ/ゼン/ /ボー/シ/ヲ/ /メ/ザ/ス/。
国土強靭化計画の一環として政府は南海トラフ地震を想定した避難経路の見直しと防潮堤整備に向けた予算を次年度から大幅に増額する方向で調整を進めていることが分かった。	コク/ド/ /キョー/ジン/カ/ /ケイ/カク/ノ/ /イッ/カン/ト/ /シ/テ/ /セイ/フ/ワ/ /ナン/カイ/ /ト/ラ/フ/ /ジ/シン/ヲ/ /ソー/テイ/ /シ/タ/ /ヒ/ナン/ /ケイ/ロ/ノ/ /ミ/ナオ/シ/ト/ /ボー/チョー/テイ/ /セイ/ビ/ニ/ /ム/ケ/タ/ /ヨ/サン/ヲ/ /ジ/ネン/ド/カ/ラ/ /オオ/ハバ/ニ/ /ゾー/ガク/ /ス/ル/ /ホー/コー/デ/ /チョー/セイ/ヲ/ /スス/メ/テ/ /イ/ル/ /コ/ト/ガ/ /ワ/カ/ッ/タ/。
デジタル庁はマイナンバーカードと健康保険証の一体化に伴うシステム障害の原因を公表し、再発防止策として本人確認照会プロセスの二重化を今年度内に完了させる見通しを示した。	デ/ジ/タ/ル/チョー/ワ/ /マ/イ/ナ/ン/バ/ー/ /カ/ー/ド/ト/ /ケン/コー/ /ホ/ケン/ショー/ノ/ /イッ/タイ/カ/ニ/ /トモナ/ウ/ /シ/ス/テ/ム/ /ショー/ガイ/ノ/ /ゲン/イン/ヲ/ /コー/ヒョー/ /シ/、/サイ/ハツ/ /ボー/シ/サク/ト/ /シ/テ/ /ホン/ニン/ /カク/ニン/ /ショー/カイ/ /プ/ロ/セ/ス/ノ/ /2/ジュー/カ/ヲ/ /コン/ネン/ド/ナイ/ニ/ /カン/リョー/ /サ/セ/ル/ /ミ/トオ/シ/ヲ/ /シメ/シ/タ/。
宇宙開発スタートアップが月面に探査機を着陸させることに成功したと発表し、民間企業による月面着陸としては世界で初めての快挙となったと関係者が明らかにした。	ウ/チュー/ /カイ/ハツ/ /ス/タ/ー/ト/ /ア/ッ/プ/ガ/ /ゲツ/メン/ニ/ /タン/サ/キ/ヲ/ /チャク/リク/ /サ/セ/ル/ /コ/ト/ニ/ /セイ/コー/ /シ/タ/ト/ /ハッ/ピョー/ /シ/、/ミン/カン/ /キ/ギョー/ニ/ /ヨ/ル/ /ゲツ/メン/ /チャク/リク/ト/ /シ/テ/ワ/ /セ/カイ/デ/ /ハジ/メ/テ/ノ/ /カイ/キョ/ト/ /ナ/ッ/タ/ト/ /カン/ケイ/シャ/ガ/ /アキ/ラ/カ/ニ/ /シ/タ/。
政府の有識者会議は少子化対策の財源として社会保険料への上乗せ徴収方式を軸に最終調整に入っており、与党との協議を経て来月中に正式決定する見通しであると伝えられている。	セイ/フ/ノ/ /ユー/シキ/シャ/ /カイ/ギ/ワ/ /ショー/シ/カ/ /タイ/サク/ノ/ /ザイ/ゲン/ト/ /シ/テ/ /シャ/カイ/ /ホ/ケン/リョー/エ/ノ/ /ウワ/ノ/セ/ /チョー/シュー/ /ホー/シキ/ヲ/ /ジク/ニ/ /サイ/シュー/ /チョー/セイ/ニ/ /ハイ/ッ/テ/ /オ/リ/、/ヨ/トー/ト/ノ/ /キョー/ギ/ヲ/ /ヘ/テ/ /ライ/ゲツ/チュー/ニ/ /セイ/シキ/ /ケッ/テイ/ /ス/ル/ /ミ/トオ/シ/デ/ /ア/ル/ト/ /ツタ/エ/ラ/レ/テ/ /イ/ル/。
気象庁は今年の夏の平均気温が一九世紀末の統計開始以来最も高くなる可能性があると発表し、熱中症対策と農業への影響軽減に向けた早期の備えを呼びかけている状況である。	キ/ショー/チョー/ワ/ /コ/トシ/ノ/ /ナツ/ノ/ /ヘイ/キン/ /キ/オン/ガ/ /1/9/セイ/キ/マツ/ノ/ /トー/ケイ/ /カイ/シ/ /イ/ライ/ /モット/モ/ /タカ/ク/ /ナ/ル/ /カ/ノー/セイ/ガ/ /ア/ル/ト/ /ハッ/ピョー/ /シ/、/ネッ/チュー/ショー/ /タイ/サク/ト/ /ノー/ギョー/エ/ノ/ /エイ/キョー/ /ケイ/ゲン/ニ/ /ム/ケ/タ/ /ソー/キ/ノ/ /ソナ/エ/ヲ/ /ヨ/ビ/カ/ケ/テ/ /イ/ル/ /ジョー/キョー/デ/ /ア/ル/。
金融庁は暗号資産交換業者に対するセキュリティ基準を大幅に強化する改正案を公表し、顧客資産の分別管理と多要素認証の義務化を柱とする新規則を来年四月から適用する予定だ。	キン/ユー/チョー/ワ/ /アン/ゴー/ /シ/サン/ /コー/カン/ /ギョー/シャ/ニ/ /タイ/ス/ル/ /セ/キュ/リ/ティ/ /キ/ジュン/ヲ/ /オオ/ハバ/ニ/ /キョー/カ/ /ス/ル/ /カイ/セイ/アン/ヲ/ /コー/ヒョー/ /シ/、/コ/キャク/ /シ/サン/ノ/ /ブン/ベツ/ /カン/リ/ト/ /タ/ヨー/ソ/ /ニン/ショー/ノ/ /ギ/ム/カ/ヲ/ /ハシラ/ト/ /ス/ル/ /シン/キ/ソク/ヲ/ /ライ/ネン/ /4/ガツ/カ/ラ/ /テキ/ヨー/ /ス/ル/ /ヨ/テイ/ダ/。
警視庁は著名人のSNSアカウントになりすまして高額の投資を勧誘する詐欺グループのメンバー数人を詐欺罪で逮捕したと発表し、被害総額は少なくとも数億円に上るとみられる。	ケイ/シ/チョー/ワ/ /チョ/メイ/ジン/ノ/ /SNS/ /ア/カ/ウ/ン/ト/ニ/ /ナ/リ/ス/マ/シ/テ/ /コー/ガク/ノ/ /トー/シ/ヲ/ /カン/ユー/ /ス/ル/ /サ/ギ/ /グ/ル/ー/プ/ノ/ /メ/ン/バ/ー/ /スー/ニン/ヲ/ /サ/ギ/ザイ/デ/ /タイ/ホ/ /シ/タ/ト/ /ハッ/ピョー/ /シ/、/ヒ/ガイ/ /ソー/ガク/ワ/ /スク/ナ/ク/ト/モ/ /スー/ /オク/エン/ニ/ /ノボ/ル/ト/ /ミ/ラ/レ/ル/。
経済産業省はデータセンターの電力消費を抑制するため、PUE値の基準を段階的に引き上げる省エネ規制の骨格を公表し、二〇三〇年度までの達成を事業者に義務付ける方針だ。	ケイ/ザイ/ /サン/ギョー/ショー/ワ/ /デ/ー/タ/ /セ/ン/タ/ー/ノ/ /デン/リョク/ /ショー/ヒ/ヲ/ /ヨク/セイ/ /ス/ル/ /タ/メ/、/pue/チ/ノ/ /キ/ジュン/ヲ/ /ダン/カイ/テキ/ニ/ /ヒ/キ/ア/ゲ/ル/ /ショー/エ/ネ/ /キ/セイ/ノ/ /コッ/カク/ヲ/ /コー/ヒョー/ /シ/、/2/0/3/0/ネン/ド/マ/デ/ノ/ /タッ/セイ/ヲ/ /ジ/ギョー/シャ/ニ/ /ギ/ム/ヅ/ケ/ル/ /ホー/シン/ダ/。
国内の大手銀行グループが生成AIを活用した融資審査システムを来年度から本格稼働させると発表し、審査にかかる時間を従来の三分の一以下に短縮することを目指している。	コク/ナイ/ノ/ /オオ/テ/ /ギン/コー/ /グ/ル/ー/プ/ガ/ /セイ/セイ/ /AI/ヲ/ /カツ/ヨー/ /シ/タ/ /ユー/シ/ /シン/サ/ /シ/ス/テ/ム/ヲ/ /ライ/ネン/ド/カ/ラ/ /ホン/カク/ /カ/ドー/ /サ/セ/ル/ト/ /ハッ/ピョー/ /シ/、/シン/サ/ニ/ /カ/カ/ル/ /ジ/カン/ヲ/ /ジュー/ライ/ノ/ /3/ブン/ノ/ /1/ /イ/カ/ニ/ /タン/シュク/ /ス/ル/ /コ/ト/ヲ/ /メ/ザ/シ/テ/ /イ/ル/。
国連気候変動枠組条約の締約国会議において、先進国が途上国への気候資金支援を二〇三〇年までに年間三千億ドルに拡充することで合意したと議長国が最終日に発表した。	コク/レン/ /キ/コー/ /ヘン/ドー/ /ワク/グミ/ /ジョー/ヤク/ノ/ /テイ/ヤク/コク/ /カイ/ギ/ニ/ /オ/イ/テ/、/セン/シン/コク/ガ/ /ト/ジョー/コク/エ/ノ/ /キ/コー/ /シ/キン/ /シ/エン/ヲ/ /2/0/3/0/ネン/マ/デ/ニ/ /ネン/カン/ /3/ゼン/オク/ド/ル/ニ/ /カク/ジュー/ /ス/ル/ /コ/ト/デ/ /ゴー/イ/ /シ/タ/ト/ /ギ/チョー/コク/ガ/ /サイ/シュー/ビ/ニ/ /ハッ/ピョー/ /シ/タ/。
国内の主要自治体が共同で運用するマイナポータル連携システムに一時的なアクセス障害が発生したことが確認され、原因の特定と復旧作業が進められていると担当省庁が発表した。	コク/ナイ/ノ/ /シュ/ヨー/ /ジ/チ/タイ/ガ/ /キョー/ドー/デ/ /ウン/ヨー/ /ス/ル/ /マ/イ/ナ/ /ポ/ー/タ/ル/ /レン/ケイ/ /シ/ス/テ/ム/ニ/ /イチ/ジ/テキ/ナ/ /ア/ク/セ/ス/ /ショー/ガイ/ガ/ /ハッ/セイ/ /シ/タ/ /コ/ト/ガ/ /カク/ニン/ /サ/レ/、/ゲン/イン/ノ/ /トク/テイ/ト/ /フッ/キュー/ /サ/ギョー/ガ/ /スス/メ/ラ/レ/テ/ /イ/ル/ト/ /タン/トー/ /ショー/チョー/ガ/ /ハッ/ピョー/ /シ/タ/。
農業用ドローンのメーカーが農薬散布の効率を従来比で四割以上高める新型機を発表し、AIによる自律飛行と障害物回避機能を搭載した最新モデルの受注を今月から開始すると明かした。	ノー/ギョー/ヨー/ /ド/ロ/ー/ン/ノ/ /メ/ー/カ/ー/ガ/ /ノー/ヤク/ /サン/プ/ノ/ /コー/リツ/ヲ/ /ジュー/ライ/ヒ/デ/ /4/ワリ/ /イ/ジョー/ /タカ/メ/ル/ /シン/ガタ/キ/ヲ/ /ハッ/ピョー/ /シ/、/AI/ニ/ /ヨ/ル/ /ジ/リツ/ /ヒ/コー/ト/ /ショー/ガイ/ブツ/ /カイ/ヒ/ /キ/ノー/ヲ/ /トー/サイ/ /シ/タ/ /サイ/シン/ /モ/デ/ル/ノ/ /ジュ/チュー/ヲ/ /コン/ゲツ/カ/ラ/ /カイ/シ/ /ス/ル/ト/ /ア/カ/シ/タ/。
財務省は国債残高が一千兆円を突破したことを公表し、財政健全化に向けて歳出構造の見直しと成長を通じた税収増の双方を追求する基本姿勢を改めて強調した。	ザイ/ム/ショー/ワ/ /コク/サイ/ /ザン/ダカ/ガ/ /1/000/チョー/エン/ヲ/ /トッ/パ/ /シ/タ/ /コ/ト/ヲ/ /コー/ヒョー/ /シ/、/ザイ/セイ/ /ケン/ゼン/カ/ニ/ /ム/ケ/テ/ /サイ/シュツ/ /コー/ゾー/ノ/ /ミ/ナオ/シ/ト/ /セイ/チョー/ヲ/ /ツー/ジ/タ/ /ゼイ/シュー/ゾー/ノ/ /ソー/ホー/ヲ/ /ツイ/キュー/ /ス/ル/ /キ/ホン/ /シ/セイ/ヲ/ /アラタ/メ/テ/ /キョー/チョー/ /シ/タ/。
公正取引委員会はプラットフォーム事業者による自社サービスの優遇行為が独占禁止法上の問題となりうるとする指針の改訂版を公表し、各社に対して自主的な改善を促している。	コー/セイ/ /トリ/ヒキ/ /イ/イン/カイ/ワ/ /プ/ラ/ッ/ト/フォ/ー/ム/ /ジ/ギョー/シャ/ニ/ /ヨ/ル/ /ジ/シャ/ /サ/ー/ビ/ス/ノ/ /ユー/グー/ /コー/イ/ガ/ /ドク/セン/ /キン/シ/ホー/ジョー/ノ/ /モン/ダイ/ト/ /ナ/リ/ウ/ル/ト/ /ス/ル/ /シ/シン/ノ/ /カイ/テイ/バン/ヲ/ /コー/ヒョー/ /シ/、/カク/シャ/ニ/ /タイ/シ/テ/ /ジ/シュ/テキ/ナ/ /カイ/ゼン/ヲ/ /ウナガ/シ/テ/ /イ/ル/。
国土交通省は老朽化が進む全国の橋梁約七万か所の点検結果を公表し、緊急的な補修が必要と判定されたものが前回調査から二割増加したことを明らかにした。	コク/ド/ /コー/ツー/ショー/ワ/ /ロー/キュー/カ/ガ/ /スス/ム/ /ゼン/コク/ノ/ /キョー/リョー/ /ヤク/ /7/マン/カ/ショ/ノ/ /テン/ケン/ /ケッ/カ/ヲ/ /コー/ヒョー/ /シ/、/キン/キュー/テキ/ナ/ /ホ/シュー/ガ/ /ヒツ/ヨー/ト/ /ハン/テイ/ /サ/レ/タ/ /モ/ノ/ガ/ /ゼン/カイ/ /チョー/サ/カ/ラ/ /2/ワリ/ /ゾー/カ/ /シ/タ/ /コ/ト/ヲ/ /アキ/ラ/カ/ニ/ /シ/タ/。
東南アジア諸国連合の首脳会議が閉幕し、域内のデジタル経済連携を深化させる共同宣言を採択したほか、気候変動対策と食料安全保障の強化について各国が協調していくことを確認した。	トー/ナン/ /ア/ジ/ア/ /ショ/コク/ /レン/ゴー/ノ/ /シュ/ノー/ /カイ/ギ/ガ/ /ヘイ/マク/ /シ/、/イキ/ナイ/ノ/ /デ/ジ/タ/ル/ /ケイ/ザイ/ /レン/ケイ/ヲ/ /シン/カ/ /サ/セ/ル/ /キョー/ドー/ /セン/ゲン/ヲ/ /サイ/タク/ /シ/タ/ /ホ/カ/、/キ/コー/ /ヘン/ドー/ /タイ/サク/ト/ /ショク/リョー/ /アン/ゼン/ /ホ/ショー/ノ/ /キョー/カ/ニ/ /ツ/イ/テ/ /カッ/コク/ガ/ /キョー/チョー/ /シ/テ/ /イ/ク/ /コ/ト/ヲ/ /カク/ニン/ /シ/タ/。
文部科学省の調査によると、昨年度の不登校の小中学生の数が過去最多を更新し、三十万人を超えたことが判明したため、政府はオルタナティブ教育の拡充策を検討している。	モン/ブ/ /カ/ガク/ショー/ノ/ /チョー/サ/ニ/ /ヨ/ル/ト/、/サク/ネン/ド/ノ/ /フ/トー/コー/ノ/ /ショー/チュー/ガク/セイ/ノ/ /カズ/ガ/ /カ/コ/ /サイ/タ/ヲ/ /コー/シン/ /シ/、/3/0/マン/ニン/ヲ/ /コ/エ/タ/ /コ/ト/ガ/ /ハン/メイ/ /シ/タ/ /タ/メ/、/セイ/フ/ワ/ /オ/ル/タ/ナ/ティ/ブ/ /キョー/イク/ノ/ /カク/ジュー/サク/ヲ/ /ケン/トー/ /シ/テ/ /イ/ル/。
法務省は受刑者の社会復帰を支援するため、刑務所内でのプログラミング教育や職業訓練を拡充する実証事業を来年度から全国十か所の施設で開始することを明らかにした。	ホー/ム/ショー/ワ/ /ジュ/ケイ/シャ/ノ/ /シャ/カイ/ /フッ/キ/ヲ/ /シ/エン/ /ス/ル/ /タ/メ/、/ケイ/ム/ショ/ナイ/デ/ノ/ /プ/ロ/グ/ラ/ミ/ン/グ/ /キョー/イク/ヤ/ /ショク/ギョー/ /クン/レン/ヲ/ /カク/ジュー/ /ス/ル/ /ジッ/ショー/ /ジ/ギョー/ヲ/ /ライ/ネン/ド/カ/ラ/ /ゼン/コク/ /10/カ/ショ/ノ/ /シ/セツ/デ/ /カイ/シ/ /ス/ル/ /コ/ト/ヲ/ /アキ/ラ/カ/ニ/ /シ/タ/。
防衛省は島嶼防衛の強化策として無人機を活用した沿岸監視システムの整備計画を発表し、二〇二七年度末までに南西諸島の主要島嶼をカバーする体制を構築する方針を示した。	ボー/エイ/ショー/ワ/ /トー/ショ/ /ボー/エイ/ノ/ /キョー/カ/サク/ト/ /シ/テ/ /ム/ジン/キ/ヲ/ /カツ/ヨー/ /シ/タ/ /エン/ガン/ /カン/シ/ /シ/ス/テ/ム/ノ/ /セイ/ビ/ /ケイ/カク/ヲ/ /ハッ/ピョー/ /シ/、/2/0/2/7/ネン/ド/マツ/マ/デ/ニ/ /ナン/セイ/ /ショ/トー/ノ/ /シュ/ヨー/トー/ショ/ヲ/ /カ/バ/ー/ /ス/ル/ /タイ/セイ/ヲ/ /コー/チク/ /ス/ル/ /ホー/シン/ヲ/ /シメ/シ/タ/。
消費者庁は大手食品メーカーの輸入原材料の産地表示に不適切な記載があったとして立入調査を実施し、景品表示法違反の疑いで措置命令を検討していることが関係者への取材で分かった。	ショー/ヒ/シャ/チョー/ワ/ /オオ/テ/ /ショク/ヒン/ /メ/ー/カ/ー/ノ/ /ユ/ニュー/ /ゲン/ザイ/リョー/ノ/ /サン/チ/ /ヒョー/ジ/ニ/ /フ/テキ/セツ/ナ/ /キ/サイ/ガ/ /ア/ッ/タ/ト/ /シ/テ/ /タチ/イリ/ /チョー/サ/ヲ/ /ジッ/シ/ /シ/、/ケイ/ヒン/ /ヒョー/ジ/ホー/ /イ/ハン/ノ/ /ウタガ/イ/デ/ /ソ/チ/ /メイ/レイ/ヲ/ /ケン/トー/ /シ/テ/ /イ/ル/ /コ/ト/ガ/ /カン/ケイ/シャ/エ/ノ/ /シュ/ザイ/デ/ /ワ/カ/ッ/タ/。
国内の製薬大手がアルツハイマー病の進行を遅らせる新薬について厚生労働省に承認申請を行ったことが明らかになり、審査が順調に進めば来年中にも保険適用となる可能性がある。	コク/ナイ/ノ/ /セイ/ヤク/ /オオ/テ/ガ/ /ア/ル/ツ/ハ/イ/マ/ー/ビョー/ノ/ /シン/コー/ヲ/ /オク/ラ/セ/ル/ /シン/ヤク/ニ/ /ツ/イ/テ/ /コー/セイ/ /ロー/ドー/ショー/ニ/ /ショー/ニン/ /シン/セイ/ヲ/ /オコナ/ッ/タ/ /コ/ト/ガ/ /アキ/ラ/カ/ニ/ /ナ/リ/、/シン/サ/ガ/ /ジュン/チョー/ニ/ /スス/メ/バ/ /ライ/ネン/チュー/ニ/モ/ /ホ/ケン/ /テキ/ヨー/ト/ /ナ/ル/ /カ/ノー/セイ/ガ/ /ア/ル/。
内閣府の調査によれば、働き方改革の進展により週休三日制を導入する企業が三年前と比べて三倍以上に増加したが、中小企業への普及は依然として限定的にとどまっている。	ナイ/カク/フ/ノ/ /チョー/サ/ニ/ /ヨ/レ/バ/、/ハタラ/キ/カタ/ /カイ/カク/ノ/ /シン/テン/ニ/ /ヨ/リ/ /シュー/キュー/ミ/カ/セイ/ヲ/ /ドー/ニュー/ /ス/ル/ /キ/ギョー/ガ/ /3/ネン/ /マエ/ト/ /クラ/ベ/テ/ /3/バイ/ /イ/ジョー/ニ/ /ゾー/カ/ /シ/タ/ガ/、/チュー/ショー/ /キ/ギョー/エ/ノ/ /フ/キュー/ワ/ /イ/ゼン/ト/ /シ/テ/ /ゲン/テイ/テキ/ニ/ /ト/ド/マ/ッ/テ/ /イ/ル/。
環境省と農林水産省は食品ロス削減の取り組みを強化するため、小売業者と外食産業に対して賞味期限切れ前の商品割引販売を促進する新たなガイドラインを策定すると発表した。	カン/キョー/ショー/ト/ /ノー/リン/ /スイ/サン/ショー/ワ/ /ショク/ヒン/ /ロ/ス/ /サク/ゲン/ノ/ /ト/リ/ク/ミ/ヲ/ /キョー/カ/ /ス/ル/ /タ/メ/、/コ/ウリ/ /ギョー/シャ/ト/ /ガイ/ショク/ /サン/ギョー/ニ/ /タイ/シ/テ/ /ショー/ミ/ /キ/ゲン/ギ/レ/ /マエ/ノ/ /ショー/ヒン/ /ワリ/ビキ/ /ハン/バイ/ヲ/ /ソク/シン/ /ス/ル/ /アラ/タ/ナ/ /ガ/イ/ド/ /ラ/イ/ン/ヲ/ /サク/テイ/ /ス/ル/ト/ /ハッ/ピョー/ /シ/タ/。
総務省統計局が公表した最新の労働力調査によると、三月の完全失業率は前月比〇・一ポイント低下の二・一パーセントとなり、雇用情勢は緩やかな改善が続いている状況である。	ソー/ム/ショー/ /トー/ケイ/キョク/ガ/ /コー/ヒョー/ /シ/タ/ /サイ/シン/ノ/ /ロー/ドー/リョク/ /チョー/サ/ニ/ /ヨ/ル/ト/、/3/ガツ/ノ/ /カン/ゼン/ /シツ/ギョー/リツ/ワ/ /ゼン/ゲツ/ヒ/0/./1/ポ/イ/ン/ト/ /テイ/カ/ノ/ /2/./1/パ/ー/セ/ン/ト/ト/ /ナ/リ/、/コ/ヨー/ /ジョー/セイ/ワ/ /ユル/ヤ/カ/ナ/ /カイ/ゼン/ガ/ /ツヅ/イ/テ/ /イ/ル/ /ジョー/キョー/デ/ /ア/ル/。
警察庁は昨年一年間に全国で起きたあおり運転の件数が前年から増加したとする統計を公表し、ドライブレコーダーの映像を証拠とした検挙が件数増加の一因であると分析している。	ケイ/サツ/チョー/ワ/ /サク/ネン/ /1/ネン/カン/ニ/ /ゼン/コク/デ/ /オ/キ/タ/ /ア/オ/リ/ /ウン/テン/ノ/ /ケン/スー/ガ/ /ゼン/ネン/カ/ラ/ /ゾー/カ/ /シ/タ/ト/ /ス/ル/ /トー/ケイ/ヲ/ /コー/ヒョー/ /シ/、/ド/ラ/イ/ブ/ /レ/コ/ー/ダ/ー/ノ/ /エイ/ゾー/ヲ/ /ショー/コ/ト/ /シ/タ/ /ケン/キョ/ガ/ /ケン/スー/ /ゾー/カ/ノ/ /イチ/イン/デ/ /ア/ル/ト/ /ブン/セキ/ /シ/テ/ /イ/ル/。
高校野球の全国選手権大会が開幕し、初日から好ゲームが相次いで観客を沸かせたが、熱中症予防を目的として一部試合が夕方に開始時間を変更するなど異例の運営が行われた。	コー/コー/ /ヤ/キュー/ノ/ /ゼン/コク/ /セン/シュ/ケン/ /タイ/カイ/ガ/ /カイ/マク/ /シ/、/ショ/ニチ/カ/ラ/ /コー/ゲ/ー/ム/ガ/ /アイ/ツ/イ/デ/ /カン/キャク/ヲ/ /ワ/カ/セ/タ/ガ/、/ネッ/チュー/ショー/ /ヨ/ボー/ヲ/ /モク/テキ/ト/ /シ/テ/ /イチ/ブ/ /シ/アイ/ガ/ /ユー/ガタ/ニ/ /カイ/シ/ /ジ/カン/ヲ/ /ヘン/コー/ /ス/ル/ナ/ド/ /イ/レイ/ノ/ /ウン/エイ/ガ/ /オコナ/ワ/レ/タ/。
政府は地方創生の加速に向け、東京一極集中の是正を促すため地方移住者への支援金を拡充する方針を決定し、子育て世代が移住する場合の給付額を大幅に引き上げる考えである。	セイ/フ/ワ/ /チ/ホー/ /ソー/セイ/ノ/ /カ/ソク/ニ/ /ム/ケ/、/トー/キョー/ /1/キョク/ /シュー/チュー/ノ/ /ゼ/セイ/ヲ/ /ウナガ/ス/ /タ/メ/ /チ/ホー/ /イ/ジュー/シャ/エ/ノ/ /シ/エン/キン/ヲ/ /カク/ジュー/ /ス/ル/ /ホー/シン/ヲ/ /ケッ/テイ/ /シ/、/コ/ソダ/テ/ /セ/ダイ/ガ/ /イ/ジュー/ /ス/ル/ /バ/アイ/ノ/ /キュー/フ/ガク/ヲ/ /オオ/ハバ/ニ/ /ヒ/キ/ア/ゲ/ル/ /カンガ/エ/デ/ /ア/ル/。
水産庁はクロマグロの資源回復が順調に進んでいるとして、来年度から沿岸漁業における漁獲枠を段階的に拡大する方針を示し、漁業者からは歓迎と慎重論の両方の声が上がっている。	スイ/サン/チョー/ワ/ /ク/ロ/マ/グ/ロ/ノ/ /シ/ゲン/ /カイ/フク/ガ/ /ジュン/チョー/ニ/ /スス/ン/デ/ /イ/ル/ト/ /シ/テ/、/ライ/ネン/ド/カ/ラ/ /エン/ガン/ /ギョ/ギョー/ニ/ /オ/ケ/ル/ /ギョ/カク/ワク/ヲ/ /ダン/カイ/テキ/ニ/ /カク/ダイ/ /ス/ル/ /ホー/シン/ヲ/ /シメ/シ/、/ギョ/ギョー/シャ/カ/ラ/ワ/ /カン/ゲイ/ト/ /シン/チョー/ロン/ノ/ /リョー/ホー/ノ/ /コエ/ガ/ /ア/ガ/ッ/テ/ /イ/ル/。
国内の大手通信キャリアが次世代通信規格の商用サービスエリアを来年度末までに全国主要都市の九十パーセント以上をカバーする水準に拡大する計画を発表した。	コク/ナイ/ノ/ /オオ/テ/ /ツー/シン/ /キャ/リ/ア/ガ/ /ジ/セ/ダイ/ /ツー/シン/ /キ/カク/ノ/ /ショー/ヨー/ /サ/ー/ビ/ス/ /エ/リ/ア/ヲ/ /ライ/ネン/ド/マツ/マ/デ/ニ/ /ゼン/コク/ /シュ/ヨー/ト/シ/ノ/ /9/0/パ/ー/セ/ン/ト/ /イ/ジョー/ヲ/ /カ/バ/ー/ /ス/ル/ /スイ/ジュン/ニ/ /カク/ダイ/ /ス/ル/ /ケイ/カク/ヲ/ /ハッ/ピョー/ /シ/タ/。
政府の感染症対策分科会は新型ウイルスの変異株について現行ワクチンの有効性を評価する検討を開始したことを明らかにし、必要に応じて接種計画の見直しを行う意向を示した。	セイ/フ/ノ/ /カン/セン/ショー/ /タイ/サク/ /ブン/カ/カイ/ワ/ /シン/ガタ/ /ウ/イ/ル/ス/ノ/ /ヘン/イ/カブ/ニ/ /ツ/イ/テ/ /ゲン/コー/ /ワ/ク/チ/ン/ノ/ /ユー/コー/セイ/ヲ/ /ヒョー/カ/ /ス/ル/ /ケン/トー/ヲ/ /カイ/シ/ /シ/タ/ /コ/ト/ヲ/ /アキ/ラ/カ/ニ/ /シ/、/ヒツ/ヨー/ニ/ /オー/ジ/テ/ /セッ/シュ/ /ケイ/カク/ノ/ /ミ/ナオ/シ/ヲ/ /オコナ/ウ/ /イ/コー/ヲ/ /シメ/シ/タ/。
財界は二〇三〇年までに国内の電力需要の六割を再生可能エネルギーで賄う数値目標を業界団体として初めて設定し、太陽光・洋上風力・水素の三分野への重点投資を表明した。	ザイ/カイ/ワ/ /2/0/3/0/ネン/マ/デ/ニ/ /コク/ナイ/ノ/ /デン/リョク/ /ジュ/ヨー/ノ/ /6/ワリ/ヲ/ /サイ/セイ/ /カ/ノー/ /エ/ネ/ル/ギ/ー/デ/ /マカナ/ウ/ /スー/チ/ /モク/ヒョー/ヲ/ /ギョー/カイ/ /ダン/タイ/ト/ /シ/テ/ /ハジ/メ/テ/ /セッ/テイ/ /シ/、/タイ/ヨー/コー/・/ヨー/ジョー/ /フー/リョク/・/スイ/ソ/ノ/ /3/ブン/ヤ/エ/ノ/ /ジュー/テン/ /トー/シ/ヲ/ /ヒョー/メイ/ /シ/タ/。
法制審議会は選択的夫婦別姓制度の導入を可能とする民法改正要綱を答申し、政府は次の通常国会での改正法案提出を目指して省庁間の調整を本格化させることを明らかにした。	ホー/セイ/ /シン/ギ/カイ/ワ/ /セン/タク/テキ/ /フー/フ/ /ベッ/セイ/ /セイ/ド/ノ/ /ドー/ニュー/ヲ/ /カ/ノー/ト/ /ス/ル/ /ミン/ポー/ /カイ/セイ/ /ヨー/コー/ヲ/ /トー/シン/ /シ/、/セイ/フ/ワ/ /ツギ/ノ/ /ツー/ジョー/ /コッ/カイ/デ/ノ/ /カイ/セイ/ /ホー/アン/ /テイ/シュツ/ヲ/ /メ/ザ/シ/テ/ /ショー/チョー/カン/ノ/ /チョー/セイ/ヲ/ /ホン/カク/カ/ /サ/セ/ル/ /コ/ト/ヲ/ /アキ/ラ/カ/ニ/ /シ/タ/。
国際原子力機関は老朽化した原子力発電所の安全基準を見直す新たな勧告を公表し、加盟各国に対して設計寿命を超えた炉の継続稼働には独立機関による追加審査を義務付けるよう求めた。	コク/サイ/ /ゲン/シ/リョク/ /キ/カン/ワ/ /ロー/キュー/カ/ /シ/タ/ /ゲン/シ/リョク/ /ハツ/デン/ショ/ノ/ /アン/ゼン/ /キ/ジュン/ヲ/ /ミ/ナオ/ス/ /アラ/タ/ナ/ /カン/コク/ヲ/ /コー/ヒョー/ /シ/、/カ/メイ/ /カッ/コク/ニ/ /タイ/シ/テ/ /セッ/ケイ/ /ジュ/ミョー/ヲ/ /コ/エ/タ/ /ロ/ノ/ /ケイ/ゾク/ /カ/ドー/ニ/ワ/ /ドク/リツ/ /キ/カン/ニ/ /ヨ/ル/ /ツイ/カ/ /シン/サ/ヲ/ /ギ/ム/ヅ/ケ/ル/ヨ/ー/ /モト/メ/タ/。
最近、職場の近くに新しいカフェができたので、[昨日]のランチのときに同僚と一緒に行ってみたのですが、コーヒーがとてもおいしくて雰囲気もよかったので、また近いうちに行きたいと思っています。	サイ/キン/、/ショク/バ/ノ/ /チカ/ク/ニ/ /アタラ/シ/イ/ /カ/フェ/ガ/ /デ/キ/タ/ノ/デ/、/キノー/ノ/ /ラ/ン/チ/ノ/ /ト/キ/ニ/ /ドー/リョー/ト/ /イッ/ショ/ニ/ /イ/ッ/テ/ /ミ/タ/ノ/デ/ス/ガ/、/コ/ー/ヒ/ー/ガ/ /ト/テ/モ/ /オ/イ/シ/ク/テ/ /フン/イ/キ/モ/ /ヨ/カ/ッ/タ/ノ/デ/、/マ/タ/ /チカ/イ/ /ウ/チ/ニ/ /イ/キ/タ/イ/ト/ /オモ/ッ/テ/ /イ/マ/ス/。
[昨日]の夜、友達から突然電話がかかってきて久しぶりに会おうよって誘われたので、来週末に駅前のカフェで会う約束をして、今からとても楽しみにしています。	キノー/ノ/ /ヨル/、/トモ/ダチ/カ/ラ/ /トツ/ゼン/ /デン/ワ/ガ/ /カ/カ/ッ/テ/ /キ/テ/ /ヒサ/シ/ブ/リ/ニ/ /ア/オ/ー/ヨ/ッ/テ/ /サソ/ワ/レ/タ/ノ/デ/、/ライ/シュー/マツ/ニ/ /エキ/マエ/ノ/ /カ/フェ/デ/ /ア/ウ/ /ヤク/ソク/ヲ/ /シ/テ/、/イマ/カ/ラ/ /ト/テ/モ/ /タノ/シ/ミ/ニ/ /シ/テ/ /イ/マ/ス/。
先週末に家族みんなで近くの公園へピクニックに行ってきたのですが、天気もよくてとても気持ちよかったし、子供たちも楽しそうにしていたので、また行こうと話しています。	セン/シュー/マツ/ニ/ /カ/ゾク/ /ミ/ン/ナ/デ/ /チカ/ク/ノ/ /コー/エン/エ/ /ピ/ク/ニ/ッ/ク/ニ/ /イ/ッ/テ/ /キ/タ/ノ/デ/ス/ガ/、/テン/キ/モ/ /ヨ/ク/テ/ /ト/テ/モ/ /キ/モ/チ/ /ヨ/カ/ッ/タ/シ/、/コ/ドモ/タ/チ/モ/ /タノ/シ/ソ/ー/ニ/ /シ/テ/ /イ/タ/ノ/デ/、/マ/タ/ /イ/コ/ー/ト/ /ハナ/シ/テ/ /イ/マ/ス/。
最近読んだ本の中にとても心に響く言葉があって、その文章を手帳に書き留めておいたのですが、つらいときに読み返すと気持ちが少し楽になるような気がしています。	サイ/キン/ /ヨ/ン/ダ/ /ホン/ノ/ /ナカ/ニ/ /ト/テ/モ/ /ココロ/ニ/ /ヒビ/ク/ /コト/バ/ガ/ /ア/ッ/テ/、/ソ/ノ/ /ブン/ショー/ヲ/ /テ/チョー/ニ/ /カ/キ/ト/メ/テ/ /オ/イ/タ/ノ/デ/ス/ガ/、/ツ/ラ/イ/ /ト/キ/ニ/ /ヨ/ミ/カエ/ス/ト/ /キ/モ/チ/ガ/ /スコ/シ/ラク/ニ/ /ナ/ル/ヨ/ー/ナ/ /キ/ガ/ /シ/テ/ /イ/マ/ス/。
来月から新しい部署に異動することになったのですが、今の仕事にもやっと慣れてきたところだったので、少し不安な気持ちもありつつ、新しい挑戦として頑張ろうと思います。	ライ/ゲツ/カ/ラ/ /アタラ/シ/イ/ /ブ/ショ/ニ/ /イ/ドー/ /ス/ル/ /コ/ト/ニ/ /ナ/ッ/タ/ノ/デ/ス/ガ/、/イマ/ノ/ /シ/ゴト/ニ/モ/ /ヤ/ッ/ト/ /ナ/レ/テ/ /キ/タ/ /ト/コ/ロ/ダ/ッ/タ/ノ/デ/、/スコ/シ/ /フ/アン/ナ/ /キ/モ/チ/モ/ /ア/リ/ツ/ツ/、/アタラ/シ/イ/ /チョー/セン/ト/ /シ/テ/ /ガン/バ/ロ/ー/ト/ /オモ/イ/マ/ス/。
先日、久しぶりに地元の友達が東京に遊びに来たので、一緒に観光スポットをいくつか回って、夜は美味しいご飯を食べながらたくさん話せて、とても楽しい時間でした。	セン/ジツ/、/ヒサ/シ/ブ/リ/ニ/ /ジ/モト/ノ/ /トモ/ダチ/ガ/ /トー/キョー/ニ/ /アソ/ビ/ニ/ /キ/タ/ノ/デ/、/イッ/ショ/ニ/ /カン/コー/ /ス/ポ/ッ/ト/ヲ/ /イ/ク/ツ/カ/ /マワ/ッ/テ/、/ヨル/ワ/ /オ/イ/シ/イ/ /ゴ/ハン/ヲ/ /タ/ベ/ナ/ガ/ラ/ /タ/ク/サ/ン/ /ハナ/セ/テ/、/ト/テ/モ/ /タノ/シ/イ/ /ジ/カン/デ/シ/タ/。
毎朝の通勤でいつも混む路線に乗っているのですが、最近は少し早めに家を出るようにしたら座れることも増えて、本を読む時間もでき気持ちに余裕が出てきました。	マイ/アサ/ノ/ /ツー/キン/デ/ /イ/ツ/モ/ /コ/ム/ /ロ/セン/ニ/ /ノ/ッ/テ/ /イ/ル/ノ/デ/ス/ガ/、/サイ/キン/ワ/ /スコ/シ/ /ハヤ/メ/ニ/ /イエ/ヲ/ /デ/ル/ヨ/ー/ニ/ /シ/タ/ラ/ /スワ/レ/ル/ /コ/ト/モ/ /フ/エ/テ/、/ホン/ヲ/ /ヨ/ム/ /ジ/カン/モ/ /デ/キ/ /キ/モ/チ/ニ/ /ヨ/ユー/ガ/ /デ/テ/ /キ/マ/シ/タ/。
週末に料理教室に通い始めたのですが、先生がとても丁寧に教えてくれるし、同じクラスの人たちとも仲良くなれて、毎回が楽しみな時間になっています。	シュー/マツ/ニ/ /リョー/リ/ /キョー/シツ/ニ/ /カヨ/イ/ハジ/メ/タ/ノ/デ/ス/ガ/、/セン/セイ/ガ/ /ト/テ/モ/ /テイ/ネイ/ニ/ /オシ/エ/テ/ /ク/レ/ル/シ/、/オナ/ジ/ /ク/ラ/ス/ノ/ /ヒト/タ/チ/ト/モ/ /ナカ/ /ヨ/ク/ /ナ/レ/テ/、/マイ/カイ/ガ/ /タノ/シ/ミ/ナ/ /ジ/カン/ニ/ /ナ/ッ/テ/ /イ/マ/ス/。
先週のプレゼンでは緊張しすぎて頭が真っ白になりかけたのですが、事前にたくさん練習しておいたおかげでなんとか最後まで話しきることができてよかったです。	セン/シュー/ノ/ /プ/レ/ゼ/ン/デ/ワ/ /キン/チョー/ /シ/ス/ギ/テ/ /アタマ/ガ/ /マ/ッ/シロ/ニ/ /ナ/リ/カ/ケ/タ/ノ/デ/ス/ガ/、/ジ/ゼン/ニ/ /タ/ク/サ/ン/ /レン/シュー/ /シ/テ/ /オ/イ/タ/ /オ/カ/ゲ/デ/ /ナ/ン/ト/カ/ /サイ/ゴ/マ/デ/ /ハナ/シ/キ/ル/ /コ/ト/ガ/ /デ/キ/テ/ /ヨ/カ/ッ/タ/デ/ス/。
最近は健康のために毎日三十分ほどウォーキングをするようにしていて、近所の公園を歩くのが気持ちよく、続けるのがそれほど苦ではなくなってきました。	サイ/キン/ワ/ /ケン/コー/ノ/ /タ/メ/ニ/ /マイ/ニチ/ /3/0/プン/ホ/ド/ /ウォ/ー/キ/ン/グ/ヲ/ /ス/ル/ヨ/ー/ニ/ /シ/テ/ /イ/テ/、/キン/ジョ/ノ/ /コー/エン/ヲ/ /アル/ク/ノ/ガ/ /キ/モ/チ/ /ヨ/ク/、/ツヅ/ケ/ル/ノ/ガ/ /ソ/レ/ホ/ド/ /ク/デ/ワ/ /ナ/ク/ /ナ/ッ/テ/ /キ/マ/シ/タ/。
[昨日]スーパーに行ったら、いつも買っている野菜がかなり値上がりしていて驚いてしまいましたが、旬の野菜はまだ安かったので、それをたくさん買って帰りました。	キノー/ /ス/ー/パ/ー/ニ/ /イ/ッ/タ/ラ/、/イ/ツ/モ/ /カ/ッ/テ/ /イ/ル/ /ヤ/サイ/ガ/ /カ/ナ/リ/ /ネ/ア/ガ/リ/ /シ/テ/ /イ/テ/ /オドロ/イ/テ/ /シ/マ/イ/マ/シ/タ/ガ/、/シュン/ノ/ /ヤ/サイ/ワ/ /マ/ダ/ /ヤス/カ/ッ/タ/ノ/デ/、/ソ/レ/ヲ/ /タ/ク/サ/ン/ /カ/ッ/テ/ /カエ/リ/マ/シ/タ/。
友人から勧められた映画をやっと先週末に見ることができたのですが、途中から泣いてしまうほど感動的な内容で、見終わった後もしばらく余韻に浸っていました。	ユー/ジン/カ/ラ/ /スス/メ/ラ/レ/タ/ /エイ/ガ/ヲ/ /ヤ/ッ/ト/ /セン/シュー/マツ/ニ/ /ミ/ル/ /コ/ト/ガ/ /デ/キ/タ/ノ/デ/ス/ガ/、/ト/チュー/カ/ラ/ /ナ/イ/テ/ /シ/マ/ウ/ホ/ド/ /カン/ドー/テキ/ナ/ /ナイ/ヨー/デ/、/ミ/オ/ワ/ッ/タ/ /アト/モ/ /シ/バ/ラ/ク/ /ヨ/イン/ニ/ /ヒタ/ッ/テ/ /イ/マ/シ/タ/。
今年の夏休みはどこかに旅行したいなと思っているのですが、まだ行き先が決まっていなくて、いろいろな候補を調べながら友達と相談しているところです。	コ/トシ/ノ/ /ナツ/ヤス/ミ/ワ/ /ド/コ/カ/ニ/ /リョ/コー/ /シ/タ/イ/ナ/ト/ /オモ/ッ/テ/ /イ/ル/ノ/デ/ス/ガ/、/マ/ダ/ /イ/キ/サキ/ガ/ /キ/マ/ッ/テ/ /イ/ナ/ク/テ/、/イ/ロ/イ/ロ/ナ/ /コー/ホ/ヲ/ /シラ/ベ/ナ/ガ/ラ/ /トモ/ダチ/ト/ /ソー/ダン/ /シ/テ/ /イ/ル/ /ト/コ/ロ/デ/ス/。
子供のころから犬を飼いたいと思っていたのですが、先月ついに念願の柴犬を迎えることができて、毎日一緒に過ごすのがとても幸せで楽しいです。	コ/ドモ/ノ/ /コ/ロ/カ/ラ/ /イヌ/ヲ/ /カ/イ/タ/イ/ト/ /オモ/ッ/テ/ /イ/タ/ノ/デ/ス/ガ/、/セン/ゲツ/ /ツ/イ/ニ/ /ネン/ガン/ノ/ /シバ/ケン/ヲ/ /ムカ/エ/ル/ /コ/ト/ガ/ /デ/キ/テ/、/マイ/ニチ/ /イッ/ショ/ニ/ /ス/ゴ/ス/ノ/ガ/ /ト/テ/モ/ /シアワ/セ/デ/ /タノ/シ/イ/デ/ス/。
最近ニュースで気候変動のことが頻繁に取り上げられていて、自分でもできることから始めようと思い、エコバッグを持ち歩いたりゴミの分別を丁寧にしたりしています。	サイ/キン/ /ニュ/ー/ス/デ/ /キ/コー/ /ヘン/ドー/ノ/ /コ/ト/ガ/ /ヒン/パン/ニ/ /ト/リ/ア/ゲ/ラ/レ/テ/ /イ/テ/、/ジ/ブン/デ/モ/ /デ/キ/ル/ /コ/ト/カ/ラ/ /ハジ/メ/ヨ/ー/ト/ /オモ/イ/、/エ/コ/ /バ/ッ/グ/ヲ/ /モ/チ/アル/イ/タ/リ/ /ゴ/ミ/ノ/ /ブン/ベツ/ヲ/ /テイ/ネイ/ニ/ /シ/タ/リ/ /シ/テ/ /イ/マ/ス/。
近所に新しい図書館が開館したので先週行ってみたのですが、蔵書がとても充実していて読みたかった本が何冊か見つかったので、また近いうちに行こうと思います。	キン/ジョ/ニ/ /アタラ/シ/イ/ /ト/ショ/カン/ガ/ /カイ/カン/ /シ/タ/ノ/デ/ /セン/シュー/ /イ/ッ/テ/ /ミ/タ/ノ/デ/ス/ガ/、/ゾー/ショ/ガ/ /ト/テ/モ/ /ジュー/ジツ/ /シ/テ/ /イ/テ/ /ヨ/ミ/タ/カ/ッ/タ/ /ホン/ガ/ /ナン/サツ/カ/ /ミ/ツ/カ/ッ/タ/ノ/デ/、/マ/タ/ /チカ/イ/ /ウ/チ/ニ/ /イ/コ/ー/ト/ /オモ/イ/マ/ス/。
仕事帰りに駅のホームで偶然、中学時代の同級生に会い、近くのカフェで少し話して懐かしい気持ちになれて、思いがけず元気をもらいました。	シ/ゴト/ガエ/リ/ニ/ /エキ/ノ/ /ホ/ー/ム/デ/ /グー/ゼン/、/チュー/ガク/ /ジ/ダイ/ノ/ /ドー/キュー/セイ/ニ/ /ア/イ/、/チカ/ク/ノ/ /カ/フェ/デ/ /スコ/シ/ /ハナ/シ/テ/ /ナツ/カ/シ/イ/ /キ/モ/チ/ニ/ /ナ/レ/テ/、/オモ/イ/ガ/ケ/ズ/ /ゲン/キ/ヲ/ /モ/ラ/イ/マ/シ/タ/。
最近は自炊する機会が増えていろいろなレシピを試しているのですが、先週初めて作ったカレーが家族にとても好評で、また作ってほしいと言われています。	サイ/キン/ワ/ /ジ/スイ/ /ス/ル/ /キ/カイ/ガ/ /フ/エ/テ/ /イ/ロ/イ/ロ/ナ/ /レ/シ/ピ/ヲ/ /タメ/シ/テ/ /イ/ル/ノ/デ/ス/ガ/、/セン/シュー/ /ハジ/メ/テ/ /ツク/ッ/タ/ /カ/レ/ー/ガ/ /カ/ゾク/ニ/ /ト/テ/モ/ /コー/ヒョー/デ/、/マ/タ/ /ツク/ッ/テ/ /ホ/シ/イ/ト/ /イ/ワ/レ/テ/ /イ/マ/ス/。
毎年恒例の会社の慰安旅行が今年も計画されているのですが、行き先がまだ決まっていなくて、みんなでアンケートを取りながら候補地を絞っているところです。	マイ/トシ/ /コー/レイ/ノ/ /カイ/シャ/ノ/ /イ/アン/ /リョ/コー/ガ/ /コ/トシ/モ/ /ケイ/カク/ /サ/レ/テ/ /イ/ル/ノ/デ/ス/ガ/、/イ/キ/サキ/ガ/ /マ/ダ/ /キ/マ/ッ/テ/ /イ/ナ/ク/テ/、/ミ/ン/ナ/デ/ /ア/ン/ケ/ー/ト/ヲ/ /ト/リ/ナ/ガ/ラ/ /コー/ホ/チ/ヲ/ /シボ/ッ/テ/ /イ/ル/ /ト/コ/ロ/デ/ス/。
先月から英語の勉強を再開したのですが、毎日少しずつでも続けることが大切だと実感していて、アプリを使って隙間時間に練習するようにしています。	セン/ゲツ/カ/ラ/ /エイ/ゴ/ノ/ /ベン/キョー/ヲ/ /サイ/カイ/ /シ/タ/ノ/デ/ス/ガ/、/マイ/ニチ/ /スコ/シ/ズ/ツ/デ/モ/ /ツヅ/ケ/ル/ /コ/ト/ガ/ /タイ/セツ/ダ/ト/ /ジッ/カン/ /シ/テ/ /イ/テ/、/ア/プ/リ/ヲ/ /ツカ/ッ/テ/ /スキ/マ/ /ジ/カン/ニ/ /レン/シュー/ /ス/ル/ヨ/ー/ニ/ /シ/テ/ /イ/マ/ス/。
[昨日]は久しぶりに映画館に行って話題の作品を見てきたのですが、映像がとても迫力があって、大きなスクリーンで見た甲斐があると感じてとても満足しました。	キノー/ワ/ /ヒサ/シ/ブ/リ/ニ/ /エイ/ガ/カン/ニ/ /イ/ッ/テ/ /ワ/ダイ/ノ/ /サク/ヒン/ヲ/ /ミ/テ/ /キ/タ/ノ/デ/ス/ガ/、/エイ/ゾー/ガ/ /ト/テ/モ/ /ハク/リョク/ガ/ /ア/ッ/テ/、/オオ/キ/ナ/ /ス/ク/リ/ー/ン/デ/ /ミ/タ/ /カ/イ/ガ/ /ア/ル/ト/ /カン/ジ/テ/ /ト/テ/モ/ /マン/ゾク/ /シ/マ/シ/タ/。
最近、職場の人と一緒にランニングクラブを始めたのですが、仲間がいるとモチベーションが上がって、一人のときより楽しく続けられています。	サイ/キン/、/ショク/バ/ノ/ /ヒト/ト/ /イッ/ショ/ニ/ /ラ/ン/ニ/ン/グ/ /ク/ラ/ブ/ヲ/ /ハジ/メ/タ/ノ/デ/ス/ガ/、/ナカ/マ/ガ/ /イ/ル/ト/ /モ/チ/ベ/ー/ショ/ン/ガ/ /ア/ガ/ッ/テ/、/ヒト/リ/ノ/ /ト/キ/ヨ/リ/ /タノ/シ/ク/ /ツヅ/ケ/ラ/レ/テ/ /イ/マ/ス/。
先週末に両親を連れて温泉旅行に行ってきたのですが、二人ともとても喜んでくれて、また来たいねと言ってもらえたので、行って本当によかったと思います。	セン/シュー/マツ/ニ/ /リョー/シン/ヲ/ /ツ/レ/テ/ /オン/セン/ /リョ/コー/ニ/ /イ/ッ/テ/ /キ/タ/ノ/デ/ス/ガ/、/フタ/リ/ト/モ/ /ト/テ/モ/ /ヨロコ/ン/デ/ /ク/レ/テ/、/マ/タ/ /キ/タ/イ/ネ/ト/ /イ/ッ/テ/ /モ/ラ/エ/タ/ノ/デ/、/イ/ッ/テ/ /ホン/トー/ニ/ /ヨ/カ/ッ/タ/ト/ /オモ/イ/マ/ス/。
部屋の模様替えをしようと思って家具を動かし始めたら思っていたより大変な作業になってしまい、結局夜遅くまでかかってようやく納得のいく配置にできました。	ヘ/ヤ/ノ/ /モ/ヨー/ガ/エ/ヲ/ /シ/ヨ/ー/ト/ /オモ/ッ/テ/ /カ/グ/ヲ/ /ウゴ/カ/シ/ハジ/メ/タ/ラ/ /オモ/ッ/テ/ /イ/タ/ヨ/リ/ /タイ/ヘン/ナ/ /サ/ギョー/ニ/ /ナ/ッ/テ/ /シ/マ/イ/、/ケッ/キョク/ /ヨル/ /オソ/ク/マ/デ/ /カ/カ/ッ/テ/ /ヨ/ー/ヤ/ク/ /ナッ/トク/ノ/ /イ/ク/ /ハイ/チ/ニ/ /デ/キ/マ/シ/タ/。
近所のパン屋さんが毎朝焼きたてのパンを売っているのを知ってから、週に二、三回は買いに行くようになって、朝ごはんがより楽しみになってきました。	キン/ジョ/ノ/ /パ/ン/ヤ/サ/ン/ガ/ /マイ/アサ/ /ヤ/キ/タ/テ/ノ/ /パ/ン/ヲ/ /ウ/ッ/テ/ /イ/ル/ノ/ヲ/ /シ/ッ/テ/カ/ラ/、/シュー/ニ/ /2/、/3/カイ/ワ/ /カ/イ/ニ/ /イ/ク/ヨ/ー/ニ/ /ナ/ッ/テ/、/アサ/ゴ/ハ/ン/ガ/ /ヨ/リ/ /タノ/シ/ミ/ニ/ /ナ/ッ/テ/ /キ/マ/シ/タ/。
先日、学生時代にお世話になった恩師から突然メールが届いて、近況を伝え合いながら久しぶりに話が弾み、当時の思い出話に花が咲きとても嬉しかったです。	セン/ジツ/、/ガク/セイ/ /ジ/ダイ/ニ/ /オ/セ/ワ/ニ/ /ナ/ッ/タ/ /オン/シ/カ/ラ/ /トツ/ゼン/ /メ/ー/ル/ガ/ /トド/イ/テ/、/キン/キョー/ヲ/ /ツタ/エ/ア/イ/ナ/ガ/ラ/ /ヒサ/シ/ブ/リ/ニ/ /ハナシ/ガ/ /ハズ/ミ/、/トー/ジ/ノ/ /オモ/イ/デ/バナシ/ニ/ /ハナ/ガ/ /サ/キ/ /ト/テ/モ/ /ウレ/シ/カ/ッ/タ/デ/ス/。
最近は仕事が忙しくて残業が続いているのですが、土日はしっかり休んでリフレッシュするようにして、気持ちの切り替えを大切にするよう心がけています。	サイ/キン/ワ/ /シ/ゴト/ガ/ /イソガ/シ/ク/テ/ /ザン/ギョー/ガ/ /ツヅ/イ/テ/ /イ/ル/ノ/デ/ス/ガ/、/ド/ニチ/ワ/ /シ/ッ/カ/リ/ /ヤス/ン/デ/ /リ/フ/レ/ッ/シュ/ /ス/ル/ヨ/ー/ニ/ /シ/テ/、/キ/モ/チ/ノ/ /キ/リ/カ/エ/ヲ/ /タイ/セツ/ニ/ /ス/ル/ヨ/ー/ /ココロ/ガ/ケ/テ/ /イ/マ/ス/。
初めてキャンプに行ったときは道具の準備や設営に手こずりましたが、今ではすっかり慣れて、自然の中でゆっくり過ごす時間がとても好きになりました。	ハジ/メ/テ/ /キャ/ン/プ/ニ/ /イ/ッ/タ/ /ト/キ/ワ/ /ドー/グ/ノ/ /ジュン/ビ/ヤ/ /セツ/エイ/ニ/ /テ/コ/ズ/リ/マ/シ/タ/ガ/、/イマ/デ/ワ/ /ス/ッ/カ/リ/ /ナ/レ/テ/、/シ/ゼン/ノ/ /ナカ/デ/ /ユ/ッ/ク/リ/ /ス/ゴ/ス/ /ジ/カン/ガ/ /ト/テ/モ/ /ス/キ/ニ/ /ナ/リ/マ/シ/タ/。
[昨日]の料理番組で紹介されていたレシピを試してみたのですが、材料を少しアレンジしたらとてもおいしくできて、家族にも好評で、またリピートしたいです。	キノー/ノ/ /リョー/リ/ /バン/グミ/デ/ /ショー/カイ/ /サ/レ/テ/ /イ/タ/ /レ/シ/ピ/ヲ/ /タメ/シ/テ/ /ミ/タ/ノ/デ/ス/ガ/、/ザイ/リョー/ヲ/ /スコ/シ/ /ア/レ/ン/ジ/ /シ/タ/ラ/ /ト/テ/モ/ /オ/イ/シ/ク/ /デ/キ/テ/、/カ/ゾク/ニ/モ/ /コー/ヒョー/デ/、/マ/タ/ /リ/ピ/ー/ト/ /シ/タ/イ/デ/ス/。
駅前に新しいスポーツジムがオープンしたのを知って先月から通い始めたのですが、トレーナーさんがとても親切に教えてくれるので楽しく続けられています。	エキ/マエ/ニ/ /アタラ/シ/イ/ /ス/ポ/ー/ツ/ /ジ/ム/ガ/ /オ/ー/プ/ン/ /シ/タ/ノ/ヲ/ /シ/ッ/テ/ /セン/ゲツ/カ/ラ/ /カヨ/イ/ハジ/メ/タ/ノ/デ/ス/ガ/、/ト/レ/ー/ナ/ー/サ/ン/ガ/ /ト/テ/モ/ /シン/セツ/ニ/ /オシ/エ/テ/ /ク/レ/ル/ノ/デ/ /タノ/シ/ク/ /ツヅ/ケ/ラ/レ/テ/ /イ/マ/ス/。
春になると花粉症がひどくなるのが毎年の悩みで、薬を飲んだりマスクをしたりしているのですが、それでも目がかゆくて鼻水が止まらなくてとてもつらいです。	ハル/ニ/ /ナ/ル/ト/ /カ/フン/ショー/ガ/ /ヒ/ド/ク/ /ナ/ル/ノ/ガ/ /マイ/トシ/ノ/ /ナヤ/ミ/デ/、/クスリ/ヲ/ /ノ/ン/ダ/リ/ /マ/ス/ク/ヲ/ /シ/タ/リ/ /シ/テ/ /イ/ル/ノ/デ/ス/ガ/、/ソ/レ/デ/モ/ /メ/ガ/ /カ/ユ/ク/テ/ /ハナ/ミズ/ガ/ /ト/マ/ラ/ナ/ク/テ/ /ト/テ/モ/ /ツ/ラ/イ/デ/ス/。
最近読み始めた小説がとても面白くて続きが気になり、[昨日]は夜中まで読んでしまって今朝は少し寝不足気味なのですが、まったく後悔はしていません。	サイ/キン/ /ヨ/ミ/ハジ/メ/タ/ /ショー/セツ/ガ/ /ト/テ/モ/ /オモ/シロ/ク/テ/ /ツヅ/キ/ガ/ /キ/ニ/ /ナ/リ/、/キノー/ワ/ /ヨ/ナカ/マ/デ/ /ヨ/ン/デ/ /シ/マ/ッ/テ/ /ケ/サ/ワ/ /スコ/シ/ /ネ/ブ/ソク/ギ/ミ/ナ/ノ/デ/ス/ガ/、/マ/ッ/タ/ク/ /コー/カイ/ワ/ /シ/テ/ /イ/マ/セ/ン/。
今週末に友人の引っ越し手伝いがあって荷物が多そうなので少し心配しているのですが、終わった後にみんなでご飯を食べに行く約束をしているので楽しみです。	コン/シュー/マツ/ニ/ /ユー/ジン/ノ/ /ヒ/ッ/コ/シ/ /テ/ツダ/イ/ガ/ /ア/ッ/テ/ /ニ/モツ/ガ/ /オオ/ソ/ー/ナ/ノ/デ/ /スコ/シ/ /シン/パイ/ /シ/テ/ /イ/ル/ノ/デ/ス/ガ/、/オ/ワ/ッ/タ/ /アト/ニ/ /ミ/ン/ナ/デ/ /ゴ/ハン/ヲ/ /タ/ベ/ニ/ /イ/ク/ /ヤク/ソク/ヲ/ /シ/テ/ /イ/ル/ノ/デ/ /タノ/シ/ミ/デ/ス/。
子供の頃に習っていたピアノをまた弾きたいなと思って先月から教室に通い始めたのですが、久しぶりに触れた鍵盤がとても懐かしくて癒しの時間になっています。	コ/ドモ/ノ/ /コロ/ニ/ /ナラ/ッ/テ/ /イ/タ/ /ピ/ア/ノ/ヲ/ /マ/タ/ /ヒ/キ/タ/イ/ナ/ト/ /オモ/ッ/テ/ /セン/ゲツ/カ/ラ/ /キョー/シツ/ニ/ /カヨ/イ/ハジ/メ/タ/ノ/デ/ス/ガ/、/ヒサ/シ/ブ/リ/ニ/ /フ/レ/タ/ /ケン/バン/ガ/ /ト/テ/モ/ /ナツ/カ/シ/ク/テ/ /イヤ/シ/ノ/ /ジ/カン/ニ/ /ナ/ッ/テ/ /イ/マ/ス/。
最近、野菜を多めに使った料理を意識して作るようにしているのですが、いろいろな野菜の調理方法を調べるうちに料理がどんどん楽しくなってきています。	サイ/キン/、/ヤ/サイ/ヲ/ /オオ/メ/ニ/ /ツカ/ッ/タ/ /リョー/リ/ヲ/ /イ/シキ/ /シ/テ/ /ツク/ル/ヨ/ー/ニ/ /シ/テ/ /イ/ル/ノ/デ/ス/ガ/、/イ/ロ/イ/ロ/ナ/ /ヤ/サイ/ノ/ /チョー/リ/ /ホー/ホー/ヲ/ /シラ/ベ/ル/ /ウ/チ/ニ/ /リョー/リ/ガ/ /ド/ン/ド/ン/ /タノ/シ/ク/ /ナ/ッ/テ/ /キ/テ/ /イ/マ/ス/。
月に一度は美術館や博物館に行くようにしているのですが、先月は特別展の迫力ある展示を見られてとても刺激を受け、大変満足した一日になりました。	ツキ/ニ/ /1/ド/ワ/ /ビ/ジュツ/カン/ヤ/ /ハク/ブツ/カン/ニ/ /イ/ク/ヨ/ー/ニ/ /シ/テ/ /イ/ル/ノ/デ/ス/ガ/、/セン/ゲツ/ワ/ /トク/ベツ/テン/ノ/ /ハク/リョク/ /ア/ル/ /テン/ジ/ヲ/ /ミ/ラ/レ/テ/ /ト/テ/モ/ /シ/ゲキ/ヲ/ /ウ/ケ/、/タイ/ヘン/ /マン/ゾク/ /シ/タ/ /1/ニチ/ニ/ /ナ/リ/マ/シ/タ/。
先週、会社の研修で外部の講師の方の話を聞く機会があって、仕事への考え方が少し変わり、もっと積極的に挑戦していこうという気持ちになりました。	セン/シュー/、/カイ/シャ/ノ/ /ケン/シュー/デ/ /ガイ/ブ/ノ/ /コー/シ/ノ/ /カタ/ノ/ /ハナシ/ヲ/ /キ/ク/ /キ/カイ/ガ/ /ア/ッ/テ/、/シ/ゴト/エ/ノ/ /カンガ/エ/カタ/ガ/ /スコ/シ/ /カ/ワ/リ/、/モ/ッ/ト/ /セッ/キョク/テキ/ニ/ /チョー/セン/ /シ/テ/ /イ/コ/ー/ト/ /イ/ウ/ /キ/モ/チ/ニ/ /ナ/リ/マ/シ/タ/。
最近スマートウォッチを使い始めてから歩数や睡眠の質が数字で見えるようになり、意識して体を動かしたり早めに寝たりと生活習慣が変わってきました。	サイ/キン/ /ス/マ/ー/ト/ /ウォ/ッ/チ/ヲ/ /ツカ/イ/ハジ/メ/テ/カ/ラ/ /ホ/スー/ヤ/ /スイ/ミン/ノ/ /シツ/ガ/ /スー/ジ/デ/ /ミ/エ/ル/ヨ/ー/ニ/ /ナ/リ/、/イ/シキ/ /シ/テ/ /カラダ/ヲ/ /ウゴ/カ/シ/タ/リ/ /ハヤ/メ/ニ/ /ネ/タ/リ/ト/ /セイ/カツ/ /シュー/カン/ガ/ /カ/ワ/ッ/テ/ /キ/マ/シ/タ/。
先日、長年使っていたパソコンがとうとう壊れてしまって新しいものを買い替えたのですが、動作が速くてとても使いやすく、仕事の効率も上がった気がします。	セン/ジツ/、/ナガ/ネン/ /ツカ/ッ/テ/ /イ/タ/ /パ/ソ/コ/ン/ガ/ /ト/ー/ト/ー/ /コワ/レ/テ/ /シ/マ/ッ/テ/ /アタラ/シ/イ/ /モ/ノ/ヲ/ /カ/イ/カ/エ/タ/ノ/デ/ス/ガ/、/ドー/サ/ガ/ /ハヤ/ク/テ/ /ト/テ/モ/ /ツカ/イ/ヤ/ス/ク/、/シ/ゴト/ノ/ /コー/リツ/モ/ /ア/ガ/ッ/タ/ /キ/ガ/ /シ/マ/ス/。
あっという間に今年も残り数ヶ月になってしまい、年初に立てた目標をどれくらい達成できているかを振り返ってみたら、まだまだやり残していることが多いと気づきました。	ア/ッ/ト/ /イ/ウ/ /マ/ニ/ /コ/トシ/モ/ /ノコ/リ/ /スー/カ/ゲツ/ニ/ /ナ/ッ/テ/ /シ/マ/イ/、/ネン/ショ/ニ/ /タ/テ/タ/ /モク/ヒョー/ヲ/ /ド/レ/ク/ラ/イ/ /タッ/セイ/ /デ/キ/テ/ /イ/ル/カ/ヲ/ /フ/リ/カエ/ッ/テ/ /ミ/タ/ラ/、/マ/ダ/マ/ダ/ /ヤ/リ/ノコ/シ/テ/ /イ/ル/ /コ/ト/ガ/ /オオ/イ/ト/ /キ/ヅ/キ/マ/シ/タ/。
毎日同じ道を歩いて通勤しているのに、季節によって景色が全然違って見えるのが面白くて、朝の散歩がちょっとした楽しみになっています。	マイ/ニチ/ /オナ/ジ/ /ミチ/ヲ/ /アル/イ/テ/ /ツー/キン/ /シ/テ/ /イ/ル/ノ/ニ/、/キ/セツ/ニ/ /ヨ/ッ/テ/ /ケ/シキ/ガ/ /ゼン/ゼン/ /チガ/ッ/テ/ /ミ/エ/ル/ノ/ガ/ /オモ/シロ/ク/テ/、/アサ/ノ/ /サン/ポ/ガ/ /チョ/ッ/ト/ /シ/タ/ /タノ/シ/ミ/ニ/ /ナ/ッ/テ/ /イ/マ/ス/。
先日初めてオンラインでのセミナーに参加してみたのですが、移動しなくてよい分気軽に受講できて、内容もとても参考になったので今後も活用したいと思います。	セン/ジツ/ /ハジ/メ/テ/ /オ/ン/ラ/イ/ン/デ/ノ/ /セ/ミ/ナ/ー/ニ/ /サン/カ/ /シ/テ/ /ミ/タ/ノ/デ/ス/ガ/、/イ/ドー/ /シ/ナ/ク/テ/ /ヨ/イ/ /ブン/ /キ/ガル/ニ/ /ジュ/コー/ /デ/キ/テ/、/ナイ/ヨー/モ/ /ト/テ/モ/ /サン/コー/ニ/ /ナ/ッ/タ/ノ/デ/ /コン/ゴ/モ/ /カツ/ヨー/ /シ/タ/イ/ト/ /オモ/イ/マ/ス/。
冬になると鍋料理がおいしい季節だと毎年感じていて、今年は新しい具材の組み合わせをいろいろ試しながら、家族みんなで囲む食卓を楽しんでいます。	フユ/ニ/ /ナ/ル/ト/ /ナベ/リョー/リ/ガ/ /オ/イ/シ/イ/ /キ/セツ/ダ/ト/ /マイ/トシ/ /カン/ジ/テ/ /イ/テ/、/コ/トシ/ワ/ /アタラ/シ/イ/ /グ/ザイ/ノ/ /ク/ミ/ア/ワ/セ/ヲ/ /イ/ロ/イ/ロ/ /タメ/シ/ナ/ガ/ラ/、/カ/ゾク/ /ミ/ン/ナ/デ/ /カコ/ム/ /ショク/タク/ヲ/ /タノ/シ/ン/デ/ /イ/マ/ス/。
子供が学校で自由研究の課題が出たとのことで、テーマを一緒に考えながら休日に実験や調べものを手伝っていたら、自分も思いのほか楽しめました。	コ/ドモ/ガ/ /ガッ/コー/デ/ /ジ/ユー/ /ケン/キュー/ノ/ /カ/ダイ/ガ/ /デ/タ/ト/ノ/ /コ/ト/デ/、/テ/ー/マ/ヲ/ /イッ/ショ/ニ/ /カンガ/エ/ナ/ガ/ラ/ /キュー/ジツ/ニ/ /ジッ/ケン/ヤ/ /シラ/ベ/モ/ノ/ヲ/ /テ/ツダ/ッ/テ/ /イ/タ/ラ/、/ジ/ブン/モ/ /オモ/イ/ノ/ /ホ/カ/ /タノ/シ/メ/マ/シ/タ/。
先週末に近所の商店街で行われたイベントに顔を出してみたら、出張販売のお店がたくさん来ていて、珍しいものをたくさん見られてとても楽しかったです。	セン/シュー/マツ/ニ/ /キン/ジョ/ノ/ /ショー/テン/ガイ/デ/ /オコナ/ワ/レ/タ/ /イ/ベ/ン/ト/ニ/ /カオ/ヲ/ /ダ/シ/テ/ /ミ/タ/ラ/、/シュッ/チョー/ /ハン/バイ/ノ/ /オ/ミセ/ガ/ /タ/ク/サ/ン/ /キ/テ/ /イ/テ/、/メズラ/シ/イ/ /モ/ノ/ヲ/ /タ/ク/サ/ン/ /ミ/ラ/レ/テ/ /ト/テ/モ/ /タノ/シ/カ/ッ/タ/デ/ス/。
以前から興味があったヨガを先月から始めたのですが、深呼吸しながらゆっくり体を動かすことで気持ちが落ち着いて、一日の終わりのリフレッシュになっています。	イ/ゼン/カ/ラ/ /キョー/ミ/ガ/ /ア/ッ/タ/ /ヨ/ガ/ヲ/ /セン/ゲツ/カ/ラ/ /ハジ/メ/タ/ノ/デ/ス/ガ/、/シン/コ/キュー/ /シ/ナ/ガ/ラ/ /ユ/ッ/ク/リ/ /カラダ/ヲ/ /ウゴ/カ/ス/ /コ/ト/デ/ /キ/モ/チ/ガ/ /オ/チ/ツ/イ/テ/、/1/ニチ/ノ/ /オ/ワ/リ/ノ/ /リ/フ/レ/ッ/シュ/ニ/ /ナ/ッ/テ/ /イ/マ/ス/。
今年の目標として読書量を増やすことを掲げていて、月に三冊は読もうと決めたのですが、今のところなんとかペースを守れていてちょっと自信がついてきました。	コ/トシ/ノ/ /モク/ヒョー/ト/ /シ/テ/ /ドク/ショ/リョー/ヲ/ /フ/ヤ/ス/ /コ/ト/ヲ/ /カカ/ゲ/テ/ /イ/テ/、/ツキ/ニ/ /3/サツ/ワ/ /ヨ/モ/ー/ト/ /キ/メ/タ/ノ/デ/ス/ガ/、/イマ/ノ/ /ト/コ/ロ/ /ナ/ン/ト/カ/ /ペ/ー/ス/ヲ/ /マモ/レ/テ/ /イ/テ/ /チョ/ッ/ト/ /ジ/シン/ガ/ /ツ/イ/テ/ /キ/マ/シ/タ/。
先日、家の近くに新しいラーメン屋さんがオープンしたので早速行ってみたのですが、スープがとても濃くておいしくて、行列ができるのも納得だと思いました。	セン/ジツ/、/イエ/ノ/ /チカ/ク/ニ/ /アタラ/シ/イ/ /ラ/ー/メ/ン/ヤ/サ/ン/ガ/ /オ/ー/プ/ン/ /シ/タ/ノ/デ/ /サッ/ソク/ /イ/ッ/テ/ /ミ/タ/ノ/デ/ス/ガ/、/ス/ー/プ/ガ/ /ト/テ/モ/ /コ/ク/テ/ /オ/イ/シ/ク/テ/、/ギョー/レツ/ガ/ /デ/キ/ル/ノ/モ/ /ナッ/トク/ダ/ト/ /オモ/イ/マ/シ/タ/。
夜寝る前にその日にあった出来事を日記に書き留めるようにしていると、感情や考えが整理されて気持ちが落ち着くし、後から読み返したときに懐かしい気持ちになれます。	ヨル/ /ネ/ル/ /マエ/ニ/ /ソ/ノ/ /ヒ/ニ/ /ア/ッ/タ/ /デ/キ/ゴト/ヲ/ /ニッ/キ/ニ/ /カ/キ/ト/メ/ル/ヨ/ー/ニ/ /シ/テ/ /イ/ル/ト/、/カン/ジョー/ヤ/ /カンガ/エ/ガ/ /セイ/リ/ /サ/レ/テ/ /キ/モ/チ/ガ/ /オ/チ/ツ/ク/シ/、/アト/カ/ラ/ /ヨ/ミ/カエ/シ/タ/ /ト/キ/ニ/ /ナツ/カ/シ/イ/ /キ/モ/チ/ニ/ /ナ/レ/マ/ス/。
京都の金閣寺は、室町時代に建てられた三層の楼閣が金箔で覆われた美しい建造物で、池に映る姿は訪れる人々を魅了し、日本を代表する観光名所として世界中に知られています。	キョー/ト/ノ/ /キン/カク/ジ/ワ/、/ムロ/マチ/ /ジ/ダイ/ニ/ /タ/テ/ラ/レ/タ/ /3/ /ソー/ノ/ /ロー/カク/ガ/ /キン/パク/デ/ /オオ/ワ/レ/タ/ /ウツク/シ/イ/ /ケン/ゾー/ブツ/デ/、/イケ/ニ/ /ウツ/ル/ /スガタ/ワ/ /オトズ/レ/ル/ /ヒト/ビト/ヲ/ /ミ/リョー/ /シ/、/ニッ/ポン/ヲ/ /ダイ/ヒョー/ /ス/ル/ /カン/コー/ /メイ/ショ/ト/ /シ/テ/ /セ/カイ/ジュー/ニ/ /シ/ラ/レ/テ/ /イ/マ/ス/。
奈良の東大寺は、奈良時代に聖武天皇の命によって建てられた日本最大級の木造建築で、本堂の大仏殿には高さ約十五メートルの巨大な盧舎那仏坐像が安置されています。	ナ/ラ/ノ/ /トー/ダイ/ジ/ワ/、/ナ/ラ/ /ジ/ダイ/ニ/ /ショー/ム/ /テン/ノー/ノ/ /メイ/ニ/ /ヨ/ッ/テ/ /タ/テ/ラ/レ/タ/ /ニッ/ポン/ /サイ/ダイ/キュー/ノ/ /モク/ゾー/ /ケン/チク/デ/、/ホン/ドー/ノ/ /ダイ/ブツ/デン/ニ/ワ/ /タカ/サ/ /ヤク/ /1/5/メ/ー/ト/ル/ノ/ /キョ/ダイ/ナ/ /ル/シャ/ナ/ブツ/ /ザ/ゾー/ガ/ /アン/チ/ /サ/レ/テ/ /イ/マ/ス/。
東京の浅草寺は、都内最古の寺院として知られ、朱塗りの雷門をくぐって続く仲見世通りでは伝統的な工芸品やお菓子が並び、国内外から多くの参拝客が訪れています。	トー/キョー/ノ/ /セン/ソー/ジ/ワ/、/ト/ナイ/ /サイ/コ/ノ/ /ジ/イン/ト/ /シ/テ/ /シ/ラ/レ/、/シュ/ヌ/リ/ノ/ /カミナリ/モン/ヲ/ /ク/グ/ッ/テ/ /ツヅ/ク/ /ナカ/ミ/セ/ドオ/リ/デ/ワ/ /デン/トー/テキ/ナ/ /コー/ゲイ/ヒン/ヤ/ /オ/カ/シ/ガ/ /ナラ/ビ/、/コク/ナイ/ガイ/カ/ラ/ /オオ/ク/ノ/ /サン/パイ/キャク/ガ/ /オトズ/レ/テ/ /イ/マ/ス/。
北海道の富良野は、夏になると一面に広がるラベンダー畑が美しく、甘い香りとともに紫色のじゅうたんを眺めることができ、写真スポットとして非常に人気があります。	ホッ/カイ/ドー/ノ/ /フ/ラ/ノ/ワ/、/ナツ/ニ/ /ナ/ル/ト/ /1/メン/ニ/ /ヒロ/ガ/ル/ /ラ/ベ/ン/ダ/ー/バタケ/ガ/ /ウツク/シ/ク/、/アマ/イ/ /カオ/リ/ト/ /ト/モ/ニ/ /ムラサキ/イロ/ノ/ /ジュ/ー/タ/ン/ヲ/ /ナガ/メ/ル/ /コ/ト/ガ/ /デ/キ/、/シャ/シン/ /ス/ポ/ッ/ト/ト/ /シ/テ/ /ヒ/ジョー/ニ/ /ニン/キ/ガ/ /ア/リ/マ/ス/。
広島の宮島にある厳島神社は、海の上に立つ朱色の大鳥居が象徴的で、満潮時には社殿が水面に浮かんでいるように見えるため、日本三景のひとつとして広く知られています。	ヒロ/シマ/ノ/ /ミヤ/ジマ/ニ/ /ア/ル/ /イツク/シマ/ /ジン/ジャ/ワ/、/ウミ/ノ/ /ウエ/ニ/ /タ/ツ/ /シュ/イロ/ノ/ /オオ/トリ/イ/ガ/ /ショー/チョー/テキ/デ/、/マン/チョー/ジ/ニ/ワ/ /シャ/デン/ガ/ /スイ/メン/ニ/ /ウ/カ/ン/デ/ /イ/ル/ヨ/ー/ニ/ /ミ/エ/ル/ /タ/メ/、/ニ/ホン/ /3/ケイ/ノ/ /ヒ/ト/ツ/ト/ /シ/テ/ /ヒロ/ク/ /シ/ラ/レ/テ/ /イ/マ/ス/。
沖縄の首里城は、琉球王国時代の歴史と文化を今に伝える世界遺産であり、中国と日本の建築様式が融合した独特のデザインが多くの観光客を惹きつけています。	オキ/ナワ/ノ/ /シュ/リ/ジョー/ワ/、/リュー/キュー/ /オー/コク/ /ジ/ダイ/ノ/ /レキ/シ/ト/ /ブン/カ/ヲ/ /イマ/ニ/ /ツタ/エ/ル/ /セ/カイ/ /イ/サン/デ/ /ア/リ/、/チュー/ゴク/ト/ /ニ/ホン/ノ/ /ケン/チク/ /ヨー/シキ/ガ/ /ユー/ゴー/ /シ/タ/ /ドク/トク/ノ/ /デ/ザ/イ/ン/ガ/ /オオ/ク/ノ/ /カン/コー/キャク/ヲ/ /ヒ/キ/ツ/ケ/テ/ /イ/マ/ス/。
長野の上高地は、穂高連峰を背景に大正池や梓川の清流が広がる景勝地で、春から秋にかけて多くのハイカーや観光客が自然の絶景を楽しみに訪れる高原リゾートです。	ナガ/ノ/ノ/ /カミ/コー/チ/ワ/、/ホ/タカ/ /レン/ポー/ヲ/ /ハイ/ケイ/ニ/ /タイ/ショー/チ/ヤ/ /アズサ/ガワ/ノ/ /セイ/リュー/ガ/ /ヒロ/ガ/ル/ /ケイ/ショー/チ/デ/、/ハル/カ/ラ/ /アキ/ニ/ /カ/ケ/テ/ /オオ/ク/ノ/ /ハ/イ/カ/ー/ヤ/ /カン/コー/キャク/ガ/ /シ/ゼン/ノ/ /ゼッ/ケイ/ヲ/ /タノ/シ/ミ/ニ/ /オトズ/レ/ル/ /コー/ゲン/ /リ/ゾ/ー/ト/デ/ス/。
富士山は日本最高峰の山として国内外に広く知られ、その均整のとれた美しいシルエットは古くから芸術作品にも数多く描かれ、世界遺産にも登録されています。	フ/ジ/サン/ワ/ /ニ/ホン/ /サイ/コー/ホー/ノ/ /ヤマ/ト/ /シ/テ/ /コク/ナイ/ガイ/ニ/ /ヒロ/ク/ /シ/ラ/レ/、/ソ/ノ/ /キン/セイ/ノ/ /ト/レ/タ/ /ウツク/シ/イ/ /シ/ル/エ/ッ/ト/ワ/ /フル/ク/カ/ラ/ /ゲイ/ジュツ/ /サク/ヒン/ニ/モ/ /カズ/ /オオ/ク/ /エガ/カ/レ/、/セ/カイ/ /イ/サン/ニ/モ/ /トー/ロク/ /サ/レ/テ/ /イ/マ/ス/。
神奈川県の鎌倉には、高さ約十一メートルの高徳院の大仏をはじめ、数多くの寺社仏閣が点在しており、歴史ある街並みを歩きながら文化遺産を堪能できます。	カ/ナ/ガワ/ケン/ノ/ /カマ/クラ/ニ/ワ/、/タカ/サ/ /ヤク/ /1/1/メ/ー/ト/ル/ノ/ /コー/トク/イン/ノ/ /ダイ/ブツ/ヲ/ /ハ/ジ/メ/、/カズ/ /オオ/ク/ノ/ /ジ/シャ/ /ブッ/カク/ガ/ /テン/ザイ/ /シ/テ/ /オ/リ/、/レキ/シ/ /ア/ル/ /マチ/ナ/ミ/ヲ/ /アル/キ/ナ/ガ/ラ/ /ブン/カ/ /イ/サン/ヲ/ /タン/ノー/ /デ/キ/マ/ス/。
大阪の道頓堀は、にぎやかなネオンサインと巨大な看板が立ち並ぶ大阪を代表する繁華街で、たこ焼きやお好み焼きなど大阪グルメを味わいながら散策を楽しめます。	オオ/サカ/ノ/ /ドー/トン/ボリ/ワ/、/ニ/ギ/ヤ/カ/ナ/ /ネ/オ/ン/ /サ/イ/ン/ト/ /キョ/ダイ/ナ/ /カン/バン/ガ/ /タ/チ/ナラ/ブ/ /オオ/サカ/ヲ/ /ダイ/ヒョー/ /ス/ル/ /ハン/カ/ガイ/デ/、/タ/コ/ヤ/キ/ヤ/ /オ/コノ/ミ/ヤ/キ/ナ/ド/ /オオ/サカ/ /グ/ル/メ/ヲ/ /アジ/ワ/イ/ナ/ガ/ラ/ /サン/サク/ヲ/ /タノ/シ/メ/マ/ス/。
京都の嵐山は、竹林の小径や渡月橋など風情ある景観が楽しめる観光地で、春の桜や秋の紅葉の季節にはとりわけ多くの人々が訪れる京都屈指の名所です。	キョー/ト/ノ/ /アラシ/ヤマ/ワ/、/チク/リン/ノ/ /コ/ミチ/ヤ/ /ト/ゲツ/キョー/ナ/ド/ /フ/ゼイ/ /ア/ル/ /ケイ/カン/ガ/ /タノ/シ/メ/ル/ /カン/コー/チ/デ/、/ハル/ノ/ /サクラ/ヤ/ /アキ/ノ/ /コー/ヨー/ノ/ /キ/セツ/ニ/ワ/ /ト/リ/ワ/ケ/ /オオ/ク/ノ/ /ヒト/ビト/ガ/ /オトズ/レ/ル/ /キョー/ト/ /クッ/シ/ノ/ /メイ/ショ/デ/ス/。
日光の東照宮は、江戸幕府初代将軍徳川家康を祀る荘厳な神社で、陽明門をはじめとする精緻な彫刻や色鮮やかな装飾が国内外の観光客から高い評価を受けています。	ニッ/コー/ノ/ /トー/ショー/グー/ワ/、/エ/ド/ /バク/フ/ /ショ/ダイ/ /ショー/グン/ /トク/ガワ/ /イエ/ヤス/ヲ/ /マツ/ル/ /ソー/ゴン/ナ/ /ジン/ジャ/デ/、/ヨー/メイ/モン/ヲ/ /ハ/ジ/メ/ト/ /ス/ル/ /セイ/チ/ナ/ /チョー/コク/ヤ/ /イロ/アザ/ヤ/カ/ナ/ /ソー/ショク/ガ/ /コク/ナイ/ガイ/ノ/ /カン/コー/キャク/カ/ラ/ /タカ/イ/ /ヒョー/カ/ヲ/ /ウ/ケ/テ/ /イ/マ/ス/。
島根の出雲大社は、縁結びの神様として広く知られる大社造りの神社で、日本最大級のしめ縄がかかる神楽殿が有名で、年間を通じて多くの参拝者が訪れています。	シマ/ネ/ノ/ /イズ/モ/ /タイ/シャ/ワ/、/エン/ムス/ビ/ノ/ /カミ/サマ/ト/ /シ/テ/ /ヒロ/ク/ /シ/ラ/レ/ル/ /タイ/シャ/ヅク/リ/ノ/ /ジン/ジャ/デ/、/ニ/ホン/ /サイ/ダイ/キュー/ノ/ /シ/メ/ナワ/ガ/ /カ/カ/ル/ /カ/グラ/デン/ガ/ /ユー/メイ/デ/、/ネン/カン/ヲ/ /ツー/ジ/テ/ /オオ/ク/ノ/ /サン/パイ/シャ/ガ/ /オトズ/レ/テ/ /イ/マ/ス/。
青森の弘前城は、桜の名所として全国に名を馳せており、春になると約二千六百本の桜が咲き誇り、天守閣と桜のコラボレーションは圧倒的な美しさを誇ります。	アオ/モリ/ノ/ /ヒロ/サキ/ジョー/ワ/、/サクラ/ノ/ /メイ/ショ/ト/ /シ/テ/ /ゼン/コク/ニ/ /ナ/ヲ/ /ハ/セ/テ/ /オ/リ/、/ハル/ニ/ /ナ/ル/ト/ /ヤク/ /2/セン/6/00/ポン/ノ/ /サクラ/ガ/ /サ/キ/ホコ/リ/、/テン/シュ/カク/ト/ /サクラ/ノ/ /コ/ラ/ボ/レ/ー/ショ/ン/ワ/ /アッ/トー/テキ/ナ/ /ウツク/シ/サ/ヲ/ /ホコ/リ/マ/ス/。
熊本城は、加藤清正によって築かれた日本三名城のひとつで、石垣の美しさと堅牢な構造が特徴であり、地震後も懸命な復旧工事が続けられています。	クマ/モト/ジョー/ワ/、/カ/トー/ /キヨ/マサ/ニ/ /ヨ/ッ/テ/ /キズ/カ/レ/タ/ /ニ/ホン/ /3/メイ/ジョー/ノ/ /ヒ/ト/ツ/デ/、/イシ/ガキ/ノ/ /ウツク/シ/サ/ト/ /ケン/ロー/ナ/ /コー/ゾー/ガ/ /トク/チョー/デ/ /ア/リ/、/ジ/シン/ゴ/モ/ /ケン/メイ/ナ/ /フッ/キュー/ /コー/ジ/ガ/ /ツヅ/ケ/ラ/レ/テ/ /イ/マ/ス/。
長崎のハウステンボスは、オランダの街並みを再現したテーマパークで、四季折々の花々が咲き乱れるガーデンや夜のイルミネーションが特に人気を集めています。	ナガ/サキ/ノ/ /ハ/ウ/ス/ /テ/ン/ボ/ス/ワ/、/オ/ラ/ン/ダ/ノ/ /マチ/ナ/ミ/ヲ/ /サイ/ゲン/ /シ/タ/ /テ/ー/マ/ /パ/ー/ク/デ/、/4/キ/ /オリ/オリ/ノ/ /ハナ/バナ/ガ/ /サ/キ/ミダ/レ/ル/ /ガ/ー/デ/ン/ヤ/ /ヨル/ノ/ /イ/ル/ミ/ネ/ー/ショ/ン/ガ/ /トク/ニ/ /ニン/キ/ヲ/ /アツ/メ/テ/ /イ/マ/ス/。
京都の伏見稲荷大社は、山頂まで続く何千もの朱色の鳥居が幻想的な景観を作り出しており、外国人観光客にも非常に人気の高いスポットとなっています。	キョー/ト/ノ/ /フシ/ミ/ /イナ/リ/ /タイ/シャ/ワ/、/サン/チョー/マ/デ/ /ツヅ/ク/ /ナン/ゼン/モ/ノ/ /シュ/イロ/ノ/ /トリ/イ/ガ/ /ゲン/ソー/テキ/ナ/ /ケイ/カン/ヲ/ /ツク/リ/ダ/シ/テ/ /オ/リ/、/ガイ/コク/ジン/ /カン/コー/キャク/ニ/モ/ /ヒ/ジョー/ニ/ /ニン/キ/ノ/ /タカ/イ/ /ス/ポ/ッ/ト/ト/ /ナ/ッ/テ/ /イ/マ/ス/。
秋田の角館は、武家屋敷が立ち並ぶ城下町の雰囲気が今も色濃く残るエリアで、枝垂れ桜が咲く春の景色は特に有名で、みちのくの小京都とも呼ばれています。	アキ/タ/ノ/ /カクノ/ダテ/ワ/、/ブ/ケ/ /ヤ/シキ/ガ/ /タ/チ/ナラ/ブ/ /ジョー/カ/マチ/ノ/ /フン/イ/キ/ガ/ /イマ/モ/ /イロ/ /コ/ク/ /ノコ/ル/ /エ/リ/ア/デ/、/シ/ダ/レ/ザクラ/ガ/ /サ/ク/ /ハル/ノ/ /ケ/シキ/ワ/ /トク/ニ/ /ユー/メイ/デ/、/ミ/チ/ノ/ク/ノ/ /ショー/キョー/ト/ト/モ/ /ヨ/バ/レ/テ/ /イ/マ/ス/。
岐阜の白川郷は、急勾配の茅葺き屋根が特徴的な合掌造りの集落が保存される世界遺産で、冬の雪景色はとりわけ幻想的な雰囲気を醸し出しています。	ギ/フ/ノ/ /シラ/カワ/キョー/ワ/、/キュー/コー/バイ/ノ/ /カヤ/ブ/キ/ヤ/ネ/ガ/ /トク/チョー/テキ/ナ/ /ガッ/ショー/ヅク/リ/ノ/ /シュー/ラク/ガ/ /ホ/ゾン/ /サ/レ/ル/ /セ/カイ/ /イ/サン/デ/、/フユ/ノ/ /ユキ/ゲ/シキ/ワ/ /ト/リ/ワ/ケ/ /ゲン/ソー/テキ/ナ/ /フン/イ/キ/ヲ/ /カモ/シ/ダ/シ/テ/ /イ/マ/ス/。
静岡の熱海は、伊豆半島の付け根に位置する温泉リゾートで、豊富な湯量と海を望む眺望が魅力であり、都心からのアクセスのよさから多くのリゾート客が訪れます。	シズ/オカ/ノ/ /アタ/ミ/ワ/、/イ/ズ/ /ハン/トー/ノ/ /ツ/ケ/ネ/ニ/ /イ/チ/ /ス/ル/ /オン/セン/ /リ/ゾ/ー/ト/デ/、/ホー/フ/ナ/ /ユ/リョー/ト/ /ウミ/ヲ/ /ノゾ/ム/ /チョー/ボー/ガ/ /ミ/リョク/デ/ /ア/リ/、/ト/シン/カ/ラ/ノ/ /ア/ク/セ/ス/ノ/ /ヨ/サ/カ/ラ/ /オオ/ク/ノ/ /リ/ゾ/ー/ト/キャク/ガ/ /オトズ/レ/マ/ス/。
兵庫の姫路城は、白鷺城の愛称で知られる日本を代表する城郭で、漆喰塗りの白壁が美しく、ユネスコ世界遺産にも登録されている国宝建築の傑作です。	ヒョー/ゴ/ノ/ /ヒメ/ジ/ジョー/ワ/、/シラ/サギ/ジョー/ノ/ /アイ/ショー/デ/ /シ/ラ/レ/ル/ /ニ/ホン/ヲ/ /ダイ/ヒョー/ /ス/ル/ /ジョー/カク/デ/、/シッ/クイ/ヌ/リ/ノ/ /シラ/カベ/ガ/ /ウツク/シ/ク/、/ユ/ネ/ス/コ/ /セ/カイ/ /イ/サン/ニ/モ/ /トー/ロク/ /サ/レ/テ/ /イ/ル/ /コク/ホー/ /ケン/チク/ノ/ /ケッ/サク/デ/ス/。
屋久島は鹿児島県に属する島で、樹齢数千年とも言われる縄文杉をはじめとする豊かな自然林が広がり、世界自然遺産にも登録された神秘的な島です。	ヤ/ク/シマ/ワ/ /カ/ゴ/シマ/ケン/ニ/ /ゾク/ス/ル/ /シマ/デ/、/ジュ/レイ/ /スー/セン/ネン/ト/モ/ /イ/ワ/レ/ル/ /ジョー/モン/スギ/ヲ/ /ハ/ジ/メ/ト/ /ス/ル/ /ユタ/カ/ナ/ /シ/ゼン/リン/ガ/ /ヒロ/ガ/リ/、/セ/カイ/ /シ/ゼン/ /イ/サン/ニ/モ/ /トー/ロク/ /サ/レ/タ/ /シン/ピ/テキ/ナ/ /シマ/デ/ス/。
福岡の太宰府天満宮は、学問の神様として知られる菅原道真公を祀る由緒ある神社で、受験生をはじめ多くの参拝者が合格祈願に訪れる人気スポットです。	フク/オカ/ノ/ /ダ/ザイ/フ/ /テン/マン/グー/ワ/、/ガク/モン/ノ/ /カミ/サマ/ト/ /シ/テ/ /シ/ラ/レ/ル/ /スガ/ワラ/ /ミチ/ザネ/ /コー/ヲ/ /マツ/ル/ /ユイ/ショ/ /ア/ル/ /ジン/ジャ/デ/、/ジュ/ケン/セイ/ヲ/ /ハ/ジ/メ/ /オオ/ク/ノ/ /サン/パイ/シャ/ガ/ /ゴー/カク/ /キ/ガン/ニ/ /オトズ/レ/ル/ /ニン/キ/ /ス/ポ/ッ/ト/デ/ス/。
北海道の知床は、手つかずの自然が息づく世界自然遺産で、ヒグマやシマフクロウなど希少な野生動物との遭遇が期待でき、雄大な自然景観を堪能できます。	ホッ/カイ/ドー/ノ/ /シレ/トコ/ワ/、/テ/ツ/カ/ズ/ノ/ /シ/ゼン/ガ/ /イキ/ヅ/ク/ /セ/カイ/ /シ/ゼン/ /イ/サン/デ/、/ヒ/グ/マ/ヤ/ /シ/マ/フ/ク/ロ/ー/ナ/ド/ /キ/ショー/ナ/ /ヤ/セイ/ /ドー/ブツ/ト/ノ/ /ソー/グー/ガ/ /キ/タイ/ /デ/キ/、/ユー/ダイ/ナ/ /シ/ゼン/ /ケイ/カン/ヲ/ /タン/ノー/ /デ/キ/マ/ス/。
岡山の後楽園は、日本三大名園のひとつに数えられる江戸時代の回遊式庭園で、広大な敷地に築山や池が配置された美しい和の景観が楽しめます。	オカ/ヤマ/ノ/ /コー/ラク/エン/ワ/、/ニ/ホン/ /3/ダイ/ /メイ/エン/ノ/ /ヒ/ト/ツ/ニ/ /カゾ/エ/ラ/レ/ル/ /エ/ド/ /ジ/ダイ/ノ/ /カイ/ユー/シキ/ /テイ/エン/デ/、/コー/ダイ/ナ/ /シキ/チ/ニ/ /ツキ/ヤマ/ヤ/ /イケ/ガ/ /ハイ/チ/ /サ/レ/タ/ /ウツク/シ/イ/ /ワ/ノ/ /ケイ/カン/ガ/ /タノ/シ/メ/マ/ス/。
愛媛の道後温泉は、日本最古の温泉ともいわれる歴史ある温泉地で、明治時代に建てられた道後温泉本館の趣ある外観は多くの旅人が記念撮影に訪れます。	エ/ヒメ/ノ/ /ドー/ゴ/ /オン/セン/ワ/、/ニ/ホン/ /サイ/コ/ノ/ /オン/セン/ト/モ/ /イ/ワ/レ/ル/ /レキ/シ/ /ア/ル/ /オン/セン/チ/デ/、/メイ/ジ/ /ジ/ダイ/ニ/ /タ/テ/ラ/レ/タ/ /ドー/ゴ/ /オン/セン/ /ホン/カン/ノ/ /オモムキ/ /ア/ル/ /ガイ/カン/ワ/ /オオ/ク/ノ/ /タビ/ビト/ガ/ /キ/ネン/ /サツ/エイ/ニ/ /オトズ/レ/マ/ス/。
宮城の松島は、日本三景に数えられる景勝地で、松林をまとった数百の島々が湾内に浮かぶ光景は四季を通じて美しく、遊覧船からのながめは格別です。	ミヤ/ギ/ノ/ /マツ/シマ/ワ/、/ニ/ホン/ /3/ケイ/ニ/ /カゾ/エ/ラ/レ/ル/ /ケイ/ショー/チ/デ/、/マツ/バヤシ/ヲ/ /マ/ト/ッ/タ/ /スー/ヒャク/ノ/ /シマ/ジマ/ガ/ /ワン/ナイ/ニ/ /ウ/カ/ブ/ /コー/ケイ/ワ/ /4/キ/ヲ/ /ツー/ジ/テ/ /ウツク/シ/ク/、/ユー/ラン/セン/カ/ラ/ノ/ /ナ/ガ/メ/ワ/ /カク/ベツ/デ/ス/。
長野の善光寺は、宗派を問わず誰でも参拝できる開かれたお寺として古くから庶民に親しまれており、七年に一度の御開帳のときには全国から参拝者が訪れます。	ナガ/ノ/ノ/ /ゼン/コー/ジ/ワ/、/シュー/ハ/ヲ/ /ト/ワ/ズ/ /ダレ/デ/モ/ /サン/パイ/ /デ/キ/ル/ /ヒラ/カ/レ/タ/ /オ/テラ/ト/ /シ/テ/ /フル/ク/カ/ラ/ /ショ/ミン/ニ/ /シタ/シ/マ/レ/テ/ /オ/リ/、/7/ネン/ニ/ /イチ/ド/ノ/ /ゴ/カイ/チョー/ノ/ /ト/キ/ニ/ワ/ /ゼン/コク/カ/ラ/ /サン/パイ/シャ/ガ/ /オトズ/レ/マ/ス/。
徳島の大塚国際美術館は、世界の名画を原寸大の陶板で再現した世界初の美術館で、システィーナ礼拝堂などの空間再現展示が国内外で高い評価を受けています。	トク/シマ/ノ/ /オオ/ツカ/ /コク/サイ/ /ビ/ジュツ/カン/ワ/、/セ/カイ/ノ/ /メイ/ガ/ヲ/ /ゲン/スン/ダイ/ノ/ /トー/バン/デ/ /サイ/ゲン/ /シ/タ/ /セ/カイ/ /ハツ/ノ/ /ビ/ジュツ/カン/デ/、/シ/ス/ティ/ー/ナ/ /レイ/ハイ/ドー/ナ/ド/ノ/ /クー/カン/ /サイ/ゲン/ /テン/ジ/ガ/ /コク/ナイ/ガイ/デ/ /タカ/イ/ /ヒョー/カ/ヲ/ /ウ/ケ/テ/ /イ/マ/ス/。
岩手の平泉は、藤原氏が栄えた平安時代の文化遺産が残る地で、中尊寺の金色堂は煌びやかな装飾が目を引き、世界遺産に登録された歴史の宝庫です。	イワ/テ/ノ/ /ヒラ/イズミ/ワ/、/フジ/ワラ/ /シ/ガ/ /サカ/エ/タ/ /ヘイ/アン/ /ジ/ダイ/ノ/ /ブン/カ/ /イ/サン/ガ/ /ノコ/ル/ /チ/デ/、/チュー/ソン/ジ/ノ/ /コン/ジキ/ドー/ワ/ /キラ/ビ/ヤ/カ/ナ/ /ソー/ショク/ガ/ /メ/ヲ/ /ヒ/キ/、/セ/カイ/ /イ/サン/ニ/ /トー/ロク/ /サ/レ/タ/ /レキ/シ/ノ/ /ホー/コ/デ/ス/。
神奈川の箱根は、富士山を望む眺望と豊富な温泉が魅力のリゾートエリアで、美術館や自然散策など多彩な楽しみ方ができることから年間を通じて人気があります。	カ/ナ/ガワ/ノ/ /ハコ/ネ/ワ/、/フ/ジ/サン/ヲ/ /ノゾ/ム/ /チョー/ボー/ト/ /ホー/フ/ナ/ /オン/セン/ガ/ /ミ/リョク/ノ/ /リ/ゾ/ー/ト/ /エ/リ/ア/デ/、/ビ/ジュツ/カン/ヤ/ /シ/ゼン/ /サン/サク/ナ/ド/ /タ/サイ/ナ/ /タノ/シ/ミ/ /カタ/ガ/ /デ/キ/ル/ /コ/ト/カ/ラ/ /ネン/カン/ヲ/ /ツー/ジ/テ/ /ニン/キ/ガ/ /ア/リ/マ/ス/。
高知の桂浜は、坂本龍馬の銅像が立つことでも有名な風光明媚な海岸で、白砂青松の美しい景観と豪快に打ち寄せる太平洋の波が訪れる人を魅了します。	コー/チ/ノ/ /カツラ/ハマ/ワ/、/サカ/モト/ /リョー/マ/ノ/ /ドー/ゾー/ガ/ /タ/ツ/ /コ/ト/デ/モ/ /ユー/メイ/ナ/ /フー/コー/ /メイ/ビ/ナ/ /カイ/ガン/デ/、/ハク/サ/ /セイ/ショー/ノ/ /ウツク/シ/イ/ /ケイ/カン/ト/ /ゴー/カイ/ニ/ /ウ/チ/ヨ/セ/ル/ /タイ/ヘイ/ヨー/ノ/ /ナミ/ガ/ /オトズ/レ/ル/ /ヒト/ヲ/ /ミ/リョー/ /シ/マ/ス/。
山形の山寺は、険しい岩山に抱かれるように建つ立石寺のことで、千段を超す石段を登った先からの眺めは絶景で、松尾芭蕉も訪れて名句を詠んでいます。	ヤマ/ガタ/ノ/ /ヤマ/デラ/ワ/、/ケワ/シ/イ/ /イワ/ヤマ/ニ/ /イダ/カ/レ/ル/ヨ/ー/ニ/ /タ/ツ/ /リッ/シャク/ジ/ノ/ /コ/ト/デ/、/セン/ダン/ヲ/ /コ/ス/ /イシ/ダン/ヲ/ /ノボ/ッ/タ/ /サキ/カ/ラ/ノ/ /ナガ/メ/ワ/ /ゼッ/ケイ/デ/、/マツ/オ/ /バ/ショー/モ/ /オトズ/レ/テ/ /メイ/ク/ヲ/ /ヨ/ン/デ/ /イ/マ/ス/。
新潟の佐渡島は、豊かな自然と伝統文化が息づく離島で、トキの生息地としても知られており、金山の歴史遺産や能楽の伝統など見どころが多い島です。	ニイ/ガタ/ノ/ /サ/ドガ/シマ/ワ/、/ユタ/カ/ナ/ /シ/ゼン/ト/ /デン/トー/ /ブン/カ/ガ/ /イキ/ヅ/ク/ /リ/トー/デ/、/ト/キ/ノ/ /セイ/ソク/チ/ト/ /シ/テ/モ/ /シ/ラ/レ/テ/ /オ/リ/、/キン/ザン/ノ/ /レキ/シ/ /イ/サン/ヤ/ /ノー/ガク/ノ/ /デン/トー/ナ/ド/ /ミ/ド/コ/ロ/ガ/ /オオ/イ/ /シマ/デ/ス/。
三重の伊勢神宮は、日本人の心の故郷ともいわれる神聖な神社で、内宮・外宮をはじめとする百二十五社から成り、年間を通じて多くの参拝者が訪れます。	ミ/エ/ノ/ /イ/セ/ /ジン/グー/ワ/、/ニ/ホン/ジン/ノ/ /ココロ/ノ/ /フル/サト/ト/モ/ /イ/ワ/レ/ル/ /シン/セイ/ナ/ /ジン/ジャ/デ/、/ナイ/クー/・/ゲ/クー/ヲ/ /ハ/ジ/メ/ト/ /ス/ル/ /1/2/_/5/シャ/カ/ラ/ /ナ/リ/、/ネン/カン/ヲ/ /ツー/ジ/テ/ /オオ/ク/ノ/ /サン/パイ/シャ/ガ/ /オトズ/レ/マ/ス/。
群馬の草津温泉は、日本有数の湧出量を誇る名湯で、湯畑を中心とした温泉街の雰囲気が情緒豊かであり、皮膚病や冷え性などへの効能も広く知られています。	グン/マ/ノ/ /クサ/ツ/ /オン/セン/ワ/、/ニ/ホン/ /ユー/スー/ノ/ /ユー/シュツ/リョー/ヲ/ /ホコ/ル/ /メイ/トー/デ/、/トー/ハタ/ヲ/ /チュー/シン/ト/ /シ/タ/ /オン/セン/ガイ/ノ/ /フン/イ/キ/ガ/ /ジョー/チョ/ /ユタ/カ/デ/ /ア/リ/、/ヒ/フ/ビョー/ヤ/ /ヒ/エ/ショー/ナ/ド/エ/ノ/ /コー/ノー/モ/ /ヒロ/ク/ /シ/ラ/レ/テ/ /イ/マ/ス/。
埼玉の川越は、葛飾北斎ゆかりの地としても知られる蔵造りの町並みが江戸の面影を残す街で、スイートポテトをはじめとする名物グルメも人気を集めています。	サイ/タマ/ノ/ /カワ/ゴエ/ワ/、/カツ/シカ/ /ホク/サイ/ /ユ/カ/リ/ノ/ /チ/ト/ /シ/テ/モ/ /シ/ラ/レ/ル/ /クラ/ヅク/リ/ノ/ /マチ/ナ/ミ/ガ/ /エ/ド/ノ/ /オモ/カゲ/ヲ/ /ノコ/ス/ /マチ/デ/、/ス/イ/ー/ト/ /ポ/テ/ト/ヲ/ /ハ/ジ/メ/ト/ /ス/ル/ /メイ/ブツ/ /グ/ル/メ/モ/ /ニン/キ/ヲ/ /アツ/メ/テ/ /イ/マ/ス/。
石川の兼六園は、日本三大名園のひとつで、季節ごとに異なる表情を見せる庭園美が魅力で、雪の積もる冬の雪吊りの光景は特に印象的で多くの人を引きつけます。	イシ/カワ/ノ/ /ケン/ロク/エン/ワ/、/ニ/ホン/ /3/ダイ/ /メイ/エン/ノ/ /ヒ/ト/ツ/デ/、/キ/セツ/ゴ/ト/ニ/ /コト/ナ/ル/ /ヒョー/ジョー/ヲ/ /ミ/セ/ル/ /テイ/エン/ビ/ガ/ /ミ/リョク/デ/、/ユキ/ノ/ /ツ/モ/ル/ /フユ/ノ/ /ユキ/ヅ/リ/ノ/ /コー/ケイ/ワ/ /トク/ニ/ /イン/ショー/テキ/デ/ /オオ/ク/ノ/ /ヒト/ヲ/ /ヒ/キ/ツ/ケ/マ/ス/。
大分の別府温泉は、日本一の湧出量を誇る温泉地で、「地獄めぐり」と呼ばれる色鮮やかな熱泉が点在する観光スポットは、国内外で高い人気を誇っています。	オオ/イタ/ノ/ /ベッ/プ/ /オン/セン/ワ/、/ニ/ホン/1/ノ/ /ユー/シュツ/リョー/ヲ/ /ホコ/ル/ /オン/セン/チ/デ/、/「/ジ/ゴク/ /メ/グ/リ/」/ト/ /ヨ/バ/レ/ル/ /イロ/アザ/ヤ/カ/ナ/ /ネツ/セン/ガ/ /テン/ザイ/ /ス/ル/ /カン/コー/ /ス/ポ/ッ/ト/ワ/、/コク/ナイ/ガイ/デ/ /タカ/イ/ /ニン/キ/ヲ/ /ホコ/ッ/テ/ /イ/マ/ス/。
山口の錦帯橋は、岩国城下を流れる錦川に架かる五連の木造アーチ橋で、その美しい曲線は日本を代表する橋として名高く、春の桜との共演も見事です。	ヤマ/グチ/ノ/ /キン/タイ/キョー/ワ/、/イワ/クニ/ /ジョー/カ/ヲ/ /ナガ/レ/ル/ /ニシキ/ガワ/ニ/ /カ/カ/ル/ /5/レン/ノ/ /モク/ゾー/ /ア/ー/チ/キョー/デ/、/ソ/ノ/ /ウツク/シ/イ/ /キョク/セン/ワ/ /ニ/ホン/ヲ/ /ダイ/ヒョー/ /ス/ル/ /ハシ/ト/ /シ/テ/ /ナ/ダカ/ク/、/ハル/ノ/ /サクラ/ト/ノ/ /キョー/エン/モ/ /ミ/ゴト/デ/ス/。
鳥取の砂丘は、日本唯一の砂漠的景観が広がる観光地で、高さ約五十メートルにも達する砂の丘と日本海の青さのコントラストが訪れる人に強い印象を与えます。	トッ/トリ/ノ/ /サ/キュー/ワ/、/ニ/ホン/ /ユイ/イツ/ノ/ /サ/バク/テキ/ /ケイ/カン/ガ/ /ヒロ/ガ/ル/ /カン/コー/チ/デ/、/タカ/サ/ /ヤク/ /5/0/メ/ー/ト/ル/ニ/モ/ /タッ/ス/ル/ /スナ/ノ/ /オカ/ト/ /ニ/ホン/カイ/ノ/ /アオ/サ/ノ/ /コ/ン/ト/ラ/ス/ト/ガ/ /オトズ/レ/ル/ /ヒト/ニ/ /ツヨ/イ/ /イン/ショー/ヲ/ /アタ/エ/マ/ス/。
栃木の日光東照宮は、世界遺産にも登録された壮麗な建築群が山間に佇み、日光杉並木の美しい参道とあわせて歴史と自然の両方を満喫できる名所です。	トチ/ギ/ノ/ /ニッ/コー/ /トー/ショー/グー/ワ/、/セ/カイ/ /イ/サン/ニ/モ/ /トー/ロク/ /サ/レ/タ/ /ソー/レイ/ナ/ /ケン/チク/グン/ガ/ /ヤマ/アイ/ニ/ /タタズ/ミ/、/ニッ/コー/ /スギ/ナミ/キ/ノ/ /ウツク/シ/イ/ /サン/ドー/ト/ /ア/ワ/セ/テ/ /レキ/シ/ト/ /シ/ゼン/ノ/ /リョー/ホー/ヲ/ /マン/キツ/ /デ/キ/ル/ /メイ/ショ/デ/ス/。
北海道の小樽は、石造りの倉庫群が立ち並ぶ運河沿いの景観が美しく、明治から昭和にかけての歴史ある街並みとガラス工芸のショップが人気を集めています。	ホッ/カイ/ドー/ノ/ /オ/タル/ワ/、/イシ/ヅク/リ/ノ/ /ソー/コ/グン/ガ/ /タ/チ/ナラ/ブ/ /ウン/ガ/ゾ/イ/ノ/ /ケイ/カン/ガ/ /ウツク/シ/ク/、/メイ/ジ/カ/ラ/ /ショー/ワ/ニ/ /カ/ケ/テ/ノ/ /レキ/シ/ /ア/ル/ /マチ/ナ/ミ/ト/ /ガ/ラ/ス/ /コー/ゲイ/ノ/ /ショ/ッ/プ/ガ/ /ニン/キ/ヲ/ /アツ/メ/テ/ /イ/マ/ス/。
長崎のグラバー園は、幕末から明治にかけての西洋式建築が並ぶ歴史公園で、高台から見下ろす長崎港の景色が素晴らしく、異国情緒あふれる雰囲気が魅力です。	ナガ/サキ/ノ/ /グ/ラ/バ/ー/エン/ワ/、/バク/マツ/カ/ラ/ /メイ/ジ/ニ/ /カ/ケ/テ/ノ/ /セイ/ヨー/シキ/ /ケン/チク/ガ/ /ナラ/ブ/ /レキ/シ/ /コー/エン/デ/、/タカ/ダイ/カ/ラ/ /ミ/オ/ロ/ス/ /ナガ/サキ/コー/ノ/ /ケ/シキ/ガ/ /ス/バ/ラ/シ/ク/、/イ/コク/ /ジョー/チョ/ /ア/フ/レ/ル/ /フン/イ/キ/ガ/ /ミ/リョク/デ/ス/。
沖縄の美ら海水族館は、世界最大級の水槽に巨大なジンベエザメが悠々と泳ぐ迫力ある展示が有名で、沖縄の美しい海の生態系を間近で体感できます。	オキ/ナワ/ノ/ /チュ/ラ/ウミ/ /スイ/ゾク/カン/ワ/、/セ/カイ/ /サイ/ダイ/キュー/ノ/ /スイ/ソー/ニ/ /キョ/ダイ/ナ/ /ジ/ン/ベ/エ/ザ/メ/ガ/ /ユー/ユー/ト/ /オヨ/グ/ /ハク/リョク/ /ア/ル/ /テン/ジ/ガ/ /ユー/メイ/デ/、/オキ/ナワ/ノ/ /ウツク/シ/イ/ /ウミ/ノ/ /セイ/タイ/ケイ/ヲ/ /マ/ジカ/デ/ /タイ/カン/ /デ/キ/マ/ス/。
奈良の春日大社は、世界遺産に登録された格式ある神社で、参道沿いに並ぶ約三千基の燈籠が夜になると幻想的な雰囲気を作り出し、鹿も境内を自由に歩いています。	ナ/ラ/ノ/ /カス/ガ/ /タイ/シャ/ワ/、/セ/カイ/ /イ/サン/ニ/ /トー/ロク/ /サ/レ/タ/ /カク/シキ/ /ア/ル/ /ジン/ジャ/デ/、/サン/ドー/ゾ/イ/ニ/ /ナラ/ブ/ /ヤク/ /3/ゼン/キ/ノ/ /トー/ロー/ガ/ /ヨル/ニ/ /ナ/ル/ト/ /ゲン/ソー/テキ/ナ/ /フン/イ/キ/ヲ/ /ツク/リ/ダ/シ/、/シカ/モ/ /ケイ/ダイ/ヲ/ /ジ/ユー/ニ/ /アル/イ/テ/ /イ/マ/ス/。
宮崎の高千穂峡は、阿蘇の火山活動で形成された断崖が続く峡谷で、真名井の滝がエメラルドグリーンの水面へと降り注ぐ幻想的な景観が多くの観光客を魅了します。	ミヤ/ザキ/ノ/ /タカ/チ/ホ/キョー/ワ/、/ア/ソ/ノ/ /カ/ザン/ /カツ/ドー/デ/ /ケイ/セイ/ /サ/レ/タ/ /ダン/ガイ/ガ/ /ツヅ/ク/ /キョー/コク/デ/、/マ/ナ/イ/ノ/ /タキ/ガ/ /エ/メ/ラ/ル/ド/ /グ/リ/ー/ン/ノ/ /スイ/メン/エ/ト/ /フ/リ/ソソ/グ/ /ゲン/ソー/テキ/ナ/ /ケイ/カン/ガ/ /オオ/ク/ノ/ /カン/コー/キャク/ヲ/ /ミ/リョー/ /シ/マ/ス/。
福井の永平寺は、曹洞宗の大本山として約七百年の歴史を持つ禅寺で、深い杉木立に囲まれた荘厳な伽藍が人々に心の安らぎをあたえる霊地として知られています。	フク/イ/ノ/ /エイ/ヘイ/ジ/ワ/、/ソー/トー/シュー/ノ/ /ダイ/ホン/ザン/ト/ /シ/テ/ /ヤク/7/ヒャク/ネン/ノ/ /レキ/シ/ヲ/ /モ/ツ/ /ゼン/デラ/デ/、/フカ/イ/ /スギ/ /コ/ダチ/ニ/ /カコ/マ/レ/タ/ /ソー/ゴン/ナ/ /ガ/ラン/ガ/ /ヒト/ビト/ニ/ /ココロ/ノ/ /ヤス/ラ/ギ/ヲ/ /ア/タ/エ/ル/ /レイ/チ/ト/ /シ/テ/ /シ/ラ/レ/テ/ /イ/マ/ス/。
インターネットは、世界中のコンピュータをつなぐ巨大なネットワークであり、情報の共有や通信を瞬時に行うことを可能にした二十世紀最大の技術革新の一つである。	イ/ン/タ/ー/ /ネ/ッ/ト/ワ/、/セ/カイ/ジュー/ノ/ /コ/ン/ピュ/ー/タ/ヲ/ /ツ/ナ/グ/ /キョ/ダイ/ナ/ /ネ/ッ/ト/ワ/ー/ク/デ/ /ア/リ/、/ジョー/ホー/ノ/ /キョー/ユー/ヤ/ /ツー/シン/ヲ/ /シュン/ジ/ニ/ /オコナ/ウ/ /コ/ト/ヲ/ /カ/ノー/ニ/ /シ/タ/ /2/0/セイ/キ/ /サイ/ダイ/ノ/ /ギ/ジュツ/ /カク/シン/ノ/ /1/ツ/デ/ /ア/ル/。
CPUはコンピュータの中央処理装置であり、演算や制御を担う頭脳に相当する部品で、クロック周波数やコア数がその処理性能を大きく左右する重要な要素である。	CPU/ワ/ /コ/ン/ピュ/ー/タ/ノ/ /チュー/オー/ /ショ/リ/ /ソー/チ/デ/ /ア/リ/、/エン/ザン/ヤ/ /セイ/ギョ/ヲ/ /ニナ/ウ/ /ズ/ノー/ニ/ /ソー/トー/ /ス/ル/ /ブ/ヒン/デ/、/ク/ロ/ッ/ク/ /シュー/ハ/スー/ヤ/ /コ/ア/ /カズ/ガ/ /ソ/ノ/ /ショ/リ/ /セイ/ノー/ヲ/ /オオ/キ/ク/ /サ/ユー/ /ス/ル/ /ジュー/ヨー/ナ/ /ヨー/ソ/デ/ /ア/ル/。
クラウドコンピューティングとは、インターネットを介してサーバやストレージ、ソフトウェアなどのリソースをオンデマンドで利用できる情報技術の提供形態である。	ク/ラ/ウ/ド/ /コ/ン/ピュ/ー/ティ/ン/グ/ト/ワ/、/イ/ン/タ/ー/ /ネ/ッ/ト/ヲ/ /カイ/シ/テ/ /サ/ー/バ/ヤ/ /ス/ト/レ/ー/ジ/、/ソ/フ/ト/ウェ/ア/ナ/ド/ノ/ /リ/ソ/ー/ス/ヲ/ /オ/ン/ /デ/マ/ン/ド/デ/ /リ/ヨー/ /デ/キ/ル/ /ジョー/ホー/ /ギ/ジュツ/ノ/ /テイ/キョー/ /ケイ/タイ/デ/ /ア/ル/。
機械学習とは、コンピュータがデータから自動的にパターンを学習し、予測や分類などのタスクを人間が明示的にプログラムすることなく実行できるようにする技術である。	キ/カイ/ /ガク/シュー/ト/ワ/、/コ/ン/ピュ/ー/タ/ガ/ /デ/ー/タ/カ/ラ/ /ジ/ドー/テキ/ニ/ /パ/タ/ー/ン/ヲ/ /ガク/シュー/ /シ/、/ヨ/ソク/ヤ/ /ブン/ルイ/ナ/ド/ノ/ /タ/ス/ク/ヲ/ /ニン/ゲン/ガ/ /メイ/ジ/テキ/ニ/ /プ/ロ/グ/ラ/ム/ /ス/ル/ /コ/ト/ /ナ/ク/ /ジッ/コー/ /デ/キ/ル/ヨ/ー/ニ/ /ス/ル/ /ギ/ジュツ/デ/ /ア/ル/。
HTTPSは、ウェブブラウザとサーバ間の通信をTLSによって暗号化するプロトコルであり、データの盗聴や改ざんを防ぐためにウェブセキュリティの基盤となっている。	https/ワ/、/ウェ/ブ/ /ブ/ラ/ウ/ザ/ト/ /サ/ー/バ/カン/ノ/ /ツー/シン/ヲ/ /tls/ニ/ /ヨ/ッ/テ/ /アン/ゴー/カ/ /ス/ル/ /プ/ロ/ト/コ/ル/デ/ /ア/リ/、/デ/ー/タ/ノ/ /トー/チョー/ヤ/ /カイ/ザ/ン/ヲ/ /フセ/グ/ /タ/メ/ニ/ /ウェ/ブ/ /セ/キュ/リ/ティ/ノ/ /キ/バン/ト/ /ナ/ッ/テ/ /イ/ル/。
オープンソースソフトウェアとは、ソースコードが公開されており、誰でも自由に使用・改変・再配布できるソフトウェアのことであり、Linuxがその代表例である。	オ/ー/プ/ン/ /ソ/ー/ス/ /ソ/フ/ト/ウェ/ア/ト/ワ/、/ソ/ー/ス/ /コ/ー/ド/ガ/ /コー/カイ/ /サ/レ/テ/ /オ/リ/、/ダレ/デ/モ/ /ジ/ユー/ニ/ /シ/ヨー/・/カイ/ヘン/・/サイ/ハイ/フ/ /デ/キ/ル/ /ソ/フ/ト/ウェ/ア/ノ/ /コ/ト/デ/ /ア/リ/、/Linux/ガ/ /ソ/ノ/ /ダイ/ヒョー/ /レイ/デ/ /ア/ル/。
ビッグデータとは、従来のデータベース管理ツールでは処理が困難なほど大量かつ多様なデータの集合体を指す概念であり、現代のビジネスや研究に欠かせない資産である。	ビ/ッ/グ/ /デ/ー/タ/ト/ワ/、/ジュー/ライ/ノ/ /デ/ー/タ/ /ベ/ー/ス/ /カン/リ/ /ツ/ー/ル/デ/ワ/ /ショ/リ/ガ/ /コン/ナン/ナ/ホ/ド/ /タイ/リョー/ /カ/ツ/ /タ/ヨー/ナ/ /デ/ー/タ/ノ/ /シュー/ゴー/タイ/ヲ/ /サ/ス/ /ガイ/ネン/デ/ /ア/リ/、/ゲン/ダイ/ノ/ /ビ/ジ/ネ/ス/ヤ/ /ケン/キュー/ニ/ /カ/カ/セ/ナ/イ/ /シ/サン/デ/ /ア/ル/。
SQLはリレーショナルデータベースを操作するための標準的な問い合わせ言語であり、データの検索・挿入・更新・削除をシンプルな構文で記述することができる言語である。	SQL/ワ/ /リ/レ/ー/ショ/ナ/ル/ /デ/ー/タ/ /ベ/ー/ス/ヲ/ /ソー/サ/ /ス/ル/ /タ/メ/ノ/ /ヒョー/ジュン/テキ/ナ/ /ト/イ/ア/ワ/セ/ /ゲン/ゴ/デ/ /ア/リ/、/デ/ー/タ/ノ/ /ケン/サク/・/ソー/ニュー/・/コー/シン/・/サク/ジョ/ヲ/ /シ/ン/プ/ル/ナ/ /コー/ブン/デ/ /キ/ジュツ/ /ス/ル/ /コ/ト/ガ/ /デ/キ/ル/ /ゲン/ゴ/デ/ /ア/ル/。
仮想化技術とは、一台の物理サーバ上で複数の仮想マシンを動作させることを可能にする技術であり、リソースの有効活用やシステム管理の効率化に大きく貢献している。	カ/ソー/カ/ /ギ/ジュツ/ト/ワ/、/1/ダイ/ノ/ /ブツ/リ/ /サ/ー/バ/ジョー/デ/ /フク/スー/ノ/ /カ/ソー/ /マ/シ/ン/ヲ/ /ドー/サ/ /サ/セ/ル/ /コ/ト/ヲ/ /カ/ノー/ニ/ /ス/ル/ /ギ/ジュツ/デ/ /ア/リ/、/リ/ソ/ー/ス/ノ/ /ユー/コー/ /カツ/ヨー/ヤ/ /シ/ス/テ/ム/ /カン/リ/ノ/ /コー/リツ/カ/ニ/ /オオ/キ/ク/ /コー/ケン/ /シ/テ/ /イ/ル/。
IPv6は、IPv4のアドレス枯渇問題を解決するために策定された次世代インターネットプロトコルであり、約三百四十澗個という膨大な数のアドレスを提供できる仕様である。	IPV6/ワ/、/IPV4/ノ/ /ア/ド/レ/ス/ /コ/カツ/ /モン/ダイ/ヲ/ /カイ/ケツ/ /ス/ル/ /タ/メ/ニ/ /サク/テイ/ /サ/レ/タ/ /ジ/セ/ダイ/ /イ/ン/タ/ー/ /ネ/ッ/ト/ /プ/ロ/ト/コ/ル/デ/ /ア/リ/、/ヤク/ /3/_/4/0/カン/コ/ト/ /イ/ウ/ /ボー/ダイ/ナ/ /カズ/ノ/ /ア/ド/レ/ス/ヲ/ /テイ/キョー/ /デ/キ/ル/ /シ/ヨー/デ/ /ア/ル/。
コンテナ型仮想化は、OSカーネルを共有しながらアプリケーションを独立した環境で実行する技術であり、Dockerの登場によって開発者の間に急速に普及した手法である。	コ/ン/テ/ナ/ガタ/ /カ/ソー/カ/ワ/、/OS/ /カ/ー/ネ/ル/ヲ/ /キョー/ユー/ /シ/ナ/ガ/ラ/ /ア/プ/リ/ケ/ー/ショ/ン/ヲ/ /ドク/リツ/ /シ/タ/ /カン/キョー/デ/ /ジッ/コー/ /ス/ル/ /ギ/ジュツ/デ/ /ア/リ/、/Docker/ノ/ /トー/ジョー/ニ/ /ヨ/ッ/テ/ /カイ/ハツ/シャ/ノ/ /アイダ/ニ/ /キュー/ソク/ニ/ /フ/キュー/ /シ/タ/ /シュ/ホー/デ/ /ア/ル/。
APIはアプリケーション間でデータや機能を共有するためのインターフェース仕様であり、異なるシステム同士が標準化された方法で連携するための重要な仕組みである。	API/ワ/ /ア/プ/リ/ケ/ー/ショ/ン/カン/デ/ /デ/ー/タ/ヤ/ /キ/ノー/ヲ/ /キョー/ユー/ /ス/ル/ /タ/メ/ノ/ /イ/ン/タ/ー/フェ/ー/ス/ /シ/ヨー/デ/ /ア/リ/、/コト/ナ/ル/ /シ/ス/テ/ム/ドー/シ/ガ/ /ヒョー/ジュン/カ/ /サ/レ/タ/ /ホー/ホー/デ/ /レン/ケイ/ /ス/ル/ /タ/メ/ノ/ /ジュー/ヨー/ナ/ /シ/ク/ミ/デ/ /ア/ル/。
深層学習は、多層のニューラルネットワークを用いて複雑なパターンを学習する機械学習の手法であり、画像認識や自然言語処理において人間に迫る精度を達成している。	シン/ソー/ /ガク/シュー/ワ/、/タ/ソー/ノ/ /ニュ/ー/ラ/ル/ /ネ/ッ/ト/ /ワ/ー/ク/ヲ/ /モチ/イ/テ/ /フク/ザツ/ナ/ /パ/タ/ー/ン/ヲ/ /ガク/シュー/ /ス/ル/ /キ/カイ/ /ガク/シュー/ノ/ /シュ/ホー/デ/ /ア/リ/、/ガ/ゾー/ /ニン/シキ/ヤ/ /シ/ゼン/ /ゲン/ゴ/ /ショ/リ/ニ/ /オ/イ/テ/ /ニン/ゲン/ニ/ /セマ/ル/ /セイ/ド/ヲ/ /タッ/セイ/ /シ/テ/ /イ/ル/。
ブロックチェーンは、取引データをブロック単位で鎖状に連結し分散管理する技術であり、改ざんが極めて困難な構造から暗号資産や契約証明などへの応用が進んでいる。	ブ/ロ/ッ/ク/ /チェ/ー/ン/ワ/、/トリ/ヒキ/ /デ/ー/タ/ヲ/ /ブ/ロ/ッ/ク/ /タン/イ/デ/ /クサリ/ジョー/ニ/ /レン/ケツ/ /シ/ /ブン/サン/ /カン/リ/ /ス/ル/ /ギ/ジュツ/デ/ /ア/リ/、/カイ/ザ/ン/ガ/ /キワ/メ/テ/ /コン/ナン/ナ/ /コー/ゾー/カ/ラ/ /アン/ゴー/ /シ/サン/ヤ/ /ケイ/ヤク/ /ショー/メイ/ナ/ド/エ/ノ/ /オー/ヨー/ガ/ /スス/ン/デ/ /イ/ル/。
SSHはネットワーク越しにリモートコンピュータへ安全にアクセスするためのプロトコルであり、通信内容を暗号化することで盗聴や不正アクセスを防止する役割を担う。	ssh/ワ/ /ネ/ッ/ト/ /ワ/ー/ク/ゴ/シ/ニ/ /リ/モ/ー/ト/ /コ/ン/ピュ/ー/タ/エ/ /アン/ゼン/ニ/ /ア/ク/セ/ス/ /ス/ル/ /タ/メ/ノ/ /プ/ロ/ト/コ/ル/デ/ /ア/リ/、/ツー/シン/ /ナイ/ヨー/ヲ/ /アン/ゴー/カ/ /ス/ル/ /コ/ト/デ/ /トー/チョー/ヤ/ /フ/セイ/ /ア/ク/セ/ス/ヲ/ /ボー/シ/ /ス/ル/ /ヤク/ワリ/ヲ/ /ニナ/ウ/。
レスポンシブデザインとは、スマートフォンやタブレットなど画面サイズの異なる端末に対して、一つのHTMLソースで適切なレイアウトを提供するウェブ設計手法である。	レ/ス/ポ/ン/シ/ブ/ /デ/ザ/イ/ン/ト/ワ/、/ス/マ/ー/ト/フォ/ン/ヤ/ /タ/ブ/レ/ッ/ト/ナ/ド/ /ガ/メン/ /サ/イ/ズ/ノ/ /コト/ナ/ル/ /タン/マツ/ニ/ /タイ/シ/テ/、/ヒト/ツ/ノ/ /HTML/ /ソ/ー/ス/デ/ /テキ/セツ/ナ/ /レ/イ/ア/ウ/ト/ヲ/ /テイ/キョー/ /ス/ル/ /ウェ/ブ/ /セッ/ケイ/ /シュ/ホー/デ/ /ア/ル/。
DevOpsとは、開発チームと運用チームが密に連携し、ソフトウェアの開発から本番リリースまでのサイクルを自動化と継続的改善によって高速化するための文化と実践である。	DevOps/ト/ワ/、/カイ/ハツ/ /チ/ー/ム/ト/ /ウン/ヨー/ /チ/ー/ム/ガ/ /ミツ/ニ/ /レン/ケイ/ /シ/、/ソ/フ/ト/ウェ/ア/ノ/ /カイ/ハツ/カ/ラ/ /ホン/バン/ /リ/リ/ー/ス/マ/デ/ノ/ /サ/イ/ク/ル/ヲ/ /ジ/ドー/カ/ト/ /ケイ/ゾク/テキ/ /カイ/ゼン/ニ/ /ヨ/ッ/テ/ /コー/ソク/カ/ /ス/ル/ /タ/メ/ノ/ /ブン/カ/ト/ /ジッ/セン/デ/ /ア/ル/。
マイクロサービスアーキテクチャとは、アプリケーションを独立して開発・デプロイ可能な小さなサービスに分割して構成する設計手法であり、スケーラビリティが高い特徴がある。	マ/イ/ク/ロ/ /サ/ー/ビ/ス/ /ア/ー/キ/テ/ク/チャ/ト/ワ/、/ア/プ/リ/ケ/ー/ショ/ン/ヲ/ /ドク/リツ/ /シ/テ/ /カイ/ハツ/・/デ/プ/ロ/イ/ /カ/ノー/ナ/ /チイ/サ/ナ/ /サ/ー/ビ/ス/ニ/ /ブン/カツ/ /シ/テ/ /コー/セイ/ /ス/ル/ /セッ/ケイ/ /シュ/ホー/デ/ /ア/リ/、/ス/ケ/ー/ラ/ビ/リ/ティ/ガ/ /タカ/イ/ /トク/チョー/ガ/ /ア/ル/。
DNSはドメイン名をIPアドレスに変換するためのシステムであり、インターネット上の住所録とも呼ばれ、ウェブサイトへのアクセスを裏側で支える重要なインフラである。	DNS/ワ/ /ド/メ/イ/ン/メイ/ヲ/ /IP/ /ア/ド/レ/ス/ニ/ /ヘン/カン/ /ス/ル/ /タ/メ/ノ/ /シ/ス/テ/ム/デ/ /ア/リ/、/イ/ン/タ/ー/ /ネ/ッ/ト/ジョー/ノ/ /ジュー/ショ/ロク/ト/モ/ /ヨ/バ/レ/、/ウェ/ブ/ /サ/イ/ト/エ/ノ/ /ア/ク/セ/ス/ヲ/ /ウラ/ガワ/デ/ /ササ/エ/ル/ /ジュー/ヨー/ナ/ /イ/ン/フ/ラ/デ/ /ア/ル/。
バイナリとは、0と1の二値だけで情報を表現するデジタルコンピュータの基本表現形式であり、電圧の高低やスイッチのオンオフに対応させて物理的に実現されている。	バ/イ/ナ/リ/ト/ワ/、/0/ト/ /1/ノ/ /2/チ/ダ/ケ/デ/ /ジョー/ホー/ヲ/ /ヒョー/ゲン/ /ス/ル/ /デ/ジ/タ/ル/ /コ/ン/ピュ/ー/タ/ノ/ /キ/ホン/ /ヒョー/ゲン/ /ケイ/シキ/デ/ /ア/リ/、/デン/アツ/ノ/ /コー/テイ/ヤ/ /ス/イ/ッ/チ/ノ/ /オ/ン/ /オ/フ/ニ/ /タイ/オー/ /サ/セ/テ/ /ブツ/リ/テキ/ニ/ /ジツ/ゲン/ /サ/レ/テ/ /イ/ル/。
量子コンピュータは、量子ビットが重ね合わせ状態を利用することで、古典的なコンピュータでは膨大な時間を要する特定の問題を飛躍的な速度で解ける次世代計算機である。	リョー/シ/ /コ/ン/ピュ/ー/タ/ワ/、/リョー/シ/ /ビ/ッ/ト/ガ/ /カサ/ネ/ア/ワ/セ/ /ジョー/タイ/ヲ/ /リ/ヨー/ /ス/ル/ /コ/ト/デ/、/コ/テン/テキ/ナ/ /コ/ン/ピュ/ー/タ/デ/ワ/ /ボー/ダイ/ナ/ /ジ/カン/ヲ/ /ヨー/ス/ル/ /トク/テイ/ノ/ /モン/ダイ/ヲ/ /ヒ/ヤク/テキ/ナ/ /ソク/ド/デ/ /ト/ケ/ル/ /ジ/セ/ダイ/ /ケイ/サン/キ/デ/ /ア/ル/。
キャッシュとは、頻繁にアクセスされるデータを高速な記憶領域に一時保存することで処理速度を向上させる仕組みであり、CPUからウェブブラウザまで広く利用される。	キャ/ッ/シュ/ト/ワ/、/ヒン/パン/ニ/ /ア/ク/セ/ス/ /サ/レ/ル/ /デ/ー/タ/ヲ/ /コー/ソク/ナ/ /キ/オク/ /リョー/イキ/ニ/ /イチ/ジ/ /ホ/ゾン/ /ス/ル/ /コ/ト/デ/ /ショ/リ/ /ソク/ド/ヲ/ /コー/ジョー/ /サ/セ/ル/ /シ/ク/ミ/デ/ /ア/リ/、/CPU/カ/ラ/ /ウェ/ブ/ /ブ/ラ/ウ/ザ/マ/デ/ /ヒロ/ク/ /リ/ヨー/ /サ/レ/ル/。
フィッシング攻撃とは、正規のサービスや機関を装った偽のメールやウェブサイトをユーザに提示し、パスワードやクレジットカード番号などの機密情報を詐取する手口である。	フィ/ッ/シ/ン/グ/ /コー/ゲキ/ト/ワ/、/セイ/キ/ノ/ /サ/ー/ビ/ス/ヤ/ /キ/カン/ヲ/ /ヨソオ/ッ/タ/ /ニセ/ノ/ /メ/ー/ル/ヤ/ /ウェ/ブ/ /サ/イ/ト/ヲ/ /ユ/ー/ザ/ニ/ /テイ/ジ/ /シ/、/パ/ス/ワ/ー/ド/ヤ/ /ク/レ/ジ/ッ/ト/ /カ/ー/ド/ /バン/ゴー/ナ/ド/ノ/ /キ/ミツ/ /ジョー/ホー/ヲ/ /サ/シュ/ /ス/ル/ /テ/グチ/デ/ /ア/ル/。
リポジトリとはソースコードやその変更履歴を管理するための保存場所であり、Gitと組み合わせてチーム開発における変更管理と協業を効率的に行うために広く使われる。	リ/ポ/ジ/ト/リ/ト/ワ/ /ソ/ー/ス/ /コ/ー/ド/ヤ/ /ソ/ノ/ /ヘン/コー/ /リ/レキ/ヲ/ /カン/リ/ /ス/ル/ /タ/メ/ノ/ /ホ/ゾン/ /バ/ショ/デ/ /ア/リ/、/GIT/ト/ /ク/ミ/ア/ワ/セ/テ/ /チ/ー/ム/ /カイ/ハツ/ニ/ /オ/ケ/ル/ /ヘン/コー/ /カン/リ/ト/ /キョー/ギョー/ヲ/ /コー/リツ/テキ/ニ/ /オコナ/ウ/ /タ/メ/ニ/ /ヒロ/ク/ /ツカ/ワ/レ/ル/。
マルウェアとは、不正かつ有害な動作を行うことを目的に作られたソフトウェアの総称であり、ウイルス・ワーム・ランサムウェアなど多種多様な種類が存在する脅威である。	マ/ル/ウェ/ア/ト/ワ/、/フ/セイ/ /カ/ツ/ /ユー/ガイ/ナ/ /ドー/サ/ヲ/ /オコナ/ウ/ /コ/ト/ヲ/ /モク/テキ/ニ/ /ツク/ラ/レ/タ/ /ソ/フ/ト/ウェ/ア/ノ/ /ソー/ショー/デ/ /ア/リ/、/ウ/イ/ル/ス/・/ワ/ー/ム/・/ラ/ン/サ/ム/ウェ/ア/ナ/ド/ /タ/シュ/ /タ/ヨー/ナ/ /シュ/ルイ/ガ/ /ソン/ザイ/ /ス/ル/ /キョー/イ/デ/ /ア/ル/。
コンパイラとは、プログラミング言語で書かれたソースコードをコンピュータが直接実行できる機械語に変換するプログラムであり、C言語やJavaで広く利用されている。	コ/ン/パ/イ/ラ/ト/ワ/、/プ/ロ/グ/ラ/ミ/ン/グ/ /ゲン/ゴ/デ/ /カ/カ/レ/タ/ /ソ/ー/ス/ /コ/ー/ド/ヲ/ /コ/ン/ピュ/ー/タ/ガ/ /チョク/セツ/ /ジッ/コー/ /デ/キ/ル/ /キ/カイ/ゴ/ニ/ /ヘン/カン/ /ス/ル/ /プ/ロ/グ/ラ/ム/デ/ /ア/リ/、/C/ゲン/ゴ/ヤ/ /Java/デ/ /ヒロ/ク/ /リ/ヨー/ /サ/レ/テ/ /イ/ル/。
ガベージコレクションとは、プログラムが動的に確保したメモリのうち不要になった領域を自動的に解放する機能であり、Javaや Python などの言語に標準的に備わっている。	ガ/ベ/ー/ジ/ /コ/レ/ク/ショ/ン/ト/ワ/、/プ/ロ/グ/ラ/ム/ガ/ /ドー/テキ/ニ/ /カク/ホ/ /シ/タ/ /メ/モ/リ/ノ/ /ウ/チ/ /フ/ヨー/ニ/ /ナ/ッ/タ/ /リョー/イキ/ヲ/ /ジ/ドー/テキ/ニ/ /カイ/ホー/ /ス/ル/ /キ/ノー/デ/ /ア/リ/、/Java/ヤ/ /Python/ナ/ド/ノ/ /ゲン/ゴ/ニ/ /ヒョー/ジュン/テキ/ニ/ /ソナ/ワ/ッ/テ/ /イ/ル/。
WebAssemblyはブラウザ上で高速に動作するバイナリ形式の命令セットであり、C++やRustなどで書かれたコードをウェブ上でネイティブに近い速度で実行可能にする技術である。	WebAssembly/ワ/ /ブ/ラ/ウ/ザ/ジョー/デ/ /コー/ソク/ニ/ /ドー/サ/ /ス/ル/ /バ/イ/ナ/リ/ /ケイ/シキ/ノ/ /メイ/レイ/ /セ/ッ/ト/デ/ /ア/リ/、/C++/ヤ/ /Rust/ナ/ド/デ/ /カ/カ/レ/タ/ /コ/ー/ド/ヲ/ /ウェ/ブ/ジョー/デ/ /ネ/イ/ティ/ブ/ニ/ /チカ/イ/ /ソク/ド/デ/ /ジッ/コー/ /カ/ノー/ニ/ /ス/ル/ /ギ/ジュツ/デ/ /ア/ル/。
ソフトウェアテストとは、開発したプログラムが要件を満たし期待どおりに動作することを検証するプロセスであり、品質保証においてバグの早期発見と修正コスト削減に寄与する。	ソ/フ/ト/ウェ/ア/ /テ/ス/ト/ト/ワ/、/カイ/ハツ/ /シ/タ/ /プ/ロ/グ/ラ/ム/ガ/ /ヨー/ケン/ヲ/ /ミ/タ/シ/ /キ/タイ/ド/オ/リ/ニ/ /ドー/サ/ /ス/ル/ /コ/ト/ヲ/ /ケン/ショー/ /ス/ル/ /プ/ロ/セ/ス/デ/ /ア/リ/、/ヒン/シツ/ /ホ/ショー/ニ/ /オ/イ/テ/ /バ/グ/ノ/ /ソー/キ/ /ハッ/ケン/ト/ /シュー/セイ/ /コ/ス/ト/ /サク/ゲン/ニ/ /キ/ヨ/ /ス/ル/。
エッジコンピューティングとは、データの処理をクラウド中央ではなくデータ発生源の近傍で行うアーキテクチャであり、遅延の低減や通信コストの削減に効果的である。	エ/ッ/ジ/ /コ/ン/ピュ/ー/ティ/ン/グ/ト/ワ/、/デ/ー/タ/ノ/ /ショ/リ/ヲ/ /ク/ラ/ウ/ド/ /チュー/オー/デ/ワ/ /ナ/ク/ /デ/ー/タ/ /ハッ/セイ/ゲン/ノ/ /キン/ボー/デ/ /オコナ/ウ/ /ア/ー/キ/テ/ク/チャ/デ/ /ア/リ/、/チ/エン/ノ/ /テイ/ゲン/ヤ/ /ツー/シン/ /コ/ス/ト/ノ/ /サク/ゲン/ニ/ /コー/カ/テキ/デ/ /ア/ル/。
オートスケーリングとは、アクセス負荷の変動に応じてサーバのリソースを自動的に増減させる機能であり、コストを最適化しながら安定したサービスを提供するために用いられる。	オ/ー/ト/ /ス/ケ/ー/リ/ン/グ/ト/ワ/、/ア/ク/セ/ス/ /フ/カ/ノ/ /ヘン/ドー/ニ/ /オー/ジ/テ/ /サ/ー/バ/ノ/ /リ/ソ/ー/ス/ヲ/ /ジ/ドー/テキ/ニ/ /ゾー/ゲン/ /サ/セ/ル/ /キ/ノー/デ/ /ア/リ/、/コ/ス/ト/ヲ/ /サイ/テキ/カ/ /シ/ナ/ガ/ラ/ /アン/テイ/ /シ/タ/ /サ/ー/ビ/ス/ヲ/ /テイ/キョー/ /ス/ル/ /タ/メ/ニ/ /モチ/イ/ラ/レ/ル/。
ゼロトラストセキュリティとは、ネットワークの内外を問わずすべてのアクセスを信頼しないことを前提に、常に認証と認可を要求するセキュリティモデルのことである。	ゼ/ロ/ /ト/ラ/ス/ト/ /セ/キュ/リ/ティ/ト/ワ/、/ネ/ッ/ト/ /ワ/ー/ク/ノ/ /ナイ/ガイ/ヲ/ /ト/ワ/ズ/ /ス/ベ/テ/ノ/ /ア/ク/セ/ス/ヲ/ /シン/ライ/ /シ/ナ/イ/ /コ/ト/ヲ/ /ゼン/テイ/ニ/、/ツネ/ニ/ /ニン/ショー/ト/ /ニン/カ/ヲ/ /ヨー/キュー/ /ス/ル/ /セ/キュ/リ/ティ/ /モ/デ/ル/ノ/ /コ/ト/デ/ /ア/ル/。
JITコンパイルとは、プログラムの実行時にバイトコードをネイティブコードへリアルタイムで変換する技術であり、インタプリタの柔軟性と高速実行を両立させる手法である。	JIT/ /コ/ン/パ/イ/ル/ト/ワ/、/プ/ロ/グ/ラ/ム/ノ/ /ジッ/コー/ジ/ニ/ /バ/イ/ト/ /コ/ー/ド/ヲ/ /ネ/イ/ティ/ブ/ /コ/ー/ド/エ/ /リ/ア/ル/ /タ/イ/ム/デ/ /ヘン/カン/ /ス/ル/ /ギ/ジュツ/デ/ /ア/リ/、/イ/ン/タ/プ/リ/タ/ノ/ /ジュー/ナン/セイ/ト/ /コー/ソク/ /ジッ/コー/ヲ/ /リョー/リツ/ /サ/セ/ル/ /シュ/ホー/デ/ /ア/ル/。
NFCとは、数センチの近距離で機器間の無線通信を行う技術であり、交通系ICカードや電子マネーの決済、スマートフォン同士のデータ交換などに幅広く活用されている。	NFC/ト/ワ/、/スー/セ/ン/チ/ノ/ /キン/キョ/リ/デ/ /キ/キ/カン/ノ/ /ム/セン/ /ツー/シン/ヲ/ /オコナ/ウ/ /ギ/ジュツ/デ/ /ア/リ/、/コー/ツー/ケイ/ /IC/ /カ/ー/ド/ヤ/ /デン/シ/ /マ/ネ/ー/ノ/ /ケッ/サイ/、/ス/マ/ー/ト/フォ/ン/ドー/シ/ノ/ /デ/ー/タ/ /コー/カン/ナ/ド/ニ/ /ハバ/ヒロ/ク/ /カツ/ヨー/ /サ/レ/テ/ /イ/ル/。
CORSとは、異なるオリジン間でのHTTPリクエストを制御するブラウザのセキュリティ機構であり、サーバ側でヘッダを適切に設定することで安全なクロスオリジン通信が実現する。	CORS/ト/ワ/、/コト/ナ/ル/ /オ/リ/ジ/ン/カン/デ/ノ/ /HTTP/ /リ/ク/エ/ス/ト/ヲ/ /セイ/ギョ/ /ス/ル/ /ブ/ラ/ウ/ザ/ノ/ /セ/キュ/リ/ティ/ /キ/コー/デ/ /ア/リ/、/サ/ー/バ/ /ガワ/デ/ /ヘ/ッ/ダ/ヲ/ /テキ/セツ/ニ/ /セッ/テイ/ /ス/ル/ /コ/ト/デ/ /アン/ゼン/ナ/ /ク/ロ/ス/ /オ/リ/ジ/ン/ /ツー/シン/ガ/ /ジツ/ゲン/ /ス/ル/。
マルチスレッドとは、一つのプロセス内で複数の処理の流れを並列に実行する技術であり、マルチコアCPUの性能を最大限に活用してプログラムの応答性を高める手法である。	マ/ル/チ/ /ス/レ/ッ/ド/ト/ワ/、/ヒト/ツ/ノ/ /プ/ロ/セ/ス/ナイ/デ/ /フク/スー/ノ/ /ショ/リ/ノ/ /ナガ/レ/ヲ/ /ヘイ/レツ/ニ/ /ジッ/コー/ /ス/ル/ /ギ/ジュツ/デ/ /ア/リ/、/マ/ル/チ/ /コ/ア/ /CPU/ノ/ /セイ/ノー/ヲ/ /サイ/ダイ/ゲン/ニ/ /カツ/ヨー/ /シ/テ/ /プ/ロ/グ/ラ/ム/ノ/ /オー/トー/セイ/ヲ/ /タカ/メ/ル/ /シュ/ホー/デ/ /ア/ル/。
TLSはネットワーク上での通信データを暗号化し、盗聴や改ざん、なりすましを防止するためのセキュリティプロトコルであり、HTTPSやメール送受信などに広く採用されている。	TLS/ワ/ /ネ/ッ/ト/ /ワ/ー/ク/ジョー/デ/ノ/ /ツー/シン/ /デ/ー/タ/ヲ/ /アン/ゴー/カ/ /シ/、/トー/チョー/ヤ/ /カイ/ザ/ン/、/ナ/リ/ス/マ/シ/ヲ/ /ボー/シ/ /ス/ル/ /タ/メ/ノ/ /セ/キュ/リ/ティ/ /プ/ロ/ト/コ/ル/デ/ /ア/リ/、/HTTPS/ヤ/ /メ/ー/ル/ /ソー/ジュ/シン/ナ/ド/ニ/ /ヒロ/ク/ /サイ/ヨー/ /サ/レ/テ/ /イ/ル/。
グラフデータベースとは、データをノードと辺で表すグラフ構造で管理するデータベースであり、人間関係や知識グラフのような複雑な関連性を効率よく表現・検索できる。	グ/ラ/フ/ /デ/ー/タ/ /ベ/ー/ス/ト/ワ/、/デ/ー/タ/ヲ/ /ノ/ー/ド/ト/ /ヘン/デ/ /アラワ/ス/ /グ/ラ/フ/ /コー/ゾー/デ/ /カン/リ/ /ス/ル/ /デ/ー/タ/ /ベ/ー/ス/デ/ /ア/リ/、/ニン/ゲン/ /カン/ケイ/ヤ/ /チ/シキ/ /グ/ラ/フ/ノ/ヨ/ー/ナ/ /フク/ザツ/ナ/ /カン/レン/セイ/ヲ/ /コー/リツ/ /ヨ/ク/ /ヒョー/ゲン/・/ケン/サク/ /デ/キ/ル/。
Webソケットとは、サーバとクライアントの間で持続的な双方向通信を可能にするプロトコルであり、チャットアプリやリアルタイムダッシュボードなどの実装に広く使われる。	Web/ /ソ/ケ/ッ/ト/ト/ワ/、/サ/ー/バ/ト/ /ク/ラ/イ/ア/ン/ト/ノ/ /アイダ/デ/ /ジ/ゾク/テキ/ナ/ /ソー/ホー/コー/ /ツー/シン/ヲ/ /カ/ノー/ニ/ /ス/ル/ /プ/ロ/ト/コ/ル/デ/ /ア/リ/、/チャ/ッ/ト/ /ア/プ/リ/ヤ/ /リ/ア/ル/ /タ/イ/ム/ /ダ/ッ/シュ/ボ/ー/ド/ナ/ド/ノ/ /ジッ/ソー/ニ/ /ヒロ/ク/ /ツカ/ワ/レ/ル/。
ハイパーパラメータとは、機械学習モデルの学習プロセス自体を制御するパラメータであり、学習率やバッチサイズなどが含まれ、モデルの性能に大きな影響を与える要素である。	ハ/イ/パ/ー/ /パ/ラ/メ/ー/タ/ト/ワ/、/キ/カイ/ /ガク/シュー/ /モ/デ/ル/ノ/ /ガク/シュー/ /プ/ロ/セ/ス/ /ジ/タイ/ヲ/ /セイ/ギョ/ /ス/ル/ /パ/ラ/メ/ー/タ/デ/ /ア/リ/、/ガク/シュー/リツ/ヤ/ /バ/ッ/チ/ /サ/イ/ズ/ナ/ド/ガ/ /フク/マ/レ/、/モ/デ/ル/ノ/ /セイ/ノー/ニ/ /オオ/キ/ナ/ /エイ/キョー/ヲ/ /アタ/エ/ル/ /ヨー/ソ/デ/ /ア/ル/。
OAuthは、ユーザのパスワードを直接共有せずに第三者アプリケーションへの限定的なアクセスを許可するための認可フレームワークであり、SNSログインなどに広く用いられる。	OAuth/ワ/、/ユ/ー/ザ/ノ/ /パ/ス/ワ/ー/ド/ヲ/ /チョク/セツ/ /キョー/ユー/ /セ/ズ/ニ/ /ダイ/3/シャ/ /ア/プ/リ/ケ/ー/ショ/ン/エ/ノ/ /ゲン/テイ/テキ/ナ/ /ア/ク/セ/ス/ヲ/ /キョ/カ/ /ス/ル/ /タ/メ/ノ/ /ニン/カ/ /フ/レ/ー/ム/ /ワ/ー/ク/デ/ /ア/リ/、/SNS/ /ロ/グ/イ/ン/ナ/ド/ニ/ /ヒロ/ク/ /モチ/イ/ラ/レ/ル/。
バックプロパゲーションは、ニューラルネットワークの誤差を出力層から入力層へ逆向きに伝播させ、各重みの勾配を計算することで効率的にモデルを学習させるアルゴリズムである。	バ/ッ/ク/ /プ/ロ/パ/ゲ/ー/ショ/ン/ワ/、/ニュ/ー/ラ/ル/ /ネ/ッ/ト/ /ワ/ー/ク/ノ/ /ゴ/サ/ヲ/ /シュツ/リョク/ソー/カ/ラ/ /ニュー/リョク/ソー/エ/ /ギャク/ム/キ/ニ/ /デン/パ/ /サ/セ/、/カク/ /オモ/ミ/ノ/ /コー/バイ/ヲ/ /ケイ/サン/ /ス/ル/ /コ/ト/デ/ /コー/リツ/テキ/ニ/ /モ/デ/ル/ヲ/ /ガク/シュー/ /サ/セ/ル/ /ア/ル/ゴ/リ/ズ/ム/デ/ /ア/ル/。
イミュータブルインフラストラクチャとは、一度デプロイしたサーバを変更せず常に新しいイメージに置き換える運用方針であり、環境の一貫性と再現性を高める現代的な手法である。	イ/ミュ/ー/タ/ブ/ル/ /イ/ン/フ/ラ/ス/ト/ラ/ク/チャ/ト/ワ/、/1/ド/ /デ/プ/ロ/イ/ /シ/タ/ /サ/ー/バ/ヲ/ /ヘン/コー/ /セ/ズ/ /ツネ/ニ/ /アタラ/シ/イ/ /イ/メ/ー/ジ/ニ/ /オ/キ/カ/エ/ル/ /ウン/ヨー/ /ホー/シン/デ/ /ア/リ/、/カン/キョー/ノ/ /イッ/カン/セイ/ト/ /サイ/ゲン/セイ/ヲ/ /タカ/メ/ル/ /ゲン/ダイ/テキ/ナ/ /シュ/ホー/デ/ /ア/ル/。
RDBMSはデータを表形式で管理しSQLによって操作するデータベース管理システムであり、トランザクションのACID特性を保証することで信頼性の高いデータ管理を実現する。	RDBMS/ワ/ /デ/ー/タ/ヲ/ /ヒョー/ /ケイ/シキ/デ/ /カン/リ/ /シ/ /SQL/ニ/ /ヨ/ッ/テ/ /ソー/サ/ /ス/ル/ /デ/ー/タ/ /ベ/ー/ス/ /カン/リ/ /シ/ス/テ/ム/デ/ /ア/リ/、/ト/ラ/ン/ザ/ク/ショ/ン/ノ/ /ACID/ /トク/セイ/ヲ/ /ホ/ショー/ /ス/ル/ /コ/ト/デ/ /シン/ライ/セイ/ノ/ /タカ/イ/ /デ/ー/タ/ /カン/リ/ヲ/ /ジツ/ゲン/ /ス/ル/。
CDNはコンテンツをユーザの地理的に近いサーバから配信するためのネットワーク基盤であり、応答速度の向上とオリジンサーバへの負荷軽減を同時に実現する仕組みである。	CDN/ワ/ /コ/ン/テ/ン/ツ/ヲ/ /ユ/ー/ザ/ノ/ /チ/リ/テキ/ニ/ /チカ/イ/ /サ/ー/バ/カ/ラ/ /ハイ/シン/ /ス/ル/ /タ/メ/ノ/ /ネ/ッ/ト/ /ワ/ー/ク/ /キ/バン/デ/ /ア/リ/、/オー/トー/ /ソク/ド/ノ/ /コー/ジョー/ト/ /オ/リ/ジ/ン/ /サ/ー/バ/エ/ノ/ /フ/カ/ /ケイ/ゲン/ヲ/ /ドー/ジ/ニ/ /ジツ/ゲン/ /ス/ル/ /シ/ク/ミ/デ/ /ア/ル/。
サイドチャネル攻撃とは、暗号アルゴリズムへの直接攻撃ではなく、処理時間や消費電力などの物理的特性から秘密情報を推測するセキュリティ上の脅威の一形態である。	サ/イ/ド/ /チャ/ネ/ル/ /コー/ゲキ/ト/ワ/、/アン/ゴー/ /ア/ル/ゴ/リ/ズ/ム/エ/ノ/ /チョク/セツ/ /コー/ゲキ/デ/ワ/ /ナ/ク/、/ショ/リ/ /ジ/カン/ヤ/ /ショー/ヒ/ /デン/リョク/ナ/ド/ノ/ /ブツ/リ/テキ/ /トク/セイ/カ/ラ/ /ヒ/ミツ/ /ジョー/ホー/ヲ/ /スイ/ソク/ /ス/ル/ /セ/キュ/リ/ティ/ジョー/ノ/ /キョー/イ/ノ/ /1/ケイ/タイ/デ/ /ア/ル/。
フィンテックとは金融と技術を組み合わせた概念であり、スマートフォン決済、ロボアドバイザー、ブロックチェーン送金など従来の金融サービスをデジタルで革新する取り組みである。	フィ/ン/テ/ッ/ク/ト/ワ/ /キン/ユー/ト/ /ギ/ジュツ/ヲ/ /ク/ミ/ア/ワ/セ/タ/ /ガイ/ネン/デ/ /ア/リ/、/ス/マ/ー/ト/フォ/ン/ /ケッ/サイ/、/ロ/ボ/ア/ド/バ/イ/ザ/ー/、/ブ/ロ/ッ/ク/ /チェ/ー/ン/ /ソー/キン/ナ/ド/ /ジュー/ライ/ノ/ /キン/ユー/ /サ/ー/ビ/ス/ヲ/ /デ/ジ/タ/ル/デ/ /カク/シン/ /ス/ル/ /ト/リ/ク/ミ/デ/ /ア/ル/。
パスワードレス認証とは、生体情報やハードウェアキーを用いてパスワードなしで本人確認を行う技術であり、フィッシングやパスワード漏洩リスクを根本から低減する認証方式である。	パ/ス/ワ/ー/ド/レ/ス/ /ニン/ショー/ト/ワ/、/セイ/タイ/ /ジョー/ホー/ヤ/ /ハ/ー/ド/ウェ/ア/ /キ/ー/ヲ/ /モチ/イ/テ/ /パ/ス/ワ/ー/ド/ /ナ/シ/デ/ /ホン/ニン/ /カク/ニン/ヲ/ /オコナ/ウ/ /ギ/ジュツ/デ/ /ア/リ/、/フィ/ッ/シ/ン/グ/ヤ/ /パ/ス/ワ/ー/ド/ /ロー/エイ/ /リ/ス/ク/ヲ/ /コン/ポン/カ/ラ/ /テイ/ゲン/ /ス/ル/ /ニン/ショー/ /ホー/シキ/デ/ /ア/ル/。
そういえばね、昔の通信といえば、パソコン通信っていうのがあって、ダイヤルアップ接続でテキストベースの掲示板やチャットを楽しんでいた時代があったんですよ。	ソ/ー/ /イ/エ/バ/ネ/、/ムカシ/ノ/ /ツー/シン/ト/ /イ/エ/バ/、/パ/ソ/コ/ン/ /ツー/シン/ッ/テ/ /イ/ウ/ノ/ガ/ /ア/ッ/テ/、/ダ/イ/ヤ/ル/ /ア/ッ/プ/ /セツ/ゾク/デ/ /テ/キ/ス/ト/ /ベ/ー/ス/ノ/ /ケイ/ジ/バン/ヤ/ /チャ/ッ/ト/ヲ/ /タノ/シ/ン/デ/ /イ/タ/ /ジ/ダイ/ガ/ /ア/ッ/タ/ン/デ/ス/ヨ/。
そもそもダイアルアップ接続ってのが、もう理解しにくいよね。電話回線を使ってモデムが通信するっていう仕組みで、今の高速インターネットとは比べ物にならないほど遅かったんだけど、あの独特の接続音は今でも耳に残ってるなあ。	ソ/モ/ソ/モ/ /ダ/イ/ア/ル/ /ア/ッ/プ/ /セツ/ゾク/ッ/テ/ノ/ガ/、/モ/ー/ /リ/カイ/ /シ/ニ/ク/イ/ヨ/ネ/。/デン/ワ/ /カイ/セン/ヲ/ /ツカ/ッ/テ/ /モ/デ/ム/ガ/ /ツー/シン/ /ス/ル/ッ/テ/ /イ/ウ/ /シ/ク/ミ/デ/、/イマ/ノ/ /コー/ソク/ /イ/ン/タ/ー/ /ネ/ッ/ト/ト/ワ/ /クラ/ベ/モノ/ニ/ /ナ/ラ/ナ/イ/ホ/ド/ /オソ/カ/ッ/タ/ン/ダ/ケ/ド/、/ア/ノ/ /ドク/トク/ノ/ /セツ/ゾク/オン/ワ/ /イマ/デ/モ/ /ミミ/ニ/ /ノコ/ッ/テ/ル/ナ/ア/。
送受信できる情報は基本的にはテキストのみ。ファイルを送受信するために、専用のプロトコルやソフトウェアが必要だったし、画像や動画なんて夢のまた夢だったんだよね。今のようにYouTubeで動画を簡単に共有できる時代からは想像もつかないよね。	ソー/ジュ/シン/ /デ/キ/ル/ /ジョー/ホー/ワ/ /キ/ホン/テキ/ニ/ワ/ /テ/キ/ス/ト/ノ/ミ/。/ファ/イ/ル/ヲ/ /ソー/ジュ/シン/ /ス/ル/ /タ/メ/ニ/、/セン/ヨー/ノ/ /プ/ロ/ト/コ/ル/ヤ/ /ソ/フ/ト/ウェ/ア/ガ/ /ヒツ/ヨー/ダ/ッ/タ/シ/、/ガ/ゾー/ヤ/ /ドー/ガ/ナ/ン/テ/ /ユメ/ノ/ /マ/タ/ /ユメ/ダ/ッ/タ/ン/ダ/ヨ/ネ/。/イマ/ノ/ヨ/ー/ニ/ /YouTube/デ/ /ドー/ガ/ヲ/ /カン/タン/ニ/ /キョー/ユー/ /デ/キ/ル/ /ジ/ダイ/カ/ラ/ワ/ /ソー/ゾー/モ/ /ツ/カ/ナ/イ/ヨ/ネ/。
で、バイナリファイルを送受信するためには、XMODEMやYMODEM、ZMODEMといったプロトコルが使われていて、これらはエラー訂正機能も備えていたから、当時の通信環境の不安定さを考慮した工夫がされていたんだよね。	デ/、/バ/イ/ナ/リ/ /ファ/イ/ル/ヲ/ /ソー/ジュ/シン/ /ス/ル/ /タ/メ/ニ/ワ/、/MMODEM/ヤ/ /YMODEM/、/ZMODEM/ト/ /イ/ッ/タ/ /プ/ロ/ト/コ/ル/ガ/ /ツカ/ワ/レ/テ/ /イ/テ/、/コ/レ/ラ/ワ/ /エ/ラ/ー/ /テイ/セイ/ /キ/ノー/モ/ /ソナ/エ/テ/ /イ/タ/カ/ラ/、/トー/ジ/ノ/ /ツー/シン/ /カン/キョー/ノ/ /フ/アン/テイ/サ/ヲ/ /コー/リョ/ /シ/タ/ /ク/フー/ガ/ /サ/レ/テ/ /イ/タ/ン/ダ/ヨ/ネ/。
バイナリをテキストにエンコードしたものを送受信するための方法もあって、例えばUUencodeやBase64といったエンコード方式が使われていたんだよね。これらは、テキストベースの通信環境でバイナリデータを扱うための工夫だったんだ。	バ/イ/ナ/リ/ヲ/ /テ/キ/ス/ト/ニ/ /エ/ン/コ/ー/ド/ /シ/タ/ /モ/ノ/ヲ/ /ソー/ジュ/シン/ /ス/ル/ /タ/メ/ノ/ /ホー/ホー/モ/ /ア/ッ/テ/、/タト/エ/バ/ /UUencode/ヤ/ /Base64/ト/ /イ/ッ/タ/ /エ/ン/コ/ー/ド/ /ホー/シキ/ガ/ /ツカ/ワ/レ/テ/ /イ/タ/ン/ダ/ヨ/ネ/。/コ/レ/ラ/ワ/、/テ/キ/ス/ト/ /ベ/ー/ス/ノ/ /ツー/シン/ /カン/キョー/デ/ /バ/イ/ナ/リ/ /デ/ー/タ/ヲ/ /アツカ/ウ/ /タ/メ/ノ/ /ク/フー/ダ/ッ/タ/ン/ダ/。
ファイルを魚偏のついた文字にエンコードするっていう冗談エンコーダがあってね。虫偏の文字もあったりして、当時のネットユーザーの遊び心が感じられる面白い文化だったんだよね。今ではすっかり見かけなくなったけど、あれも一種のノスタルジーだよね。	ファ/イ/ル/ヲ/ /サカナ/ヘン/ノ/ /ツ/イ/タ/ /モ/ジ/ニ/ /エ/ン/コ/ー/ド/ /ス/ル/ッ/テ/ /イ/ウ/ /ジョー/ダン/ /エ/ン/コ/ー/ダ/ガ/ /ア/ッ/テ/ネ/。/ムシ/ヘン/ノ/ /モ/ジ/モ/ /ア/ッ/タ/リ/ /シ/テ/、/トー/ジ/ノ/ /ネ/ッ/ト/ /ユ/ー/ザ/ー/ノ/ /アソ/ビ/ゴコロ/ガ/ /カン/ジ/ラ/レ/ル/ /オモ/シロ/イ/ /ブン/カ/ダ/ッ/タ/ン/ダ/ヨ/ネ/。/イマ/デ/ワ/ /ス/ッ/カ/リ/ /ミ/カ/ケ/ナ/ク/ /ナ/ッ/タ/ケ/ド/、/ア/レ/モ/ /イッ/シュ/ノ/ /ノ/ス/タ/ル/ジ/ー/ダ/ヨ/ネ/。
残ったのはBASE64エンコードだけで、今でもメールの添付ファイルやHTTPの認証ヘッダなどで広く使われているんだよね。あの頃の通信技術が今のインターネットの基礎を築いていたんだなあって、改めて感慨深いよね。	ノコ/ッ/タ/ノ/ワ/ /BASE64/ /エ/ン/コ/ー/ド/ダ/ケ/デ/、/イマ/デ/モ/ /メ/ー/ル/ノ/ /テン/プ/ /ファ/イ/ル/ヤ/ /HTTP/ノ/ /ニン/ショー/ /ヘ/ッ/ダ/ナ/ド/デ/ /ヒロ/ク/ /ツカ/ワ/レ/テ/ /イ/ル/ン/ダ/ヨ/ネ/。/ア/ノ/ /コロ/ノ/ /ツー/シン/ /ギ/ジュツ/ガ/ /イマ/ノ/ /イ/ン/タ/ー/ /ネ/ッ/ト/ノ/ /キ/ソ/ヲ/ /キズ/イ/テ/ /イ/タ/ン/ダ/ナ/ア/ッ/テ/、/アラタ/メ/テ/ /カン/ガイ/ブカ/イ/ヨ/ネ/。
ベートーヴェンの交響曲第九番は、作曲家が完全に聴力を失った状態で書き上げた傑作であり、第四楽章の「歓喜の歌」は現在もEUの歌として採用されている不朽の名作である。	ベ/ー/ト/ー/ヴェ/ン/ノ/ /コー/キョー/キョク/ /ダイ/9/バン/ワ/、/サッ/キョク/カ/ガ/ /カン/ゼン/ニ/ /チョー/リョク/ヲ/ /ウシナ/ッ/タ/ /ジョー/タイ/デ/ /カ/キ/ア/ゲ/タ/ /ケッ/サク/デ/ /ア/リ/、/ダイ/4/ /ガク/ショー/ノ/ /「/カン/キ/ノ/ /ウタ/」/ワ/ /ゲン/ザイ/モ/ /EU/ノ/ /ウタ/ト/ /シ/テ/ /サイ/ヨー/ /サ/レ/テ/ /イ/ル/ /フ/キュー/ノ/ /メイ/サク/デ/ /ア/ル/。
バッハは対位法を極限まで洗練させたバロック時代の巨匠であり、フーガの技法や平均律クラヴィーア曲集は音楽理論の教材として現代においても広く用いられている作品群である。	バ/ッ/ハ/ワ/ /タイ/イ/ホー/ヲ/ /キョク/ゲン/マ/デ/ /セン/レン/ /サ/セ/タ/ /バ/ロ/ッ/ク/ /ジ/ダイ/ノ/ /キョ/ショー/デ/ /ア/リ/、/フ/ー/ガ/ノ/ /ギ/ホー/ヤ/ /ヘイ/キン/リツ/ /ク/ラ/ヴィ/ー/ア/ /キョク/シュー/ワ/ /オン/ガク/ /リ/ロン/ノ/ /キョー/ザイ/ト/ /シ/テ/ /ゲン/ダイ/ニ/ /オ/イ/テ/モ/ /ヒロ/ク/ /モチ/イ/ラ/レ/テ/ /イ/ル/ /サク/ヒン/グン/デ/ /ア/ル/。
モーツァルトは神童と称され、幼少期からヨーロッパ各地で演奏旅行を行った天才作曲家であり、その生涯に残した六百曲以上の作品は古典派音楽の頂点として敬われている。	モ/ー/ツァ/ル/ト/ワ/ /シン/ドー/ト/ /ショー/サ/レ/、/ヨー/ショー/キ/カ/ラ/ /ヨ/ー/ロ/ッ/パ/ /カク/チ/デ/ /エン/ソー/ /リョ/コー/ヲ/ /オコナ/ッ/タ/ /テン/サイ/ /サッ/キョク/カ/デ/ /ア/リ/、/ソ/ノ/ /ショー/ガイ/ニ/ /ノコ/シ/タ/ /6/00/キョク/ /イ/ジョー/ノ/ /サク/ヒン/ワ/ /コ/テン/ハ/ /オン/ガク/ノ/ /チョー/テン/ト/ /シ/テ/ /ウヤマ/ワ/レ/テ/ /イ/ル/。
ソナタ形式とは、提示部・発展部・再現部の三部構造からなる楽曲構成法であり、古典派からロマン派にかけての交響曲や室内楽において中心的な形式として用いられてきた。	ソ/ナ/タ/ /ケイ/シキ/ト/ワ/、/テイ/ジ/ブ/・/ハッ/テン/ブ/・/サイ/ゲン/ブ/ノ/ /3/ブ/ /コー/ゾー/カ/ラ/ /ナ/ル/ /ガッ/キョク/ /コー/セイ/ホー/デ/ /ア/リ/、/コ/テン/ハ/カ/ラ/ /ロ/マ/ン/ハ/ニ/ /カ/ケ/テ/ノ/ /コー/キョー/キョク/ヤ/ /シツ/ナイ/ガク/ニ/ /オ/イ/テ/ /チュー/シン/テキ/ナ/ /ケイ/シキ/ト/ /シ/テ/ /モチ/イ/ラ/レ/テ/ /キ/タ/。
ショパンはピアノという楽器の可能性を極限まで引き出した作曲家であり、夜想曲やバラード、マズルカなど詩情あふれる作品を数多く残したポーランドが誇る音楽の天才である。	ショ/パ/ン/ワ/ /ピ/ア/ノ/ト/ /イ/ウ/ /ガッ/キ/ノ/ /カ/ノー/セイ/ヲ/ /キョク/ゲン/マ/デ/ /ヒ/キ/ダ/シ/タ/ /サッ/キョク/カ/デ/ /ア/リ/、/ヤ/ソー/キョク/ヤ/ /バ/ラ/ー/ド/、/マ/ズ/ル/カ/ナ/ド/ /シ/ジョー/ /ア/フ/レ/ル/ /サク/ヒン/ヲ/ /カズ/ /オオ/ク/ /ノコ/シ/タ/ /ポ/ー/ラ/ン/ド/ガ/ /ホコ/ル/ /オン/ガク/ノ/ /テン/サイ/デ/ /ア/ル/。
交響曲とは管弦楽のために書かれた大規模な多楽章形式の楽曲であり、ハイドンによって確立された形式をベートーヴェンが劇的に拡大し近代音楽への道を切り開いた重要な様式である。	コー/キョー/キョク/ト/ワ/ /カン/ゲン/ガク/ノ/ /タ/メ/ニ/ /カ/カ/レ/タ/ /ダイ/キ/ボ/ナ/ /タ/ガク/ショー/ /ケイ/シキ/ノ/ /ガッ/キョク/デ/ /ア/リ/、/ハ/イ/ド/ン/ニ/ /ヨ/ッ/テ/ /カク/リツ/ /サ/レ/タ/ /ケイ/シキ/ヲ/ /ベ/ー/ト/ー/ヴェ/ン/ガ/ /ゲキ/テキ/ニ/ /カク/ダイ/ /シ/ /キン/ダイ/ /オン/ガク/エ/ノ/ /ミチ/ヲ/ /キ/リ/ヒラ/イ/タ/ /ジュー/ヨー/ナ/ /ヨー/シキ/デ/ /ア/ル/。
弦楽四重奏とは第一・第二ヴァイオリン、ヴィオラ、チェロの四つの弦楽器による室内楽編成であり、ハイドンが形式を確立した最も格調高い室内楽ジャンルのひとつである。	ゲン/ガク/ /4/ジュー/ソー/ト/ワ/ /ダイ/1/・/ダイ/2/ /ヴァ/イ/オ/リ/ン/、/ヴィ/オ/ラ/、/チェ/ロ/ノ/ /ヨッ/ツ/ノ/ /ゲン/ガッ/キ/ニ/ /ヨ/ル/ /シツ/ナイ/ガク/ /ヘン/セイ/デ/ /ア/リ/、/ハ/イ/ド/ン/ガ/ /ケイ/シキ/ヲ/ /カク/リツ/ /シ/タ/ /モット/モ/ /カク/チョー/ /タカ/イ/ /シツ/ナイ/ガク/ /ジャ/ン/ル/ノ/ /ヒ/ト/ツ/デ/ /ア/ル/。
ドヴォルザークの交響曲第九番「新世界より」は、作曲家がアメリカ在住中に書いた作品であり、アメリカの民謡や黒人霊歌の要素を取り込んだ親しみやすい旋律が世界中で愛されている。	ド/ヴォ/ル/ザ/ー/ク/ノ/ /コー/キョー/キョク/ /ダイ/9/バン/ /「/シン/セ/カイ/ヨ/リ/」/ワ/、/サッ/キョク/カ/ガ/ /ア/メ/リ/カ/ /ザイ/ジュー/チュー/ニ/ /カ/イ/タ/ /サク/ヒン/デ/ /ア/リ/、/ア/メ/リ/カ/ノ/ /ミン/ヨー/ヤ/ /コク/ジン/ /レイ/カ/ノ/ /ヨー/ソ/ヲ/ /ト/リ/コ/ン/ダ/ /シタ/シ/ミ/ /ヤ/ス/イ/ /セン/リツ/ガ/ /セ/カイ/ジュー/デ/ /アイ/サ/レ/テ/ /イ/ル/。
ブラームスはベートーヴェンの伝統を継承しつつ深みのあるロマン主義的音楽を作り上げた作曲家であり、四曲の交響曲はいずれも緻密な構成と豊かな感情表現で知られている。	ブ/ラ/ー/ム/ス/ワ/ /ベ/ー/ト/ー/ヴェ/ン/ノ/ /デン/トー/ヲ/ /ケイ/ショー/ /シ/ツ/ツ/ /フカ/ミ/ノ/ /ア/ル/ /ロ/マ/ン/ /シュ/ギ/テキ/ /オン/ガク/ヲ/ /ツク/リ/ア/ゲ/タ/ /サッ/キョク/カ/デ/ /ア/リ/、/4/キョク/ノ/ /コー/キョー/キョク/ワ/ /イ/ズ/レ/モ/ /チ/ミツ/ナ/ /コー/セイ/ト/ /ユタ/カ/ナ/ /カン/ジョー/ /ヒョー/ゲン/デ/ /シ/ラ/レ/テ/ /イ/ル/。
チャイコフスキーのバレエ音楽「白鳥の湖」は、優美な旋律と精巧なオーケストレーションで世界中の聴衆を魅了しており、クラシックバレエの最高傑作として名高い作品である。	チャ/イ/コ/フ/ス/キ/ー/ノ/ /バ/レ/エ/ /オン/ガク/ /「/ハク/チョー/ノ/ /ミズウミ/」/ワ/、/ユー/ビ/ナ/ /セン/リツ/ト/ /セイ/コー/ナ/ /オ/ー/ケ/ス/ト/レ/ー/ショ/ン/デ/ /セ/カイ/ジュー/ノ/ /チョー/シュー/ヲ/ /ミ/リョー/ /シ/テ/ /オ/リ/、/ク/ラ/シ/ッ/ク/ /バ/レ/エ/ノ/ /サイ/コー/ /ケッ/サク/ト/ /シ/テ/ /ナ/ダカ/イ/ /サク/ヒン/デ/ /ア/ル/。
リストはピアノという楽器の技術的限界を塗り替えた十九世紀最大のヴィルトゥオーゾであり、交響詩という新しい管弦楽形式を創出した革新的な作曲家でもある。	リ/ス/ト/ワ/ /ピ/ア/ノ/ト/ /イ/ウ/ /ガッ/キ/ノ/ /ギ/ジュツ/テキ/ /ゲン/カイ/ヲ/ /ヌ/リ/カ/エ/タ/ /1/9/セイ/キ/ /サイ/ダイ/ノ/ /ヴィ/ル/トゥ/オ/ー/ゾ/デ/ /ア/リ/、/コー/キョー/シ/ト/ /イ/ウ/ /アタラ/シ/イ/ /カン/ゲン/ガク/ /ケイ/シキ/ヲ/ /ソー/シュツ/ /シ/タ/ /カク/シン/テキ/ナ/ /サッ/キョク/カ/デ/モ/ /ア/ル/。
オーケストラの通常の編成は弦楽器・木管楽器・金管楽器・打楽器の四つのセクションから構成されており、現代のフル編成では百人を超える演奏家が参加する場合もある。	オ/ー/ケ/ス/ト/ラ/ノ/ /ツー/ジョー/ノ/ /ヘン/セイ/ワ/ /ゲン/ガッ/キ/・/モッ/カン/ /ガッ/キ/・/キン/カン/ /ガッ/キ/・/ダ/ガッ/キ/ノ/ /ヨッ/ツ/ノ/ /セ/ク/ショ/ン/カ/ラ/ /コー/セイ/ /サ/レ/テ/ /オ/リ/、/ゲン/ダイ/ノ/ /フ/ル/ヘン/セイ/デ/ワ/ /100/ニン/ヲ/ /コ/エ/ル/ /エン/ソー/カ/ガ/ /サン/カ/ /ス/ル/ /バ/アイ/モ/ /ア/ル/。
シューベルトは三十一年という短い生涯に六百曲以上の歌曲を残した作曲家であり、「魔王」や「冬の旅」は歌曲の芸術的水準を決定的に高めた重要な作品として知られている。	シュ/ー/ベ/ル/ト/ワ/ /3/_/1/ネン/ト/ /イ/ウ/ミジカ/イ/ /ショー/ガイ/ニ/ /6/00/ /キョク/ /イ/ジョー/ノ/ /カ/キョク/ヲ/ /ノコ/シ/タ/ /サッ/キョク/カ/デ/ /ア/リ/、/「/マ/オー/」/ヤ/ /「/フユ/ノ/ /タビ/」/ワ/ /カ/キョク/ノ/ /ゲイ/ジュツ/テキ/ /スイ/ジュン/ヲ/ /ケッ/テイ/テキ/ニ/ /タカ/メ/タ/ /ジュー/ヨー/ナ/ /サク/ヒン/ト/ /シ/テ/ /シ/ラ/レ/テ/ /イ/ル/。
対位法とは複数の独立した旋律を同時に組み合わせる作曲技法であり、バロック時代に頂点を迎え、バッハのフーガにおいて最も精緻な形で体現された音楽の根本的な技術である。	タイ/イ/ホー/ト/ワ/ /フク/スー/ノ/ /ドク/リツ/ /シ/タ/ /セン/リツ/ヲ/ /ドー/ジ/ニ/ /ク/ミ/ア/ワ/セ/ル/ /サッ/キョク/ /ギ/ホー/デ/ /ア/リ/、/バ/ロ/ッ/ク/ /ジ/ダイ/ニ/ /チョー/テン/ヲ/ /ムカ/エ/、/バ/ッ/ハ/ノ/ /フ/ー/ガ/ニ/ /オ/イ/テ/ /モット/モ/ /セイ/チ/ナ/ /カタチ/デ/ /タイ/ゲン/ /サ/レ/タ/ /オン/ガク/ノ/ /コン/ポン/テキ/ナ/ /ギ/ジュツ/デ/ /ア/ル/。
バロック音楽は十七世紀から十八世紀前半にかけて栄えた音楽様式であり、通奏低音の使用や精緻な装飾音が特徴で、バッハやヘンデル、ヴィヴァルディがその代表的存在である。	バ/ロ/ッ/ク/ /オン/ガク/ワ/ /1/7/セイ/キ/カ/ラ/ /1/8/セイ/キ/ /ゼン/ハン/ニ/ /カ/ケ/テ/ /サカ/エ/タ/ /オン/ガク/ /ヨー/シキ/デ/ /ア/リ/、/ツー/ソー/ /テイ/オン/ノ/ /シ/ヨー/ヤ/ /セイ/チ/ナ/ /ソー/ショク/オン/ガ/ /トク/チョー/デ/、/バ/ッ/ハ/ヤ/ /ヘ/ン/デ/ル/、/ヴィ/ヴァ/ル/ディ/ガ/ /ソ/ノ/ /ダイ/ヒョー/テキ/ /ソン/ザイ/デ/ /ア/ル/。
ワーグナーは楽劇という総合芸術形式を提唱し、音楽・詩・演劇・舞台美術を一体化させることで従来のオペラの概念を根本から変革したドイツ楽劇の巨匠である。	ワ/ー/グ/ナ/ー/ワ/ /ガク/ゲキ/ト/ /イ/ウ/ /ソー/ゴー/ /ゲイ/ジュツ/ /ケイ/シキ/ヲ/ /テイ/ショー/ /シ/、/オン/ガク/・/シ/・/エン/ゲキ/・/ブ/タイ/ /ビ/ジュツ/ヲ/ /イッ/タイ/カ/ /サ/セ/ル/ /コ/ト/デ/ /ジュー/ライ/ノ/ /オ/ペ/ラ/ノ/ /ガイ/ネン/ヲ/ /コン/ポン/カ/ラ/ /ヘン/カク/ /シ/タ/ /ド/イ/ツ/ /ガク/ゲキ/ノ/ /キョ/ショー/デ/ /ア/ル/。
ヴィヴァルディのヴァイオリン協奏曲集「四季」は、春夏秋冬の情景を音楽で描写した標題音楽の先駆的作品であり、バロック音楽の中で今日最も広く聴かれる作品のひとつである。	ヴィ/ヴァ/ル/ディ/ノ/ /ヴァ/イ/オ/リ/ン/ /キョー/ソー/キョク/シュー/ /「/4/キ/」/ワ/、/シュン/カ/ /シュー/トー/ノ/ /ジョー/ケイ/ヲ/ /オン/ガク/デ/ /ビョー/シャ/ /シ/タ/ /ヒョー/ダイ/ /オン/ガク/ノ/ /セン/ク/テキ/ /サク/ヒン/デ/ /ア/リ/、/バ/ロ/ッ/ク/ /オン/ガク/ノ/ /ナカ/デ/ /コン/ニチ/ /モット/モ/ /ヒロ/ク/ /キ/カ/レ/ル/ /サク/ヒン/ノ/ /ヒ/ト/ツ/デ/ /ア/ル/。
調性音楽とは長調または短調いずれかの中心音を軸にして音楽が構成されるシステムであり、十七世紀から二十世紀初頭にかけての西洋音楽の基盤を形成した音楽理論体系である。	チョー/セイ/ /オン/ガク/ト/ワ/ /チョー/チョー/ /マ/タ/ワ/ /タン/チョー/ /イ/ズ/レ/カ/ノ/ /チュー/シン/オン/ヲ/ /ジク/ニ/ /シ/テ/ /オン/ガク/ガ/ /コー/セイ/ /サ/レ/ル/ /シ/ス/テ/ム/デ/ /ア/リ/、/1/7/セイ/キ/カ/ラ/ /2/0/セイ/キ/ /ショ/トー/ニ/ /カ/ケ/テ/ノ/ /セイ/ヨー/ /オン/ガク/ノ/ /キ/バン/ヲ/ /ケイ/セイ/ /シ/タ/ /オン/ガク/ /リ/ロン/ /タイ/ケイ/デ/ /ア/ル/。
十二音音楽はシェーンベルクが考案した作曲技法であり、オクターブ内の十二の音すべてを平等に扱うことで調性を解体し、二十世紀前衛音楽に多大な影響を与えた革命的手法である。	1/2/オン/ /オン/ガク/ワ/ /シェ/ー/ン/ベ/ル/ク/ガ/ /コー/アン/ /シ/タ/ /サッ/キョク/ /ギ/ホー/デ/ /ア/リ/、/オ/ク/タ/ー/ブ/ナイ/ノ/ /1/2/ノ/ /オト/ /ス/ベ/テ/ヲ/ /ビョー/ドー/ニ/ /アツカ/ウ/ /コ/ト/デ/ /チョー/セイ/ヲ/ /カイ/タイ/ /シ/、/2/0/セイ/キ/ /ゼン/エイ/ /オン/ガク/ニ/ /タ/ダイ/ナ/ /エイ/キョー/ヲ/ /アタ/エ/タ/ /カク/メイ/テキ/ /シュ/ホー/デ/ /ア/ル/。
ドビュッシーは印象主義音楽の旗手として知られる作曲家であり、全音音階や平行和音を駆使した色彩感豊かなピアノ曲「月の光」や管弦楽曲「海」が代表作として名高い。	ド/ビュ/ッ/シ/ー/ワ/ /イン/ショー/ /シュ/ギ/ /オン/ガク/ノ/ /キ/シュ/ト/ /シ/テ/ /シ/ラ/レ/ル/ /サッ/キョク/カ/デ/ /ア/リ/、/ゼン/オン/ /オン/カイ/ヤ/ /ヘイ/コー/ /ワ/オン/ヲ/ /ク/シ/ /シ/タ/ /シキ/サイ/カン/ /ユタ/カ/ナ/ /ピ/ア/ノ/ /キョク/ /「/ツキ/ノ/ /ヒカリ/」/ヤ/ /カン/ゲン/ /ガッ/キョク/ /「/ウミ/」/ガ/ /ダイ/ヒョー/サク/ト/ /シ/テ/ /ナ/ダカ/イ/。
カデンツァとは協奏曲において独奏楽器が技巧を披露するための即興的な独奏箇所のことであり、古典派では作曲家が譜面を書き残さず演奏者が即興で演奏する慣例があった。	カ/デ/ン/ツァ/ト/ワ/ /キョー/ソー/キョク/ニ/ /オ/イ/テ/ /ドク/ソー/ /ガッ/キ/ガ/ /ギ/コー/ヲ/ /ヒ/ロー/ /ス/ル/ /タ/メ/ノ/ /ソッ/キョー/テキ/ナ/ /ドク/ソー/ /カ/ショ/ノ/ /コ/ト/デ/ /ア/リ/、/コ/テン/ハ/デ/ワ/ /サッ/キョク/カ/ガ/ /フ/メン/ヲ/ /カ/キ/ノコ/サ/ズ/ /エン/ソー/シャ/ガ/ /ソッ/キョー/デ/ /エン/ソー/ /ス/ル/ /カン/レイ/ガ/ /ア/ッ/タ/。
ブルックナーの交響曲は壮大なスケールと反復する構造的展開が特徴であり、オルガン奏者としての背景が音楽に反映されているとともに信仰心の深さも作品に色濃く表れている。	ブ/ル/ッ/ク/ナ/ー/ノ/ /コー/キョー/キョク/ワ/ /ソー/ダイ/ナ/ /ス/ケ/ー/ル/ト/ /ハン/プク/ /ス/ル/ /コー/ゾー/テキ/ /テン/カイ/ガ/ /トク/チョー/デ/ /ア/リ/、/オ/ル/ガ/ン/ /ソー/シャ/ト/ /シ/テ/ノ/ /ハイ/ケイ/ガ/ /オン/ガク/ニ/ /ハン/エイ/ /サ/レ/テ/ /イ/ル/ト/ /ト/モ/ニ/ /シン/コー/シン/ノ/ /フカ/サ/モ/ /サク/ヒン/ニ/ /イロ/ /コ/ク/ /アラワ/レ/テ/ /イ/ル/。
ハイドンは百四曲の交響曲と六十曲を超える弦楽四重奏を書いた多作な作曲家であり、古典派の形式を確立したことから「交響曲の父」「弦楽四重奏の父」と称せられている。	ハ/イ/ド/ン/ワ/ /10/4/キョク/ノ/ /コー/キョー/キョク/ト/ /6/0/キョク/ヲ/ /コ/エ/ル/ /ゲン/ガク/ /4/ジュー/ソー/ヲ/ /カ/イ/タ/ /タ/サク/ナ/ /サッ/キョク/カ/デ/ /ア/リ/、/コ/テン/ハ/ノ/ /ケイ/シキ/ヲ/ /カク/リツ/ /シ/タ/ /コ/ト/カ/ラ/ /「/コー/キョー/キョク/ノ/ /チチ/」/ /「/ゲン/ガク/ /4/ジュー/ソー/ノ/ /チチ/」/ト/ /ショー/セ/ラ/レ/テ/ /イ/ル/。
ピアノコンチェルトとはピアノ独奏とオーケストラが協演する楽曲形式であり、モーツァルトが二十七曲、ベートーヴェンが五曲の傑作を残した協奏曲ジャンルの中心的存在である。	ピ/ア/ノ/ /コ/ン/チェ/ル/ト/ト/ワ/ /ピ/ア/ノ/ /ドク/ソー/ト/ /オ/ー/ケ/ス/ト/ラ/ガ/ /キョー/エン/ /ス/ル/ /ガッ/キョク/ /ケイ/シキ/デ/ /ア/リ/、/モ/ー/ツァ/ル/ト/ガ/ /2/_/7/キョク/、/ベ/ー/ト/ー/ヴェ/ン/ガ/ /5/キョク/ノ/ /ケッ/サク/ヲ/ /ノコ/シ/タ/ /キョー/ソー/キョク/ /ジャ/ン/ル/ノ/ /チュー/シン/テキ/ /ソン/ザイ/デ/ /ア/ル/。
グリーグはノルウェーの民族音楽に根ざした旋律を西洋の古典的形式と融合させた作曲家であり、ピアノ協奏曲イ短調とペール・ギュント組曲が特に広く親しまれている作品である。	グ/リ/ー/グ/ワ/ /ノ/ル/ウェ/ー/ノ/ /ミン/ゾク/ /オン/ガク/ニ/ /ネ/ザ/シ/タ/ /セン/リツ/ヲ/ /セイ/ヨー/ノ/ /コ/テン/テキ/ /ケイ/シキ/ト/ /ユー/ゴー/ /サ/セ/タ/ /サッ/キョク/カ/デ/ /ア/リ/、/ピ/ア/ノ/ /キョー/ソー/キョク/ /イ/タン/チョー/ト/ /ペ/ー/ル/・/ギュ/ン/ト/ /クミ/キョク/ガ/ /トク/ニ/ /ヒロ/ク/ /シタ/シ/マ/レ/テ/ /イ/ル/ /サク/ヒン/デ/ /ア/ル/。
フーガとは一つの主題を複数の声部が追いかけるように展開していく対位法的音楽形式であり、バッハの「フーガの技法」はその形式的可能性を極限まで追求した集大成的作品である。	フ/ー/ガ/ト/ワ/ /ヒト/ツ/ノ/ /シュ/ダイ/ヲ/ /フク/スー/ノ/ /セイ/ブ/ガ/ /オ/イ/カ/ケ/ル/ヨ/ー/ニ/ /テン/カイ/ /シ/テ/ /イ/ク/ /タイ/イ/ホー/テキ/ /オン/ガク/ /ケイ/シキ/デ/ /ア/リ/、/バ/ッ/ハ/ノ/ /「/フ/ー/ガ/ノ/ /ギ/ホー/」/ワ/ /ソ/ノ/ /ケイ/シキ/テキ/ /カ/ノー/セイ/ヲ/ /キョク/ゲン/マ/デ/ /ツイ/キュー/ /シ/タ/ /シュー/タイ/セイ/テキ/ /サク/ヒン/デ/ /ア/ル/。
マーラーの交響曲は各曲が一時間を超えることも多い大規模な作品であり、人間の実存や宇宙的テーマを音楽で探求した後期ロマン派の頂点に位置する精神的な問いかけである。	マ/ー/ラ/ー/ノ/ /コー/キョー/キョク/ワ/ /カク/ /キョク/ガ/ /1/ジ/カン/ヲ/ /コ/エ/ル/ /コ/ト/モ/ /オオ/イ/ /ダイ/キ/ボ/ナ/ /サク/ヒン/デ/ /ア/リ/、/ニン/ゲン/ノ/ /ジツ/ゾン/ヤ/ /ウ/チュー/テキ/ /テ/ー/マ/ヲ/ /オン/ガク/デ/ /タン/キュー/ /シ/タ/ /コー/キ/ /ロ/マ/ン/ハ/ノ/ /チョー/テン/ニ/ /イ/チ/ /ス/ル/ /セイ/シン/テキ/ナ/ /ト/イ/カ/ケ/デ/ /ア/ル/。
ムソルグスキーの「展覧会の絵」は友人の絵画展をめぐる印象をピアノ曲として描いた組曲であり、後にラヴェルが施した管弦楽編曲版が今日では特に広く演奏されている作品である。	ム/ソ/ル/グ/ス/キ/ー/ノ/ /「/テン/ラン/カイ/ノ/ /エ/」/ワ/ /ユー/ジン/ノ/ /カイ/ガ/テン/ヲ/ /メ/グ/ル/ /イン/ショー/ヲ/ /ピ/ア/ノ/キョク/ト/ /シ/テ/ /エガ/イ/タ/ /クミ/キョク/デ/ /ア/リ/、/アト/ニ/ /ラ/ヴェ/ル/ガ/ /ホドコ/シ/タ/ /カン/ゲン/ガク/ /ヘン/キョク/バン/ガ/ /コン/ニチ/デ/ワ/ /トク/ニ/ /ヒロ/ク/ /エン/ソー/ /サ/レ/テ/ /イ/ル/ /サク/ヒン/デ/ /ア/ル/。
ベルリオーズの「幻想交響曲」は固定楽想と呼ばれる反復する主題を用いて一人の芸術家の夢と幻覚を描いた標題音楽の先駆的傑作であり、ロマン派音楽の出発点ともいわれる。	ベ/ル/リ/オ/ー/ズ/ノ/ /「/ゲン/ソー/ /コー/キョー/キョク/」/ワ/ /コ/テイ/ /ガク/ソー/ト/ /ヨ/バ/レ/ル/ /ハン/プク/ /ス/ル/ /シュ/ダイ/ヲ/ /モチ/イ/テ/ /ヒト/リ/ノ/ /ゲイ/ジュツ/カ/ノ/ /ユメ/ト/ /ゲン/カク/ヲ/ /エガ/イ/タ/ /ヒョー/ダイ/ /オン/ガク/ノ/ /セン/ク/テキ/ /ケッ/サク/デ/ /ア/リ/、/ロ/マ/ン/ハ/ /オン/ガク/ノ/ /シュッ/パツ/テン/ト/モ/ /イ/ワ/レ/ル/。
バッハの「マタイ受難曲」はキリストの受難を描いた超大作であり、二重合唱と二重管弦楽という壮大な編成で書かれた宗教音楽の最高傑作のひとつとして高く評価されている。	バ/ッ/ハ/ノ/ /「/マ/タ/イ/ /ジュ/ナン/キョク/」/ワ/ /キ/リ/ス/ト/ノ/ /ジュ/ナン/ヲ/ /エガ/イ/タ/ /チョー/タイ/サク/デ/ /ア/リ/、/2/ジュー/ /ガッ/ショー/ト/ /2/ジュー/ /カン/ゲン/ガク/ト/ /イ/ウ/ /ソー/ダイ/ナ/ /ヘン/セイ/デ/ /カ/カ/レ/タ/ /シュー/キョー/ /オン/ガク/ノ/ /サイ/コー/ /ケッ/サク/ノ/ /ヒ/ト/ツ/ト/ /シ/テ/ /タカ/ク/ /ヒョー/カ/ /サ/レ/テ/ /イ/ル/。
テンポとは音楽における演奏速度のことであり、アレグロやアンダンテなどのイタリア語による指示が楽譜に記され、演奏者はそれを参考に表現を決定するための重要な指標である。	テ/ン/ポ/ト/ワ/ /オン/ガク/ニ/ /オ/ケ/ル/ /エン/ソー/ /ソク/ド/ノ/ /コ/ト/デ/ /ア/リ/、/ア/レ/グ/ロ/ヤ/ /ア/ン/ダ/ン/テ/ナ/ド/ノ/ /イ/タ/リ/ア/ゴ/ニ/ /ヨ/ル/ /シ/ジ/ガ/ /ガク/フ/ニ/ /シル/サ/レ/、/エン/ソー/シャ/ワ/ /ソ/レ/ヲ/ /サン/コー/ニ/ /ヒョー/ゲン/ヲ/ /ケッ/テイ/ /ス/ル/ /タ/メ/ノ/ /ジュー/ヨー/ナ/ /シ/ヒョー/デ/ /ア/ル/。
コンチェルト・グロッソはバロック時代の合奏協奏曲形式であり、小編成のソロ群と大編成の合奏部が対比的に演奏する構造を持ち、ヘンデルやコレッリが多くの傑作を残している。	コ/ン/チェ/ル/ト/・/グ/ロ/ッ/ソ/ワ/ /バ/ロ/ッ/ク/ /ジ/ダイ/ノ/ /ガッ/ソー/ /キョー/ソー/キョク/ /ケイ/シキ/デ/ /ア/リ/、/ショー/ヘン/セイ/ノ/ /ソ/ロ/グン/ト/ /ダイ/ヘン/セイ/ノ/ /ガッ/ソー/ブ/ガ/ /タイ/ヒ/テキ/ニ/ /エン/ソー/ /ス/ル/ /コー/ゾー/ヲ/ /モ/チ/、/ヘ/ン/デ/ル/ヤ/ /コ/レ/ッ/リ/ガ/ /オオ/ク/ノ/ /ケッ/サク/ヲ/ /ノコ/シ/テ/ /イ/ル/。
ラフマニノフのピアノ協奏曲第二番はロマン主義的な豊かな旋律と高度な技巧が融合した傑作であり、冒頭の荘厳なピアノの単音連打から始まる導入部は非常に印象的で広く知られている。	ラ/フ/マ/ニ/ノ/フ/ノ/ /ピ/ア/ノ/ /キョー/ソー/キョク/ /ダイ/2/バン/ワ/ /ロ/マ/ン/ /シュ/ギ/テキ/ナ/ /ユタ/カ/ナ/ /セン/リツ/ト/ /コー/ド/ナ/ /ギ/コー/ガ/ /ユー/ゴー/ /シ/タ/ /ケッ/サク/デ/ /ア/リ/、/ボー/トー/ノ/ /ソー/ゴン/ナ/ /ピ/ア/ノ/ノ/ /タン/オン/ /レン/ダ/カ/ラ/ /ハジ/マ/ル/ /ドー/ニュー/ブ/ワ/ /ヒ/ジョー/ニ/ /イン/ショー/テキ/デ/ /ヒロ/ク/ /シ/ラ/レ/テ/ /イ/ル/。
シュトラウスの「ツァラトゥストラはかく語りき」はニーチェの哲学書にインスパイアされた交響詩であり、荘厳な冒頭部分は映画「2001年宇宙の旅」でも使用された名曲である。	シュ/ト/ラ/ウ/ス/ノ/ /「/ツァ/ラ/トゥ/ス/ト/ラ/ワ/ /カ/ク/ /カタ/リ/キ/」/ワ/ /ニ/ー/チェ/ノ/ /テツ/ガク/ショ/ニ/ /イ/ン/ス/パ/イ/ア/ /サ/レ/タ/ /コー/キョー/シ/デ/ /ア/リ/、/ソー/ゴン/ナ/ /ボー/トー/ /ブ/ブン/ワ/ /エイ/ガ/ /「/2001/ネン/ /ウ/チュー/ノ/ /タビ/」/デ/モ/ /シ/ヨー/ /サ/レ/タ/ /メイ/キョク/デ/ /ア/ル/。
古典派音楽は十八世紀後半に栄えた音楽様式であり、均整のとれた形式美と明快な旋律が特徴で、ハイドン・モーツァルト・ベートーヴェンの三大巨匠によって頂点を極めた時代である。	コ/テン/ハ/ /オン/ガク/ワ/ /1/8/セイ/キ/ /コー/ハン/ニ/ /サカ/エ/タ/ /オン/ガク/ /ヨー/シキ/デ/ /ア/リ/、/キン/セイ/ノ/ /ト/レ/タ/ /ケイ/シキ/ビ/ト/ /メイ/カイ/ナ/ /セン/リツ/ガ/ /トク/チョー/デ/、/ハ/イ/ド/ン/・/モ/ー/ツァ/ル/ト/・/ベ/ー/ト/ー/ヴェ/ン/ノ/ /3/ダイ/ /キョ/ショー/ニ/ /ヨ/ッ/テ/ /チョー/テン/ヲ/ /キワ/メ/タ/ /ジ/ダイ/デ/ /ア/ル/。
フォルテピアノとは現代のピアノの前身にあたる鍵盤楽器であり、モーツァルトやハイドンが作曲当時に想定していた音色は現代のグランドピアノとは大きく異なるものである。	フォ/ル/テ/ /ピ/ア/ノ/ト/ワ/ /ゲン/ダイ/ノ/ /ピ/ア/ノ/ノ/ /ゼン/シン/ニ/ /ア/タ/ル/ /ケン/バン/ /ガッ/キ/デ/ /ア/リ/、/モ/ー/ツァ/ル/ト/ヤ/ /ハ/イ/ド/ン/ガ/ /サッ/キョク/ /トー/ジ/ニ/ /ソー/テイ/ /シ/テ/ /イ/タ/ /ネ/イロ/ワ/ /ゲン/ダイ/ノ/ /グ/ラ/ン/ド/ /ピ/ア/ノ/ト/ワ/ /オオ/キ/ク/ /コト/ナ/ル/ /モ/ノ/デ/ /ア/ル/。
ショスタコーヴィチはソビエト時代を生きた作曲家であり、政治的弾圧と芸術的自由の間で苦悩しながら生み出した十五曲の交響曲は二十世紀音楽の重要な遺産と見なされている。	ショ/ス/タ/コ/ー/ヴィ/チ/ワ/ /ソ/ビ/エ/ト/ /ジ/ダイ/ヲ/ /イ/キ/タ/ /サッ/キョク/カ/デ/ /ア/リ/、/セイ/ジ/テキ/ /ダン/アツ/ト/ /ゲイ/ジュツ/テキ/ /ジ/ユー/ノ/ /アイダ/デ/ /ク/ノー/ /シ/ナ/ガ/ラ/ /ウ/ミ/ダ/シ/タ/ /1/5/キョク/ノ/ /コー/キョー/キョク/ワ/ /2/0/セイ/キ/ /オン/ガク/ノ/ /ジュー/ヨー/ナ/ /イ/サン/ト/ /ミ/ナ/サ/レ/テ/ /イ/ル/。
スメタナの連作交響詩「わが祖国」は故郷ボヘミアの風景と歴史を描いた全六曲の組曲であり、「モルダウ」は大河の流れを描写した旋律の親しみやすさから単独でも演奏される名曲だ。	ス/メ/タ/ナ/ノ/ /レン/サク/ /コー/キョー/シ/ /「/ワ/ガ/ /ソ/コク/」/ワ/ /コ/キョー/ /ボ/ヘ/ミ/ア/ノ/ /フー/ケイ/ト/ /レキ/シ/ヲ/ /エガ/イ/タ/ /ゼン/ /6/キョク/ノ/ /クミ/キョク/デ/ /ア/リ/、/「/モ/ル/ダ/ウ/」/ワ/ /タイ/ガ/ノ/ /ナガ/レ/ヲ/ /ビョー/シャ/ /シ/タ/ /セン/リツ/ノ/ /シタ/シ/ミ/ヤ/ス/サ/カ/ラ/ /タン/ドク/デ/モ/ /エン/ソー/ /サ/レ/ル/ /メイ/キョク/ダ/。
ピッツィカートとは弦楽器において弓を使わず指で弦を弾く奏法のことであり、通常の弓奏法とは異なる軽快で乾いた音色が生まれ作曲家が多彩な表現のために用いる技法である。	ピ/ッ/ツィ/カ/ー/ト/ト/ワ/ /ゲン/ガッ/キ/ニ/ /オ/イ/テ/ /ユミ/ヲ/ /ツカ/ワ/ズ/ /ユビ/デ/ /ゲン/ヲ/ /ハジ/ク/ /ソー/ホー/ノ/ /コ/ト/デ/ /ア/リ/、/ツー/ジョー/ノ/ /ユミ/ /ソー/ホー/ト/ワ/ /コト/ナ/ル/ /ケイ/カイ/デ/ /カワ/イ/タ/ /ネ/イロ/ガ/ /ウ/マ/レ/ /サッ/キョク/カ/ガ/ /タ/サイ/ナ/ /ヒョー/ゲン/ノ/ /タ/メ/ニ/ /モチ/イ/ル/ /ギ/ホー/デ/ /ア/ル/。
ファゴットは木管楽器の中で最も低音域を担当する楽器であり、その独特の柔らかく温かみのある音色はオーケストラの中で重要な低声部を形成している存在感のある楽器である。	ファ/ゴ/ッ/ト/ワ/ /モッ/カン/ /ガッ/キ/ノ/ /ナカ/デ/ /モット/モ/ /テイ/オン/イキ/ヲ/ /タン/トー/ /ス/ル/ /ガッ/キ/デ/ /ア/リ/、/ソ/ノ/ /ドク/トク/ノ/ /ヤワ/ラ/カ/ク/ /アタタ/カ/ミ/ノ/ /ア/ル/ /ネ/イロ/ワ/ /オ/ー/ケ/ス/ト/ラ/ノ/ /ナカ/デ/ /ジュー/ヨー/ナ/ /テイ/セイ/ブ/ヲ/ /ケイ/セイ/ /シ/テ/ /イ/ル/ /ソン/ザイ/カン/ノ/ /ア/ル/ /ガッ/キ/デ/ /ア/ル/。
オラトリオとは宗教的な物語を合唱・独唱・管弦楽で演奏する大規模な声楽作品であり、ヘンデルの「メサイア」はハレルヤコーラスの迫力で最も広く知られるオラトリオの代表作である。	オ/ラ/ト/リ/オ/ト/ワ/ /シュー/キョー/テキ/ナ/ /モノ/ガタリ/ヲ/ /ガッ/ショー/・/ドク/ショー/・/カン/ゲン/ガク/デ/ /エン/ソー/ /ス/ル/ /ダイ/キ/ボ/ナ/ /セイ/ガク/ /サク/ヒン/デ/ /ア/リ/、/ヘ/ン/デ/ル/ノ/ /「/メ/サ/イ/ア/」/ワ/ /ハ/レ/ル/ヤ/ /コ/ー/ラ/ス/ノ/ /ハク/リョク/デ/ /モット/モ/ /ヒロ/ク/ /シ/ラ/レ/ル/ /オ/ラ/ト/リ/オ/ノ/ /ダイ/ヒョー/サク/デ/ /ア/ル/。
ロマン派音楽は十九世紀に隆盛した音楽様式であり、感情の自由な表現、標題音楽の発達、民族主義的傾向の強まりなどを特徴とし古典派の均整美に代わる豊かな個性を追求した。	ロ/マ/ン/ハ/ /オン/ガク/ワ/ /1/9/セイ/キ/ニ/ /リュー/セイ/ /シ/タ/ /オン/ガク/ /ヨー/シキ/デ/ /ア/リ/、/カン/ジョー/ノ/ /ジ/ユー/ナ/ /ヒョー/ゲン/、/ヒョー/ダイ/ /オン/ガク/ノ/ /ハッ/タツ/、/ミン/ゾク/ /シュ/ギ/テキ/ /ケイ/コー/ノ/ /ツヨ/マ/リ/ナ/ド/ヲ/ /トク/チョー/ト/ /シ/ /コ/テン/ハ/ノ/ /キン/セイ/ビ/ニ/ /カ/ワ/ル/ /ユタ/カ/ナ/ /コ/セイ/ヲ/ /ツイ/キュー/ /シ/タ/。
和声法とは複数の音を同時に鳴らす和音の連結と進行を規定する音楽理論であり、西洋音楽の基礎をなす学問として作曲家・演奏家を問わず音楽教育の根幹に位置づけられている。	ワ/セイ/ホー/ト/ワ/ /フク/スー/ノ/ /オト/ヲ/ /ドー/ジ/ニ/ /ナ/ラ/ス/ /ワ/オン/ノ/ /レン/ケツ/ト/ /シン/コー/ヲ/ /キ/テイ/ /ス/ル/ /オン/ガク/ /リ/ロン/デ/ /ア/リ/、/セイ/ヨー/ /オン/ガク/ノ/ /キ/ソ/ヲ/ /ナ/ス/ /ガク/モン/ト/ /シ/テ/ /サッ/キョク/カ/・/エン/ソー/カ/ヲ/ /ト/ワ/ズ/ /オン/ガク/ /キョー/イク/ノ/ /コン/カン/ニ/ /イ/チ/ヅ/ケ/ラ/レ/テ/ /イ/ル/。
ヘンデルの「水上の音楽」は国王ジョージ一世のテムズ川上での行楽のために作曲された組曲であり、屋外演奏を想定した明快で華やかな音楽がバロック時代を代表する作品である。	ヘ/ン/デ/ル/ノ/ /「/スイ/ジョー/ノ/ /オン/ガク/」/ワ/ /コク/オー/ /ジョ/ー/ジ/ /1/セイ/ノ/ /テ/ム/ズ/ガワ/ジョー/デ/ノ/ /コー/ラク/ノ/ /タ/メ/ニ/ /サッ/キョク/ /サ/レ/タ/ /クミ/キョク/デ/ /ア/リ/、/オク/ガイ/ /エン/ソー/ヲ/ /ソー/テイ/ /シ/タ/ /メイ/カイ/デ/ /ハナ/ヤ/カ/ナ/ /オン/ガク/ガ/ /バ/ロ/ッ/ク/ /ジ/ダイ/ヲ/ /ダイ/ヒョー/ /ス/ル/ /サク/ヒン/デ/ /ア/ル/。
チェンバロはピアノと同様の鍵盤を持つが弦を弓でなくプレクトラムで弾く仕組みの楽器であり、バロック時代に通奏低音の中心的存在として広く使われた歴史的鍵盤楽器である。	チェ/ン/バ/ロ/ワ/ /ピ/ア/ノ/ト/ /ドー/ヨー/ノ/ /ケン/バン/ヲ/ /モ/ツ/ガ/ /ゲン/ヲ/ /ユミ/デ/ /ナ/ク/ /プ/レ/ク/ト/ラ/ム/デ/ /ハジ/ク/ /シ/ク/ミ/ノ/ /ガッ/キ/デ/ /ア/リ/、/バ/ロ/ッ/ク/ /ジ/ダイ/ニ/ /ツー/ソー/ /テイ/オン/ノ/ /チュー/シン/テキ/ /ソン/ザイ/ト/ /シ/テ/ /ヒロ/ク/ /ツカ/ワ/レ/タ/ /レキ/シ/テキ/ /ケン/バン/ /ガッ/キ/デ/ /ア/ル/。
サラサーテのヴァイオリン曲「ツィゴイネルワイゼン」は、ロマの音楽に着想を得た超絶技巧の独奏曲であり、演奏者に卓越したテクニックを要求することで知られる華やかな傑作だ。	サ/ラ/サ/ー/テ/ノ/ /ヴァ/イ/オ/リ/ン/ /キョク/ /「/ツィ/ゴ/イ/ネ/ル/ /ワ/イ/ゼ/ン/」/ワ/、/ロ/マ/ノ/ /オン/ガク/ニ/ /チャク/ソー/ヲ/ /エ/タ/ /チョー/ゼツ/ /ギ/コー/ノ/ /ドク/ソー/キョク/デ/ /ア/リ/、/エン/ソー/シャ/ニ/ /タク/エツ/ /シ/タ/ /テ/ク/ニ/ッ/ク/ヲ/ /ヨー/キュー/ /ス/ル/ /コ/ト/デ/ /シ/ラ/レ/ル/ /ハナ/ヤ/カ/ナ/ /ケッ/サク/ダ/。
ゴルトベルク変奏曲はバッハがアリアとその三十の変奏からなる形式で書いたチェンバロ曲であり、グレン・グールドの演奏によって広く再評価された鍵盤音楽の金字塔である。	ゴ/ル/ト/ベ/ル/ク/ /ヘン/ソー/キョク/ワ/ /バ/ッ/ハ/ガ/ /ア/リ/ア/ト/ /ソ/ノ/ /3/0/ノ/ /ヘン/ソー/カ/ラ/ /ナ/ル/ /ケイ/シキ/デ/ /カ/イ/タ/ /チェ/ン/バ/ロ/キョク/デ/ /ア/リ/、/グ/レ/ン/・/グ/ー/ル/ド/ノ/ /エン/ソー/ニ/ /ヨ/ッ/テ/ /ヒロ/ク/ /サイ/ヒョー/カ/ /サ/レ/タ/ /ケン/バン/ /オン/ガク/ノ/ /キン/ジ/トー/デ/ /ア/ル/。
ピアニッシモとは音楽において非常に弱い音量で演奏することを指示するイタリア語の記号であり、フォルティッシモとともに演奏のダイナミクスを表現する重要な音楽用語である。	ピ/ア/ニ/ッ/シ/モ/ト/ワ/ /オン/ガク/ニ/ /オ/イ/テ/ /ヒ/ジョー/ニ/ /ヨワ/イ/ /オン/リョー/デ/ /エン/ソー/ /ス/ル/ /コ/ト/ヲ/ /シ/ジ/ /ス/ル/ /イ/タ/リ/ア/ゴ/ノ/ /キ/ゴー/デ/ /ア/リ/、/フォ/ル/ティ/ッ/シ/モ/ト/ /ト/モ/ニ/ /エン/ソー/ノ/ /ダ/イ/ナ/ミ/ク/ス/ヲ/ /ヒョー/ゲン/ /ス/ル/ /ジュー/ヨー/ナ/ /オン/ガク/ /ヨー/ゴ/デ/ /ア/ル/。
石川啄木の「一握の砂」は、彼の詩集のタイトルであり、短い詩の中に深い感情と鋭い観察を凝縮させた作品群である。啄木は明治時代の詩人であり、その率直な表現と人間味あふれるテーマが多くの読者に共感を呼んでいる。	イシ/カワ/ /タク/ボク/ノ/ /「/イチ/アク/ノ/ /スナ/」/ワ/、/カレ/ノ/ /シ/シュー/ノ/ /タ/イ/ト/ル/デ/ /ア/リ/、/ミジカ/イ/ /シ/ノ/ /ナカ/ニ/ /フカ/イ/ /カン/ジョー/ト/ /スルド/イ/ /カン/サツ/ヲ/ /ギョー/シュク/ /サ/セ/タ/ /サク/ヒン/グン/デ/ /ア/ル/。/タク/ボク/ワ/ /メイ/ジ/ /ジ/ダイ/ノ/ /シ/ジン/デ/ /ア/リ/、/ソ/ノ/ /ソッ/チョク/ナ/ /ヒョー/ゲン/ト/ /ニン/ゲン/ミ/ /ア/フ/レ/ル/ /テ/ー/マ/ガ/ /オオ/ク/ノ/ /ドク/シャ/ニ/ /キョー/カン/ヲ/ /ヨ/ン/デ/ /イ/ル/。
正宗白鳥の「海の霧」は、彼の代表作の一つであり、海をテーマにした詩集のタイトルでもある。白鳥は大正時代の詩人であり、その幻想的なイメージと独特のリズムが特徴的な作品を多く残している。	マサ/ムネ/ /ハク/チョー/ノ/ /「/ウミ/ノ/ /キリ/」/ワ/、/カレ/ノ/ /ダイ/ヒョー/サク/ノ/ /ヒト/ツ/デ/ /ア/リ/、/ウミ/ヲ/ /テ/ー/マ/ニ/ /シ/タ/ /シ/シュー/ノ/ /タ/イ/ト/ル/デ/モ/ /ア/ル/。/ハク/チョー/ワ/ /タイ/ショー/ /ジ/ダイ/ノ/ /シ/ジン/デ/ /ア/リ/、/ソ/ノ/ /ゲン/ソー/テキ/ナ/ /イ/メ/ー/ジ/ト/ /ドク/トク/ノ/ /リ/ズ/ム/ガ/ /トク/チョー/テキ/ナ/ /サク/ヒン/ヲ/ /オオ/ク/ /ノコ/シ/テ/ /イ/ル/。
与謝野晶子の「みだれ髪」は、彼女の代表作の一つであり、恋愛をテーマにした詩集のタイトルでもある。晶子は明治から大正にかけて活躍した女性詩人であり、その情熱的な表現と繊細な感情描写が多くの読者を魅了している。	ヨ/サ/ノ/ /アキ/コ/ノ/ /「/ミ/ダ/レ/ガミ/」/ワ/、/カノ/ジョ/ノ/ /ダイ/ヒョー/サク/ノ/ /ヒト/ツ/デ/ /ア/リ/、/レン/アイ/ヲ/ /テ/ー/マ/ニ/ /シ/タ/ /シ/シュー/ノ/ /タ/イ/ト/ル/デ/モ/ /ア/ル/。/アキ/コ/ワ/ /メイ/ジ/カ/ラ/ /タイ/ショー/ニ/ /カ/ケ/テ/ /カツ/ヤク/ /シ/タ/ /ジョ/セイ/ /シ/ジン/デ/ /ア/リ/、/ソ/ノ/ /ジョー/ネツ/テキ/ナ/ /ヒョー/ゲン/ト/ /セン/サイ/ナ/ /カン/ジョー/ /ビョー/シャ/ガ/ /オオ/ク/ノ/ /ドク/シャ/ヲ/ /ミ/リョー/ /シ/テ/ /イ/ル/。
金子みすゞの「星とたんぽぽ」は、彼女の代表作の一つであり、自然をテーマにした詩集のタイトルでもある。みすゞは大正時代の女性詩人であり、その純粋な感性と優しい言葉遣いが特徴的な作品を多く残している。	カネ/コ/ /ミ/ス/ズ/ノ/ /「/ホシ/ト/ /タ/ン/ポ/ポ/」/ワ/、/カノ/ジョ/ノ/ /ダイ/ヒョー/サク/ノ/ /ヒト/ツ/デ/ /ア/リ/、/シ/ゼン/ヲ/ /テ/ー/マ/ニ/ /シ/タ/ /シ/シュー/ノ/ /タ/イ/ト/ル/デ/モ/ /ア/ル/。/ミ/ス/ズ/ワ/ /タイ/ショー/ /ジ/ダイ/ノ/ /ジョ/セイ/ /シ/ジン/デ/ /ア/リ/、/ソ/ノ/ /ジュン/スイ/ナ/ /カン/セイ/ト/ /ヤサ/シ/イ/ /コト/バ/ヅカ/イ/ガ/ /トク/チョー/テキ/ナ/ /サク/ヒン/ヲ/ /オオ/ク/ /ノコ/シ/テ/ /イ/ル/。
北原白秋の「邪宗門」は、彼の代表作の一つであり、宗教や哲学をテーマにした詩集のタイトルでもある。白秋は大正から昭和にかけて活躍した詩人であり、その独特のリズムと深い思想性が多くの読者に影響を与えている。	キタ/ハラ/ /ハク/シュー/ノ/ /「/ジャ/シュー/モン/」/ワ/、/カレ/ノ/ /ダイ/ヒョー/サク/ノ/ /ヒト/ツ/デ/ /ア/リ/、/シュー/キョー/ヤ/ /テツ/ガク/ヲ/ /テ/ー/マ/ニ/ /シ/タ/ /シ/シュー/ノ/ /タ/イ/ト/ル/デ/モ/ /ア/ル/。/ハク/シュー/ワ/ /タイ/ショー/カ/ラ/ /ショー/ワ/ニ/ /カ/ケ/テ/ /カツ/ヤク/ /シ/タ/ /シ/ジン/デ/ /ア/リ/、/ソ/ノ/ /ドク/トク/ノ/ /リ/ズ/ム/ト/ /フカ/イ/ /シ/ソー/セイ/ガ/ /オオ/ク/ノ/ /ドク/シャ/ニ/ /エイ/キョー/ヲ/ /アタ/エ/テ/ /イ/ル/。
白秋が昭和初期に盲学校の校歌を作詞したという事実はあまり知られていないが、その経緯を研究することは、当時の障害者への教育がどのようなものであったかを知る手がかりになるだろう。	ハク/シュー/ガ/ /ショー/ワ/ /ショ/キ/ニ/ /モー/ガッ/コー/ノ/ /コー/カ/ヲ/ /サク/シ/ /シ/タ/ト/ /イ/ウ/ /ジ/ジツ/ワ/ /ア/マ/リ/ /シ/ラ/レ/テ/ /イ/ナ/イ/ガ/、/ソ/ノ/ /ケイ/イ/ヲ/ /ケン/キュー/ /ス/ル/ /コ/ト/ワ/、/トー/ジ/ノ/ /ショー/ガイ/シャ/エ/ノ/ /キョー/イク/ガ/ /ド/ノ/ヨ/ー/ナ/ /モ/ノ/デ/ /ア/ッ/タ/カ/ヲ/ /シ/ル/ /テ/ガ/カ/リ/ニ/ /ナ/ル/ダ/ロ/ー/。
宮沢賢治の「銀河鉄道の夜」は、彼の代表作の一つであり、ファンタジーをテーマにした童話集のタイトルでもある。賢治は大正から昭和にかけて活躍した児童文学者であり、その豊かな想像力と深い人間愛が多くの読者に愛されている。	ミヤ/ザワ/ /ケン/ジ/ノ/ /「/ギン/ガ/ /テツ/ドー/ノ/ /ヨル/」/ワ/、/カレ/ノ/ /ダイ/ヒョー/サク/ノ/ /ヒト/ツ/デ/ /ア/リ/、/ファ/ン/タ/ジ/ー/ヲ/ /テ/ー/マ/ニ/ /シ/タ/ /ドー/ワ/シュー/ノ/ /タ/イ/ト/ル/デ/モ/ /ア/ル/。/ケン/ジ/ワ/ /タイ/ショー/カ/ラ/ /ショー/ワ/ニ/ /カ/ケ/テ/ /カツ/ヤク/ /シ/タ/ /ジ/ドー/ /ブン/ガク/シャ/デ/ /ア/リ/、/ソ/ノ/ /ユタ/カ/ナ/ /ソー/ゾー/リョク/ト/ /フカ/イ/ /ニン/ゲン/アイ/ガ/ /オオ/ク/ノ/ /ドク/シャ/ニ/ /アイ/サ/レ/テ/ /イ/ル/。
シャボン玉を作詞した野口雨情は、彼の代表作の一つであり、子供の遊びをテーマにした童謡集のタイトルでもある。雨情は大正から昭和にかけて活躍した詩人であり、その軽快なリズムと親しみやすい言葉遣いが特徴的な作品を多く残している。	シャ/ボ/ン/ダマ/ヲ/ /サク/シ/ /シ/タ/ /ノ/グチ/ /ウ/ジョー/ワ/、/カレ/ノ/ /ダイ/ヒョー/サク/ノ/ /ヒト/ツ/デ/ /ア/リ/、/コ/ドモ/ノ/ /アソ/ビ/ヲ/ /テ/ー/マ/ニ/ /シ/タ/ /ドー/ヨー/シュー/ノ/ /タ/イ/ト/ル/デ/モ/ /ア/ル/。/ウ/ジョー/ワ/ /タイ/ショー/カ/ラ/ /ショー/ワ/ニ/ /カ/ケ/テ/ /カツ/ヤク/ /シ/タ/ /シ/ジン/デ/ /ア/リ/、/ソ/ノ/ /ケイ/カイ/ナ/ /リ/ズ/ム/ト/ /シタ/シ/ミ/ヤ/ス/イ/ /コト/バ/ヅカ/イ/ガ/ /トク/チョー/テキ/ナ/ /サク/ヒン/ヲ/ /オオ/ク/ /ノコ/シ/テ/ /イ/ル/。
雨情の詩に多くの曲をつけた中山晋平は、他にも「砂山」や「てるてる坊主」などの童謡を作曲しており、昭和初期の日本の子供たちにとって欠かせない存在であった。	ウ/ジョー/ノ/ /シ/ニ/ /オオ/ク/ノ/ /キョク/ヲ/ /ツ/ケ/タ/ /ナカ/ヤマ/ /シン/ペイ/ワ/、/ホカ/ニ/モ/ /「/スナ/ヤマ/」/ヤ/ /「/テ/ル/テ/ル/ /ボー/ズ/」/ナ/ド/ノ/ /ドー/ヨー/ヲ/ /サッ/キョク/ /シ/テ/ /オ/リ/、/ショー/ワ/ /ショ/キ/ノ/ /ニ/ホン/ノ/ /コ/ドモ/タ/チ/ニ/ /ト/ッ/テ/ /カ/カ/セ/ナ/イ/ /ソン/ザイ/デ/ /ア/ッ/タ/。
応仁の乱は一四六七年に細川氏と山名氏の対立を発端として京都で勃発した内乱であり、約十一年にわたる戦火が旧来の秩序を崩壊させ戦国時代の幕開けをもたらした歴史的事変である。	オー/ニン/ノ/ /ラン/ワ/ /1/4/6/7/ネン/ニ/ /ホソ/カワ/ /シ/ト/ /ヤマ/ナ/ /シ/ノ/ /タイ/リツ/ヲ/ /ホッ/タン/ト/ /シ/テ/ /キョー/ト/デ/ /ボッ/パツ/ /シ/タ/ /ナイ/ラン/デ/ /ア/リ/、/ヤク/ /1/1/ネン/ニ/ /ワ/タ/ル/ /セン/カ/ガ/ /キュー/ライ/ノ/ /チツ/ジョ/ヲ/ /ホー/カイ/ /サ/セ/ /セン/ゴク/ /ジ/ダイ/ノ/ /マク/ア/ケ/ヲ/ /モ/タ/ラ/シ/タ/ /レキ/シ/テキ/ /ジ/ヘン/デ/ /ア/ル/。
織田信長は尾張の小大名から身を起こし、桶狭間の戦いで今川義元を奇襲によって討ち取ったことで名声を高め、その後の天下統一への布石を着実に打ち始めた武将である。	オ/ダ/ /ノブ/ナガ/ワ/ /オ/ワリ/ノ/ /ショー/ダイ/ミョー/カ/ラ/ /ミ/ヲ/ /オ/コ/シ/、/オケ/ハザ/マ/ノ/ /タタカ/イ/デ/ /イマ/ガワ/ /ヨシ/モト/ヲ/ /キ/シュー/ニ/ /ヨ/ッ/テ/ /ウ/チ/ト/ッ/タ/ /コ/ト/デ/ /メイ/セイ/ヲ/ /タカ/メ/、/ソ/ノ/ゴ/ノ/ /テン/カ/ /トー/イツ/エ/ノ/ /フ/セキ/ヲ/ /チャク/ジツ/ニ/ /ウ/チ/ハジ/メ/タ/ /ブ/ショー/デ/ /ア/ル/。
桶狭間の戦いは一五六〇年に起きた合戦であり、圧倒的な兵力差にもかかわらず織田信長が今川義元の本陣を急襲して勝利したことで戦国史上最も劇的な逆転劇のひとつとされている。	オケ/ハザ/マ/ノ/ /タタカ/イ/ワ/ /1/5/6/0/ネン/ニ/ /オ/キ/タ/ /カッ/セン/デ/ /ア/リ/、/アッ/トー/テキ/ナ/ /ヘイ/リョク/サ/ニ/モ/ /カ/カ/ワ/ラ/ズ/ /オ/ダ/ /ノブ/ナガ/ガ/ /イマ/ガワ/ /ヨシ/モト/ノ/ /ホン/ジン/ヲ/ /キュー/シュー/ /シ/テ/ /ショー/リ/ /シ/タ/ /コ/ト/デ/ /セン/ゴク/シ/ジョー/ /モット/モ/ /ゲキ/テキ/ナ/ /ギャク/テン/ゲキ/ノ/ /ヒ/ト/ツ/ト/ /サ/レ/テ/ /イ/ル/。
豊臣秀吉は農民出身から天下人にまで上り詰めた立志伝中の人物であり、太閤検地やカタナ狩りなど近世社会の基盤を整える政策を次々と打ち出した稀代の政治家でもある。	トヨ/トミ/ /ヒデ/ヨシ/ワ/ /ノー/ミン/ /シュッ/ シン/カ/ラ/ /テン/カ/ビト/ニ/マ/デ/ /ノボ/リ/ツ/メ/タ/ /リッ/シ/デン/チュー/ノ/ /ジン/ブツ/デ/ /ア/リ/、/タイ/コー/ /ケン/チ/ヤ/ /カ/タ/ナ/ガ/リ/ナ/ド/ /キン/セイ/ /シャ/カイ/ノ/ /キ/バン/ヲ/ /トトノ/エ/ル/ /セイ/サク/ヲ/ /ツギ/ツギ/ト/ /ウ/チ/ダ/シ/タ/ /キ/ダイ/ノ/ /セイ/ジ/カ/デ/モ/ /ア/ル/。
徳川家康は辛抱強く好機を待ち続けた武将として知られ、関ヶ原の戦いで勝利した後に江戸幕府を開いて二百六十年以上に及ぶ泰平の時代の礎を築いた人物である。	トク/ガワ/ /イエ/ヤス/ワ/ /シン/ボー/ヅヨ/ク/ /コー/キ/ヲ/ /マ/チ/ツヅ/ケ/タ/ /ブ/ショー/ト/ /シ/テ/ /シ/ラ/レ/、/セキ/ガ/ハラ/ノ/ /タタカ/イ/デ/ /ショー/リ/ /シ/タ/ /アト/ニ/ /エ/ド/ /バク/フ/ヲ/ /ヒラ/イ/テ/ /2/_/6/0/ネン/ /イ/ジョー/ニ/ /オヨ/ブ/ /タイ/ヘイ/ノ/ /ジ/ダイ/ノ/ /イシズエ/ヲ/ /キズ/イ/タ/ /ジン/ブツ/デ/ /ア/ル/。
関ヶ原の戦いは一六〇〇年に美濃国関ヶ原で起きた天下分け目の合戦であり、東軍の徳川家康と西軍の石田三成が激突し、わずか一日で東軍勝利の決着がついた歴史的会戦である。	セキ/ガ/ハラ/ノ/ /タタカ/イ/ワ/ /1/6/0/0/ネン/ニ/ /ミ/ノノ/ /クニ/ /セキ/ガ/ハラ/デ/ /オ/キ/タ/ /テン/カ/ /ワ/ケ/メ/ノ/ /カッ/セン/デ/ /ア/リ/、/トー/グン/ノ/ /トク/ガワ/ /イエ/ヤス/ト/ /セイ/グン/ノ/ /イシ/ダ/ /ミツ/ナリ/ガ/ /ゲキ/トツ/ /シ/、/ワ/ズ/カ/ /1/ニチ/デ/ /トー/グン/ /ショー/リ/ノ/ /ケッ/チャク/ガ/ /ツ/イ/タ/ /レキ/シ/テキ/ /カイ/セン/デ/ /ア/ル/。
武田信玄は甲斐の虎と称された名将であり、騎馬隊を中核とした強力な軍団を率いてたびたび信濃や駿河に遠征し、上杉謙信との川中島の合戦では互いに一歩も引かぬ激戦を繰り広げた。	タケ/ダ/ /シン/ゲン/ワ/ /カ/イ/ノ/ /トラ/ト/ /ショー/サ/レ/タ/ /メイ/ショー/デ/ /ア/リ/、/キ/バ/タイ/ヲ/ /チュー/カク/ト/ /シ/タ/ /キョー/リョク/ナ/ /グン/ダン/ヲ/ /ヒキ/イ/テ/ /タ/ビ/タ/ビ/ /シナ/ノ/ヤ/ /スル/ガ/ニ/ /エン/セイ/ /シ/、/ウエ/スギ/ /ケン/シン/ト/ノ/ /カワ/ナカ/ジマ/ノ/ /カッ/セン/デ/ワ/ /タガ/イ/ニ/ /1/ポ/モ/ /ヒ/カ/ヌ/ /ゲキ/セン/ヲ/ /ク/リ/ヒロ/ゲ/タ/。
上杉謙信は越後を本拠とした義将として名高く、私利私欲より義のために戦うという姿勢を貫いたとされ、川中島での武田信玄との五度にわたる死闘は後世に語り継がれている。	ウエ/スギ/ /ケン/シン/ワ/ /エチ/ゴ/ヲ/ /ホン/キョ/ト/ /シ/タ/ /ギ/ショー/ト/ /シ/テ/ /ナ/ダカ/ク/、/シ/リ/ /シ/ヨク/ヨ/リ/ /ギ/ノ/ /タ/メ/ニ/ /タタカ/ウ/ト/ /イ/ウ/ /シ/セイ/ヲ/ /ツラヌ/イ/タ/ト/ /サ/レ/、/カワ/ナカ/ジマ/デ/ノ/ /タケ/ダ/ /シン/ゲン/ト/ノ/ /5/ド/ニ/ /ワ/タ/ル/ /シ/トー/ワ/ /コー/セイ/ニ/ /カタ/リ/ツ/ガ/レ/テ/ /イ/ル/。
川中島の戦いは武田信玄と上杉謙信が信濃川中島付近で繰り広げた一連の合戦の総称であり、特に第四次合戦は両軍が正面衝突した激戦として戦国史に名を刻む対決となった。	カワ/ナカ/ジマ/ノ/ /タタカ/イ/ワ/ /タケ/ダ/ /シン/ゲン/ト/ /ウエ/スギ/ /ケン/シン/ガ/ /シナ/ノ/ /カワ/ナカ/ジマ/ /フ/キン/デ/ /ク/リ/ヒロ/ゲ/タ/ /イチ/レン/ノ/ /カッ/セン/ノ/ /ソー/ショー/デ/ /ア/リ/、/トク/ニ/ /ダイ/4/ジ/ /カッ/セン/ワ/ /リョー/グン/ガ/ /ショー/メン/ /ショー/トツ/ /シ/タ/ /ゲキ/セン/ト/ /シ/テ/ /セン/ゴク/シ/ニ/ /ナ/ヲ/ /キザ/ム/ /タイ/ケツ/ト/ /ナ/ッ/タ/。
毛利元就は中国地方を代表する戦略家であり、三本の矢の教えとして知られる故事で有名だが、実際には謀略と同盟を巧みに操って小大名から中国十か国の覇者へと成長した人物である。	モー/リ/ /モト/ナリ/ワ/ /チュー/ゴク/ /チ/ホー/ヲ/ /ダイ/ヒョー/ /ス/ル/ /セン/リャク/カ/デ/ /ア/リ/、/3/ボン/ノ/ /ヤ/ノ/ /オシ/エ/ト/ /シ/テ/ /シ/ラ/レ/ル/ /コ/ジ/デ/ /ユー/メイ/ダ/ガ/、/ジッ/サイ/ニ/ワ/ /ボー/リャク/ト/ /ドー/メイ/ヲ/ /タク/ミ/ニ/ /アヤツ/ッ/テ/ /ショー/ダイ/ミョー/カ/ラ/ /チュー/ゴク/ /10/カ/コク/ノ/ /ハ/シャ/エ/ト/ /セイ/チョー/ /シ/タ/ /ジン/ブツ/デ/ /ア/ル/。
今川義元は東海道一の弓取りと称される大勢力の主であったが、桶狭間の奇襲で信長に討たれたことで、その死が戦国の流れを大きく変えた転換点のひとつとなった武将である。	イマ/ガワ/ /ヨシ/モト/ワ/ /トー/カイ/ドー/1/ノ/ /ユミ/ト/リ/ト/ /ショー/サ/レ/ル/ /ダイ/セイ/リョク/ノ/ /ヌシ/デ/ /ア/ッ/タ/ガ/、/オケ/ハザ/マ/ノ/ /キ/シュー/デ/ /ノブ/ナガ/ニ/ /ウ/タ/レ/タ/ /コ/ト/デ/、/ソ/ノ/ /シ/ガ/ /セン/ゴク/ノ/ /ナガ/レ/ヲ/ /オオ/キ/ク/ /カ/エ/タ/ /テン/カン/テン/ノ/ /ヒ/ト/ツ/ト/ /ナ/ッ/タ/ /ブ/ショー/デ/ /ア/ル/。
北条氏綱は父早雲の事業を継いで関東に勢力を拡大した戦国大名であり、家紋を変え「北条」の家名を名乗ることで後北条氏としての独立した権威を確立させた人物である。	ホー/ジョー/ /ウジ/ツナ/ワ/ /チチ/ /ソー/ウン/ノ/ /ジ/ギョー/ヲ/ /ツ/イ/デ/ /カン/トー/ニ/ /セイ/リョク/ヲ/ /カク/ダイ/ /シ/タ/ /セン/ゴク/ /ダイ/ミョー/デ/ /ア/リ/、/カ/モン/ヲ/ /カ/エ/ /「/ホー/ジョー/」/ノ/ /カ/メイ/ヲ/ /ナ/ノ/ル/ /コ/ト/デ/ /アト/ /ホー/ジョー/シ/ト/ /シ/テ/ノ/ /ドク/リツ/ /シ/タ/ /ケン/イ/ヲ/ /カク/リツ/ /サ/セ/タ/ /ジン/ブツ/デ/ /ア/ル/。
伊達政宗は二十一歳の若さで東北諸大名を次々と従えて奥州の覇者となった独眼竜として名高い武将であり、豊臣秀吉の統一によって全国制覇の野望は断たれたものの仙台藩の礎を築いた。	ダ/テ/ /マサ/ムネ/ワ/ /2/_/1/サイ/ノ/ /ワカ/サ/デ/ /トー/ホク/ /ショ/ダイ/ミョー/ヲ/ /ツギ/ツギ/ト/ /シタガ/エ/テ/ /オー/シュー/ノ/ /ハ/シャ/ト/ /ナ/ッ/タ/ /ドク/ガン/ /リュー/ト/ /シ/テ/ /ナ/ダカ/イ/ /ブ/ショー/デ/ /ア/リ/、/トヨ/トミ/ /ヒデ/ヨシ/ノ/ /トー/イツ/ニ/ /ヨ/ッ/テ/ /ゼン/コク/ /セイ/ハ/ノ/ /ヤ/ボー/ワ/ /タ/タ/レ/タ/ /モ/ノ/ノ/ /セン/ダイ/ハン/ノ/ /イシズエ/ヲ/ /キズ/イ/タ/。
島津義久は九州のほぼ全域を制圧するほどの勢力を誇った薩摩の大名であり、鉄砲を活用した革新的な戦術と家中の統制力で島津氏の最盛期を現出させた名将として評価されている。	シマ/ヅ/ /ヨシ/ヒサ/ワ/ /キュー/シュー/ノ/ /ホ/ボ/ /ゼン/イキ/ヲ/ /セイ/アツ/ /ス/ル/ホ/ド/ノ/ /セイ/リョク/ヲ/ /ホコ/ッ/タ/ /サツ/マ/ノ/ /ダイ/ミョー/デ/ /ア/リ/、/テッ/ポー/ヲ/ /カツ/ヨー/ /シ/タ/ /カク/シン/テキ/ナ/ /セン/ジュツ/ト/ /カ/チュー/ノ/ /トー/セイ/リョク/デ/ /シマ/ヅ/ /シ/ノ/ /サイ/セイ/キ/ヲ/ /ゲン/シュツ/ /サ/セ/タ/ /メイ/ショー/ト/ /シ/テ/ /ヒョー/カ/ /サ/レ/テ/ /イ/ル/。
長篠の戦いは一五七五年に起きた合戦であり、織田・徳川連合軍が大量の鉄砲を整然と運用して武田騎馬隊を撃破したことで、戦国の戦い方に大きな転換をもたらした歴史的会戦である。	ナガ/シノ/ノ/ /タタカ/イ/ワ/ /1/5/7/5/ネン/ニ/ /オ/キ/タ/ /カッ/セン/デ/ /ア/リ/、/オ/ダ/・/トク/ガワ/ /レン/ゴー/グン/ガ/ /タイ/リョー/ノ/ /テッ/ポー/ヲ/ /セイ/ゼン/ト/ /ウン/ヨー/ /シ/テ/ /タケ/ダ/ /キ/バ/タイ/ヲ/ /ゲキ/ハ/ /シ/タ/ /コ/ト/デ/、/セン/ゴク/ノ/ /タタカ/イ/カタ/ニ/ /オオ/キ/ナ/ /テン/カン/ヲ/ /モ/タ/ラ/シ/タ/ /レキ/シ/テキ/ /カイ/セン/デ/ /ア/ル/。
太閤検地とは豊臣秀吉が全国規模で実施した土地調査のことであり、田畑の面積と石高を統一基準で測定することで、兵農分離と封建支配体制の強化を推進するための重要な政策であった。	タイ/コー/ /ケン/チ/ト/ワ/ /トヨ/トミ/ /ヒデ/ヨシ/ガ/ /ゼン/コク/ /キ/ボ/デ/ /ジッ/シ/ /シ/タ/ /ト/チ/ /チョー/サ/ノ/ /コ/ト/デ/ /ア/リ/、/タ/ハタ/ノ/ /メン/セキ/ト/ /コク/ダカ/ヲ/ /トー/イツ/ /キ/ジュン/デ/ /ソク/テイ/ /ス/ル/ /コ/ト/デ/、/ヘイ/ノー/ /ブン/リ/ト/ /ホー/ケン/ /シ/ハイ/ /タイ/セイ/ノ/ /キョー/カ/ヲ/ /スイ/シン/ /ス/ル/ /タ/メ/ノ/ /ジュー/ヨー/ナ/ /セイ/サク/デ/ /ア/ッ/タ/。
刀狩令は一五八八年に豊臣秀吉が発した法令であり、農民から武器を没収することで一揆を防ぎ、武士と農民の身分を明確に分ける兵農分離政策の柱として機能した歴史上重要な令である。	カタナ/ガリ/レイ/ワ/ /1/5/8/8/ネン/ニ/ /トヨ/トミ/ /ヒデ/ヨシ/ガ/ /ハッ/シ/タ/ /ホー/レイ/デ/ /ア/リ/、/ノー/ミン/カ/ラ/ /ブ/キ/ヲ/ /ボッ/シュー/ /ス/ル/ /コ/ト/デ/ /イッ/キ/ヲ/ /フセ/ギ/、/ブ/シ/ト/ /ノー/ミン/ノ/ /ミ/ブン/ヲ/ /メイ/カク/ニ/ /ワ/ケ/ル/ /ヘイ/ノー/ /ブン/リ/ /セイ/サク/ノ/ /ハシラ/ト/ /シ/テ/ /キ/ノー/ /シ/タ/ /レキ/シ/ジョー/ /ジュー/ヨー/ナ/ /レイ/デ/ /ア/ル/。
本能寺の変は一五八二年に明智光秀が主君織田信長を急襲した事件であり、天下統一を目前にした信長が自害した衝撃的な出来事は戦国史上最大の謎として今も諸説が議論されている。	ホン/ノー/ジ/ノ/ /ヘン/ワ/ /1/5/8/2/ネン/ニ/ /アケ/チ/ /ミツ/ヒデ/ガ/ /シュ/クン/ /オ/ダ/ /ノブ/ナガ/ヲ/ /キュー/シュー/ /シ/タ/ /ジ/ケン/デ/ /ア/リ/、/テン/カ/ /トー/イツ/ヲ/ /モク/ゼン/ニ/ /シ/タ/ /ノブ/ナガ/ガ/ /ジ/ガイ/ /シ/タ/ /ショー/ゲキ/テキ/ナ/ /デ/キ/ゴト/ワ/ /セン/ゴク/シ/ジョー/ /サイ/ダイ/ノ/ /ナゾ/ト/ /シ/テ/ /イマ/モ/ /ショ/セツ/ガ/ /ギ/ロン/ /サ/レ/テ/ /イ/ル/。
明智光秀は織田家の中でも高い教養と行政手腕で知られた武将であったが、本能寺の変後わずか十三日で豊臣秀吉に山崎の合戦で敗れ、その意図と末路は戦国史の最大の謎のひとつである。	アケ/チ/ /ミツ/ヒデ/ワ/ /オ/ダ/ケ/ノ/ /ナカ/デ/モ/ /タカ/イ/ /キョー/ヨー/ト/ /ギョー/セイ/ /シュ/ワン/デ/ /シ/ラ/レ/タ/ /ブ/ショー/デ/ /ア/ッ/タ/ガ/、/ホン/ノー/ジ/ノ/ /ヘン/ゴ/ /ワ/ズ/カ/ /1/3/ニチ/デ/ /トヨ/トミ/ /ヒデ/ヨシ/ニ/ /ヤマ/ザキ/ノ/ /カッ/セン/デ/ /ヤブ/レ/、/ソ/ノ/ /イ/ト/ト/ /マツ/ロ/ワ/ /セン/ゴク/シ/ノ/ /サイ/ダイ/ノ/ /ナゾ/ノ/ /ヒ/ト/ツ/デ/ /ア/ル/。
山崎の合戦は本能寺の変からわずか十三日後に行われ、中国大返しと呼ばれる強行軍で引き返した秀吉が明智光秀を破ったことで、天下取りの主役が信長から秀吉へ交代した会戦である。	ヤマ/ザキ/ノ/ /カッ/セン/ワ/ /ホン/ノー/ジ/ノ/ /ヘン/カ/ラ/ /ワ/ズ/カ/ /1/3/ニチ/ゴ/ニ/ /オコナ/ワ/レ/、/チュー/ゴク/オオ/ガエ/シ/ト/ /ヨ/バ/レ/ル/ /キョー/コー/グン/デ/ /ヒ/キ/カエ/シ/タ/ /ヒデ/ヨシ/ガ/ /アケ/チ/ /ミツ/ヒデ/ヲ/ /ヤブ/ッ/タ/ /コ/ト/デ/、/テン/カ/ト/リ/ノ/ /シュ/ヤク/ガ/ /ノブ/ナガ/カ/ラ/ /ヒデ/ヨシ/エ/ /コー/タイ/ /シ/タ/ /カイ/セン/デ/ /ア/ル/。
一向一揆は浄土真宗門徒が中心となった武装蜂起であり、加賀の一向一揆では守護大名を倒して百年近く自治を維持するなど、戦国時代の支配秩序を揺るがす存在として戦国大名を悩ませた。	イッ/コー/ /イッ/キ/ワ/ /ジョー/ド/ /シン/シュー/ /モン/ト/ガ/ /チュー/シン/ト/ /ナ/ッ/タ/ /ブ/ソー/ /ホー/キ/デ/ /ア/リ/、/カ/ガ/ノ/ /イッ/コー/ /イッ/キ/デ/ワ/ /シュ/ゴ/ /ダイ/ミョー/ヲ/ /タオ/シ/テ/ /100/ネン/ /チカ/ク/ /ジ/チ/ヲ/ /イ/ジ/ /ス/ル/ナ/ド/、/セン/ゴク/ /ジ/ダイ/ノ/ /シ/ハイ/ /チツ/ジョ/ヲ/ /ユ/ル/ガ/ス/ /ソン/ザイ/ト/ /シ/テ/ /セン/ゴク/ /ダイ/ミョー/ヲ/ /ナヤ/マ/セ/タ/。
鉄砲は一五四三年にポルトガル人によって種子島に伝来し、その後急速に国内で製造・普及して戦国の合戦形態を根本から変革し、集団戦と築城術に大きな革新をもたらした武器である。	テッ/ポー/ワ/ /1/5/4/3/ネン/ニ/ /ポ/ル/ト/ガ/ル/ジン/ニ/ /ヨ/ッ/テ/ /タネ/ガ/シマ/ニ/ /デン/ライ/ /シ/、/ソ/ノ/ゴ/ /キュー/ソク/ニ/ /コク/ナイ/デ/ /セイ/ゾー/・/フ/キュー/ /シ/テ/ /セン/ゴク/ノ/ /カッ/セン/ /ケイ/タイ/ヲ/ /コン/ポン/カ/ラ/ /ヘン/カク/ /シ/、/シュー/ダン/セン/ト/ /チク/ジョー/ジュツ/ニ/ /オオ/キ/ナ/ /カク/シン/ヲ/ /モ/タ/ラ/シ/タ/ /ブ/キ/デ/ /ア/ル/。
南蛮貿易はポルトガルやスペインとの交易であり、鉄砲・火薬・生糸・香辛料などがもたらされた一方、キリスト教の布教も進み戦国大名の一部が洗礼を受けてキリシタン大名となった。	ナン/バン/ /ボー/エキ/ワ/ /ポ/ル/ト/ガ/ル/ヤ/ /ス/ペ/イ/ン/ト/ノ/ /コー/エキ/デ/ /ア/リ/、/テッ/ポー/・/カ/ヤク/・/キ/イト/・/コー/シン/リョー/ナ/ド/ガ/ /モ/タ/ラ/サ/レ/タ/ /イッ/ポー/、/キ/リ/ス/ト/キョー/ノ/ /フ/キョー/モ/ /スス/ミ/ /セン/ゴク/ /ダイ/ミョー/ノ/ /イチ/ブ/ガ/ /セン/レイ/ヲ/ /ウ/ケ/テ/ /キ/リ/シ/タ/ン/ /ダイ/ミョー/ト/ /ナ/ッ/タ/。
フランシスコ・ザビエルは一五四九年に鹿児島に上陸してキリスト教を日本に初めて伝えたイエズス会の宣教師であり、その後二年余りにわたって各地で布教活動を行った人物である。	フ/ラ/ン/シ/ス/コ/・/ザ/ビ/エ/ル/ワ/ /1/5/4/9/ネン/ニ/ /カ/ゴ/シマ/ニ/ /ジョー/リク/ /シ/テ/ /キ/リ/ス/ト/キョー/ヲ/ /ニ/ホン/ニ/ /ハジ/メ/テ/ /ツタ/エ/タ/ /イ/エ/ズ/ス/カイ/ノ/ /セン/キョー/シ/デ/ /ア/リ/、/ソ/ノ/ /ゴ/ /2/ネン/ /アマ/リ/ニ/ /ワ/タ/ッ/テ/ /カク/チ/デ/ /フ/キョー/ /カツ/ドー/ヲ/ /オコナ/ッ/タ/ /ジン/ブツ/デ/ /ア/ル/。
織田信長はキリスト教の信者ではなかったが、仏教勢力への対抗上宣教師を保護し布教を許可したため、戦国時代には数十万人に上るキリシタンが日本国内に存在したとされている。	オ/ダ/ /ノブ/ナガ/ワ/ /キ/リ/ス/ト/キョー/ノ/ /シン/ジャ/デ/ワ/ /ナ/カ/ッ/タ/ガ/、/ブッ/キョー/ /セイ/リョク/エ/ノ/ /タイ/コー/ジョー/ /セン/キョー/シ/ヲ/ /ホ/ゴ/ /シ/ /フ/キョー/ヲ/ /キョ/カ/ /シ/タ/ /タ/メ/、/セン/ゴク/ /ジ/ダイ/ニ/ワ/ /スー/10/マン/ニン/ニ/ /ノボ/ル/ /キ/リ/シ/タ/ン/ガ/ /ニ/ホン/ /コク/ナイ/ニ/ /ソン/ザイ/ /シ/タ/ト/ /サ/レ/テ/ /イ/ル/。
秀吉は晩年に朝鮮出兵を二度にわたって強行したが、明との戦闘や朝鮮民衆の抵抗、武将間の不統一などにより大きな成果を得られないまま秀吉の死によって撤退することになった。	ヒデ/ヨシ/ワ/ /バン/ネン/ニ/ /チョー/セン/ /シュッ/ペイ/ヲ/ /2/ド/ニ/ /ワ/タ/ッ/テ/ /キョー/コー/ /シ/タ/ガ/、/ミン/ト/ノ/ /セン/トー/ヤ/ /チョー/セン/ /ミン/シュー/ノ/ /テイ/コー/、/ブ/ショー/カン/ノ/ /フ/トー/イツ/ナ/ド/ニ/ /ヨ/リ/ /オオ/キ/ナ/ /セイ/カ/ヲ/ /エ/ラ/レ/ナ/イ/ /マ/マ/ /ヒデ/ヨシ/ノ/ /シ/ニ/ /ヨ/ッ/テ/ /テッ/タイ/ /ス/ル/ /コ/ト/ニ/ /ナ/ッ/タ/。
文禄の役は一五九二年に始まった一度目の朝鮮出兵であり、日本軍は当初朝鮮半島を席巻したものの明の援軍参戦によって戦局が膠着し、講和交渉へと持ち込まれることになった出兵である。	ブン/ロク/ノ/ /エキ/ワ/ /1/5/9/2/ネン/ニ/ /ハジ/マ/ッ/タ/ /1/ド/メ/ノ/ /チョー/セン/ /シュッ/ペイ/デ/ /ア/リ/、/ニ/ホン/グン/ワ/ /トー/ショ/ /チョー/セン/ /ハン/トー/ヲ/ /セッ/ケン/ /シ/タ/ /モ/ノ/ノ/ /ミン/ノ/ /エン/グン/ /サン/セン/ニ/ /ヨ/ッ/テ/ /セン/キョク/ガ/ /コー/チャク/ /シ/、/コー/ワ/ /コー/ショー/エ/ト/ /モ/チ/コ/マ/レ/ル/ /コ/ト/ニ/ /ナ/ッ/タ/ /シュッ/ペイ/デ/ /ア/ル/。
安土城は信長が琵琶湖のほとりに築いた天主閣を持つ最初期の本格的な城郭であり、権威の象徴として壮麗な内部装飾が施されていたが、本能寺の変後まもなく焼失した幻の城である。	ア/ヅチ/ジョー/ワ/ /ノブ/ナガ/ガ/ /ビ/ワ/コ/ノ/ /ホ/ト/リ/ニ/ /キズ/イ/タ/ /テン/シュ/カク/ヲ/ /モ/ツ/ /サイ/ショ/キ/ノ/ /ホン/カク/テキ/ナ/ /ジョー/カク/デ/ /ア/リ/、/ケン/イ/ノ/ /ショー/チョー/ト/ /シ/テ/ /ソー/レイ/ナ/ /ナイ/ブ/ /ソー/ショク/ガ/ /ホドコ/サ/レ/テ/ /イ/タ/ガ/、/ホン/ノー/ジ/ノ/ /ヘン/ゴ/ /マ/モ/ /ナ/ク/ /ショー/シツ/ /シ/タ/ /マボロシ/ノ/ /シロ/デ/ /ア/ル/。
城郭建築は戦国時代に山城から平山城・平城へと移行し、天守閣が権威の象徴となるとともに、石垣技術の発達と堀の整備により防御と政治の両機能を兼ね備えた構造へと進化した。	ジョー/カク/ /ケン/チク/ワ/ /セン/ゴク/ /ジ/ダイ/ニ/ /ヤマ/ジロ/カ/ラ/ /ヒラ/ヤマ/ジロ/・/ヒラ/ジロ/エ/ト/ /イ/コー/ /シ/、/テン/シュ/カク/ガ/ /ケン/イ/ノ/ /ショー/チョー/ト/ /ナ/ル/ト/ /ト/モ/ニ/、/イシ/ガキ/ /ギ/ジュツ/ノ/ /ハッ/タツ/ト/ /ホリ/ノ/ /セイ/ビ/ニ/ /ヨ/リ/ /ボー/ギョ/ト/ /セイ/ジ/ノ/ /リョー/キ/ノー/ヲ/ /カ/ネ/ソナ/エ/タ/ /コー/ゾー/エ/ト/ /シン/カ/ /シ/タ/。
甲州法度之次第は武田信玄が定めた分国法であり、家臣間の紛争解決手続きや所領の管理方法などを定めた戦国大名の領国統治の実態を伝える重要な法令として歴史的価値が高い。	コー/シュー/ /ハッ/ト/ノ/ /シ/ダイ/ワ/ /タケ/ダ/ /シン/ゲン/ガ/ /サダ/メ/タ/ /ブン/コク/ホー/デ/ /ア/リ/、/カ/シン/カン/ノ/ /フン/ソー/ /カイ/ケツ/ /テ/ツヅ/キ/ヤ/ /ショ/リョー/ノ/ /カン/リ/ /ホー/ホー/ナ/ド/ヲ/ /サダ/メ/タ/ /セン/ゴク/ /ダイ/ミョー/ノ/ /リョー/ゴク/ /トー/チ/ノ/ /ジッ/タイ/ヲ/ /ツタ/エ/ル/ /ジュー/ヨー/ナ/ /ホー/レイ/ト/ /シ/テ/ /レキ/シ/テキ/ /カ/チ/ガ/ /タカ/イ/。
戦国時代には各大名が独自の貨幣経済や流通政策を展開し、楽市楽座令のような市場の自由化政策が商業の発展を後押しし、近世経済の萌芽が芽生え始めた時期でもあった。	セン/ゴク/ /ジ/ダイ/ニ/ワ/ /カク/ /ダイ/ミョー/ガ/ /ドク/ジ/ノ/ /カ/ヘイ/ /ケイ/ザイ/ヤ/ /リュー/ツー/ /セイ/サク/ヲ/ /テン/カイ/ /シ/、/ラク/イチ/ /ラク/ザ/レイ/ノ/ヨ/ー/ナ/ /シ/ジョー/ノ/ /ジ/ユー/カ/ /セイ/サク/ガ/ /ショー/ギョー/ノ/ /ハッ/テン/ヲ/ /アト/オ/シ/ /シ/、/キン/セイ/ /ケイ/ザイ/ノ/ /ホー/ガ/ガ/ /メ/バ/エ/ハジ/メ/タ/ /ジ/キ/デ/モ/ /ア/ッ/タ/。
楽市楽座とは従来の市場独占権を廃して誰でも自由に商売できるようにした政策であり、信長をはじめとする多くの戦国大名が商業振興と城下町発展のために積極的に採用した施策である。	ラク/イチ/ /ラク/ザ/ト/ワ/ /ジュー/ライ/ノ/ /シ/ジョー/ /ドク/セン/ケン/ヲ/ /ハイ/シ/テ/ /ダレ/デ/モ/ /ジ/ユー/ニ/ /ショー/バイ/ /デ/キ/ル/ヨ/ー/ニ/ /シ/タ/ /セイ/サク/デ/ /ア/リ/、/ノブ/ナガ/ヲ/ /ハ/ジ/メ/ト/ /ス/ル/ /オオ/ク/ノ/ /セン/ゴク/ /ダイ/ミョー/ガ/ /ショー/ギョー/ /シン/コー/ト/ /ジョー/カ/マチ/ /ハッ/テン/ノ/ /タ/メ/ニ/ /セッ/キョク/テキ/ニ/ /サイ/ヨー/ /シ/タ/ /シ/サク/デ/ /ア/ル/。
雑賀衆は紀伊の傭兵集団であり、鉄砲の扱いに長けた精鋭として石山本願寺と組んで信長に激しく抵抗し、本願寺との連携が解かれるまで織田軍を長年にわたって苦しめた集団である。	サイ/ガ/シュー/ワ/ /キ/イ/ノ/ /ヨー/ヘイ/ /シュー/ダン/デ/ /ア/リ/、/テッ/ポー/ノ/ /アツカ/イ/ニ/ /タ/ケ/タ/ /セイ/エイ/ト/ /シ/テ/ /イシ/ヤマ/ /ホン/ガン/ジ/ト/ /ク/ン/デ/ /ノブ/ナガ/ニ/ /ハゲ/シ/ク/ /テイ/コー/ /シ/、/ホン/ガン/ジ/ト/ノ/ /レン/ケイ/ガ/ /ト/カ/レ/ル/マ/デ/ /オ/ダ/ /グン/ヲ/ /ナガ/ネン/ニ/ /ワ/タ/ッ/テ/ /クル/シ/メ/タ/ /シュー/ダン/デ/ /ア/ル/。
石山本願寺は現在の大阪城付近に位置した浄土真宗の本拠地であり、一向一揆の指導拠点として織田信長と十年以上にわたって激しく対立した宗教勢力の象徴的な存在であった。	イシ/ヤマ/ /ホン/ガン/ジ/ワ/ /ゲン/ザイ/ノ/ /オオ/サカ/ジョー/ /フ/キン/ニ/ /イ/チ/ /シ/タ/ /ジョー/ド/ /シン/シュー/ノ/ /ホン/キョ/チ/デ/ /ア/リ/、/イッ/コー/ /イッ/キ/ノ/ /シ/ドー/ /キョ/テン/ト/ /シ/テ/ /オ/ダ/ /ノブ/ナガ/ト/ /10/ネン/ /イ/ジョー/ニ/ /ワ/タ/ッ/テ/ /ハゲ/シ/ク/ /タイ/リツ/ /シ/タ/ /シュー/キョー/ /セイ/リョク/ノ/ /ショー/チョー/テキ/ナ/ /ソン/ザイ/デ/ /ア/ッ/タ/。
比叡山延暦寺は一五七一年に信長によって焼き打ちにされたことで知られており、一向一揆勢力との対立に加え天台宗の権威を踏みにじったこの行為は現代においても激しく評価が分かれる。	ヒ/エイ/ザン/ /エン/リャク/ジ/ワ/ /1/5/7/1/ネン/ニ/ /ノブ/ナガ/ニ/ /ヨ/ッ/テ/ /ヤ/キ/ウ/チ/ニ/ /サ/レ/タ/ /コ/ト/デ/ /シ/ラ/レ/テ/ /オ/リ/、/イッ/コー/ /イッ/キ/ /セイ/リョク/ト/ノ/ /タイ/リツ/ニ/ /クワ/エ/ /テン/ダイ/シュー/ノ/ /ケン/イ/ヲ/ /フ/ミ/ニ/ジ/ッ/タ/ /コ/ノ/ /コー/イ/ワ/ /ゲン/ダイ/ニ/ /オ/イ/テ/モ/ /ハゲ/シ/ク/ /ヒョー/カ/ガ/ /ワ/カ/レ/ル/。
真田幸村は大坂冬の陣・夏の陣において独創的な出丸の構築と突撃で徳川方を苦しめた武将であり、その勇猛果敢な戦いぶりは後世に「日本一の兵」と称えられる伝説を生んだ。	サナ/ダ/ /ユキ/ムラ/ワ/ /オオ/サカ/ /フユ/ノ/ /ジン/・/ナツ/ノ/ /ジン/ニ/ /オ/イ/テ/ /ドク/ソー/テキ/ナ/ /デ/マル/ノ/ /コー/チク/ト/ /トツ/ゲキ/デ/ /トク/ガワ/カタ/ヲ/ /クル/シ/メ/タ/ /ブ/ショー/デ/ /ア/リ/、/ソ/ノ/ /ユー/モー/ /カ/カン/ナ/ /タタカ/イ/ブ/リ/ワ/ /コー/セイ/ニ/ /「/ニッ/ポン/ /イチ/ノ/ /ヘイ/」/ト/ /タタ/エ/ラ/レ/ル/ /デン/セツ/ヲ/ /ウ/ン/ダ/。
大坂の陣は豊臣氏の滅亡をもたらした合戦であり、冬の陣では和議が結ばれたものの夏の陣で豊臣秀頼と淀殿が自害し、戦国時代に終止符を打つ最後の大規模な内戦となった。	オオ/サカ/ノ/ /ジン/ワ/ /トヨ/トミ/シ/ノ/ /メツ/ボー/ヲ/ /モ/タ/ラ/シ/タ/ /カッ/セン/デ/ /ア/リ/、/フユ/ノ/ /ジン/デ/ワ/ /ワ/ギ/ガ/ /ムス/バ/レ/タ/ /モ/ノ/ノ/ /ナツ/ノ/ /ジン/デ/ /トヨ/トミ/ /ヒデ/ヨリ/ト/ /ヨド/ドノ/ガ/ /ジ/ガイ/ /シ/、/セン/ゴク/ /ジ/ダイ/ニ/ /シュー/シ/フ/ヲ/ /ウ/ツ/ /サイ/ゴ/ノ/ /ダイ/キ/ボ/ナ/ /ナイ/セン/ト/ /ナ/ッ/タ/。
小田原城は北条氏の本拠として難攻不落の要害として知られ、一五九〇年の豊臣秀吉による小田原攻めで落城したことにより、後北条氏は滅亡し全国統一が完成するに至った。	オ/ダ/ワラ/ジョー/ワ/ /ホー/ジョー/ /シ/ノ/ /ホン/キョ/ト/ /シ/テ/ /ナン/コー/ /フ/ラク/ノ/ /ヨー/ガイ/ト/ /シ/テ/ /シ/ラ/レ/、/1/5/9/0/ネン/ノ/ /トヨ/トミ/ /ヒデ/ヨシ/ニ/ /ヨ/ル/ /オ/ダ/ワラ/ /セ/メ/デ/ /ラク/ジョー/ /シ/タ/ /コ/ト/ニ/ /ヨ/リ/、/アト/ /ホー/ジョー/ /シ/ワ/ /メツ/ボー/ /シ/ /ゼン/コク/ /トー/イツ/ガ/ /カン/セイ/ /ス/ル/ニ/ /イタ/ッ/タ/。
太田道灌は江戸城を築いた室町時代末の武将であり、関東の政務に手腕を発揮した文武両道の武将として知られているが、主君大道寺に謀殺されたその最期は今も深い謎を残している。	オオ/タ/ /ドー/カン/ワ/ /エ/ド/ジョー/ヲ/ /キズ/イ/タ/ /ムロ/マチ/ /ジ/ダイ/マツ/ノ/ /ブ/ショー/デ/ /ア/リ/、/カン/トー/ノ/ /セイ/ム/ニ/ /シュ/ワン/ヲ/ /ハッ/キ/ /シ/タ/ /ブン/ブ/ /リョー/ドー/ノ/ /ブ/ショー/ト/ /シ/テ/ /シ/ラ/レ/テ/ /イ/ル/ガ/、/シュ/クン/ /ダイ/ドー/ジ/ニ/ /ボー/サツ/ /サ/レ/タ/ /ソ/ノ/ /サイ/ゴ/ワ/ /イマ/モ/ /フカ/イ/ /ナゾ/ヲ/ /ノコ/シ/テ/ /イ/ル/。
七武将の筆頭格である福島正則は豊臣子飼いの武将として清正とともに武断派を代表したが、関ヶ原後に徳川の世を生きた武将の常として後半生は政治的圧力にさらされ続けた人物である。	7/ブ/ショー/ノ/ /ヒッ/トー/ /カク/デ/ /ア/ル/ /フク/シマ/ /マサ/ノリ/ワ/ /トヨ/トミ/ /コ/ガ/イ/ノ/ /ブ/ショー/ト/ /シ/テ/ /キヨ/マサ/ト/ /ト/モ/ニ/ /ブ/ダン/ハ/ヲ/ /ダイ/ヒョー/ /シ/タ/ガ/、/セキ/ガ/ハラ/ゴ/ニ/ /トク/ガワ/ノ/ /ヨ/ヲ/ /イ/キ/タ/ /ブ/ショー/ノ/ /ツネ/ト/ /シ/テ/ /コー/ハン/セイ/ワ/ /セイ/ジ/テキ/ /アツ/リョク/ニ/ /サ/ラ/サ/レ/ /ツヅ/ケ/タ/ /ジン/ブツ/デ/ /ア/ル/。
加藤清正は肥後の領主として熊本城を築いた武将であり、その石垣と天守は現代においても日本の城郭建築の最高傑作のひとつとして高く称えられている武功と治績に秀でた大名である。	カ/トー/ /キヨ/マサ/ワ/ /ヒ/ゴ/ノ/ /リョー/シュ/ト/ /シ/テ/ /クマ/モト/ジョー/ヲ/ /キズ/イ/タ/ /ブ/ショー/デ/ /ア/リ/、/ソ/ノ/ /イシ/ガキ/ト/ /テン/シュ/ワ/ /ゲン/ダイ/ニ/ /オ/イ/テ/モ/ /ニ/ホン/ノ/ /ジョー/カク/ /ケン/チク/ノ/ /サイ/コー/ /ケッ/サク/ノ/ /ヒ/ト/ツ/ト/ /シ/テ/ /タカ/ク/ /タタ/エ/ラ/レ/テ/ /イ/ル/ /ブ/コー/ト/ /チ/セキ/ニ/ /ヒイ/デ/タ/ /ダイ/ミョー/デ/ /ア/ル/。
島左近は石田三成の家臣として知られる戦国屈指の猛将であり、三成が高禄で招聘したと伝わるその実力は敵側からも高く評価され、関ヶ原の東軍武将たちを長く苦しめた人物である。	シマ/ /サ/コン/ワ/ /イシ/ダ/ /ミツ/ナリ/ノ/ /カ/シン/ト/ /シ/テ/ /シ/ラ/レ/ル/ /セン/ゴク/ /クッ/シ/ノ/ /モー/ショー/デ/ /ア/リ/、/ミツ/ナリ/ガ/ /コー/ロク/デ/ /ショー/ヘイ/ /シ/タ/ト/ /ツタ/ワ/ル/ソ/ノ/ /ジツ/リョク/ワ/ /テキ/ガワ/カ/ラ/モ/ /タカ/ク/ /ヒョー/カ/ /サ/レ/、/セキ/ガ/ハラ/ノ/ /トー/グン/ /ブ/ショー/タ/チ/ヲ/ /ナガ/ク/ /クル/シ/メ/タ/ /ジン/ブツ/デ/ /ア/ル/。
黒田官兵衛は秀吉の軍師として卓越した知略を発揮した武将であり、中国大返しの献策や城攻めの策略など数々の局面で才知を示し、秀吉が最も恐れた部下ともいわれている。	クロ/ダ/ /カン/ベ/エ/ワ/ /ヒデ/ヨシ/ノ/ /グン/シ/ト/ /シ/テ/ /タク/エツ/ /シ/タ/ /チ/リャク/ヲ/ /ハッ/キ/ /シ/タ/ /ブ/ショー/デ/ /ア/リ/、/チュー/ゴク/ /オオ/ガエ/シ/ノ/ /ケン/サク/ヤ/ /シロ/ゼ/メ/ノ/ /サク/リャク/ナ/ド/ /カズ/カズ/ノ/ /キョク/メン/デ/ /サイ/チ/ヲ/ /シメ/シ/、/ヒデ/ヨシ/ガ/ /モット/モ/ /オソ/レ/タ/ /ブ/カ/ト/モ/ /イ/ワ/レ/テ/ /イ/ル/。
竹中半兵衛は若い頃に稲葉山城をわずかな手勢で乗っ取ったという逸話で知られる天才軍師であり、黒田官兵衛と並び称されて秀吉の参謀として三十六歳の若さで病没した人物である。	タケ/ナカ/ /ハン/ベ/エ/ワ/ /ワカ/イ/ /コロ/ニ/ /イナ/バ/ヤマ/ジョー/ヲ/ /ワ/ズ/カ/ナ/ /テ/ゼイ/デ/ /ノ/ッ/ト/ッ/タ/ト/ /イ/ウ/ /イツ/ワ/デ/ /シ/ラ/レ/ル/ /テン/サイ/ /グン/シ/デ/ /ア/リ/、/クロ/ダ/ /カン/ベ/エ/ト/ /ナラ/ビ/ /ショー/サ/レ/テ/ /ヒデ/ヨシ/ノ/ /サン/ボー/ト/ /シ/テ/ /3/_/6/サイ/ノ/ /ワカ/サ/デ/ /ビョー/ボツ/ /シ/タ/ /ジン/ブツ/デ/ /ア/ル/。
千利休は茶の湯の精神を極限まで突き詰めた侘茶の集大成者として知られ、信長と秀吉の二代にわたって茶頭として仕えたが最終的に秀吉の怒りを買い切腹を命じられた文化人である。	センノ/ /リ/キュー/ワ/ /チャ/ノ/ユ/ノ/ /セイ/シン/ヲ/ /キョク/ゲン/マ/デ/ /ツ/キ/ツ/メ/タ/ /ワビ/チャ/ノ/ /シュー/タイ/セイ/シャ/ト/ /シ/テ/ /シ/ラ/レ/、/ノブ/ナガ/ト/ /ヒデ/ヨシ/ノ/ /2/ダイ/ニ/ /ワ/タ/ッ/テ/ /サ/ドー/ト/ /シ/テ/ /ツカ/エ/タ/ガ/ /サイ/シュー/テキ/ニ/ /ヒデ/ヨシ/ノ/ /イカ/リ/ヲ/ /カ/イ/ /セッ/プク/ヲ/ /メイ/ジ/ラ/レ/タ/ /ブン/カ/ジン/デ/ /ア/ル/。
戦国時代の茶の湯は単なる芸術にとどまらず外交や政治の場としても機能しており、大名間の交渉や臣下への恩賞として茶器が扱われるなど政治的文脈を強く帯びた文化的営みであった。	セン/ゴク/ /ジ/ダイ/ノ/ /チャ/ノ/ユ/ワ/ /タン/ナ/ル/ /ゲイ/ジュツ/ニ/ /ト/ド/マ/ラ/ズ/ /ガイ/コー/ヤ/ /セイ/ジ/ノ/ /バ/ト/ /シ/テ/モ/ /キ/ノー/ /シ/テ/ /オ/リ/、/ダイ/ミョー/カン/ノ/ /コー/ショー/ヤ/ /シン/カ/エ/ノ/ /オン/ショー/ト/ /シ/テ/ /チャ/キ/ガ/ /アツカ/ワ/レ/ル/ナ/ド/ /セイ/ジ/テキ/ /ブン/ミャク/ヲ/ /ツヨ/ク/ /オ/ビ/タ/ /ブン/カ/テキ/ /イトナ/ミ/デ/ /ア/ッ/タ/。
忍者は戦国時代の諜報や暗殺・撹乱工作を担った集団であり、伊賀と甲賀が著名な産地として知られているが、忍者の多くは農民や武士が副業的に担った実態が研究によって明らかになっている。	ニン/ジャ/ワ/ /セン/ゴク/ /ジ/ダイ/ノ/ /チョー/ホー/ヤ/ /アン/サツ/・/カク/ラン/ /コー/サク/ヲ/ /ニナ/ッ/タ/ /シュー/ダン/デ/ /ア/リ/、/イ/ガ/ト/ /コー/ガ/ガ/ /チョ/メイ/ナ/ /サン/チ/ト/ /シ/テ/ /シ/ラ/レ/テ/ /イ/ル/ガ/、/ニン/ジャ/ノ/ /オオ/ク/ワ/ /ノー/ミン/ヤ/ /ブ/シ/ガ/ /フク/ギョー/テキ/ニ/ /ニナ/ッ/タ/ /ジッ/タイ/ガ/ /ケン/キュー/ニ/ /ヨ/ッ/テ/ /アキ/ラ/カ/ニ/ /ナ/ッ/テ/ /イ/ル/。
分国法とは戦国大名が独自の支配地域に適用するために制定した法令の総称であり、今川仮名目録や塵芥集などが著名で、幕府法に依存せず独立した統治体制を確立するための重要な基盤であった。	ブン/コク/ホー/ト/ワ/ /セン/ゴク/ /ダイ/ミョー/ガ/ /ドク/ジ/ノ/ /シ/ハイ/ /チ/イキ/ニ/ /テキ/ヨー/ /ス/ル/ /タ/メ/ニ/ /セイ/テイ/ /シ/タ/ /ホー/レイ/ノ/ /ソー/ショー/デ/ /ア/リ/、/イマ/ガワ/ /カ/ナ/ /モク/ロク/ヤ/ /ジン/カイ/シュー/ナ/ド/ガ/ /チョ/メイ/デ/、/バク/フ/ /ホー/ニ/ /イ/ゾン/ /セ/ズ/ /ドク/リツ/ /シ/タ/ /トー/チ/ /タイ/セイ/ヲ/ /カク/リツ/ /ス/ル/ /タ/メ/ノ/ /ジュー/ヨー/ナ/ /キ/バン/デ/ /ア/ッ/タ/。
戦国大名は荒廃した農村を復興するために治水・灌漑事業に力を入れており、信玄堤と呼ばれる武田信玄が整備したとされる治水施設は現代においても一部がその機能を保っている。	セン/ゴク/ /ダイ/ミョー/ワ/ /コー/ハイ/ /シ/タ/ /ノー/ソン/ヲ/ /フッ/コー/ /ス/ル/ /タ/メ/ニ/ /チ/スイ/・/カン/ガイ/ /ジ/ギョー/ニ/ /チカラ/ヲ/ /イ/レ/テ/ /オ/リ/、/シン/ゲン/テイ/ト/ /ヨ/バ/レ/ル/ /タケ/ダ/ /シン/ゲン/ガ/ /セイ/ビ/ /シ/タ/ト/ /サ/レ/ル/ /チ/スイ/ /シ/セツ/ワ/ /ゲン/ダイ/ニ/ /オ/イ/テ/モ/ /イチ/ブ/ガ/ /ソ/ノ/ /キ/ノー/ヲ/ /タモ/ッ/テ/ /イ/ル/。
戦国時代から安土桃山時代にかけて日本各地では城下町が発展し、職人や商人が城を中心に集住することで都市的な空間が形成され近世の都市社会の原型が生まれた時期であった。	セン/ゴク/ /ジ/ダイ/カ/ラ/ /ア/ヅチ/ /モモ/ヤマ/ /ジ/ダイ/ニ/ /カ/ケ/テ/ /ニ/ホン/ /カク/チ/デ/ワ/ /ジョー/カ/マチ/ガ/ /ハッ/テン/ /シ/、/ショク/ニン/ヤ/ /ショー/ニン/ガ/ /シロ/ヲ/ /チュー/シン/ニ/ /シュー/ジュー/ /ス/ル/ /コ/ト/デ/ /ト/シ/テキ/ナ/ /クー/カン/ガ/ /ケイ/セイ/ /サ/レ/ /キン/セイ/ノ/ /ト/シ/ /シャ/カイ/ノ/ /ゲン/ケイ/ガ/ /ウ/マ/レ/タ/ /ジ/キ/デ/ /ア/ッ/タ/。
オリンピックは四年に一度開催される世界最大規模の総合スポーツ大会であり、夏季と冬季に分かれて実施され、平和の祭典として国籍や文化を超えたアスリートの競演の場となっている。	オ/リ/ン/ピ/ッ/ク/ワ/ /4/ネン/ニ/ /イチ/ド/ /カイ/サイ/ /サ/レ/ル/ /セ/カイ/ /サイ/ダイ/ /キ/ボ/ノ/ /ソー/ゴー/ /ス/ポ/ー/ツ/ /タイ/カイ/デ/ /ア/リ/、/カ/キ/ト/ /トー/キ/ニ/ /ワ/カ/レ/テ/ /ジッ/シ/ /サ/レ/、/ヘイ/ワ/ノ/ /サイ/テン/ト/ /シ/テ/ /コク/セキ/ヤ/ /ブン/カ/ヲ/ /コ/エ/タ/ /ア/ス/リ/ー/ト/ノ/ /キョー/エン/ノ/ /バ/ト/ /ナ/ッ/テ/ /イ/ル/。
サッカーのワールドカップは四年ごとに開催されるFIFA主催の国際大会であり、世界二百を超える国と地域の代表チームが予選を経て三十二か国の出場権をかけて戦う地球最大のスポーツイベントである。	サ/ッ/カ/ー/ノ/ /ワ/ー/ル/ド/ /カ/ッ/プ/ワ/ /4/ネン/ゴ/ト/ニ/ /カイ/サイ/ /サ/レ/ル/ /FIFA/ /シュ/サイ/ノ/ /コク/サイ/ /タイ/カイ/デ/ /ア/リ/、/セ/カイ/ /2/00/ヲ/ /コ/エ/ル/ /クニ/ト/ /チ/イキ/ノ/ /ダイ/ヒョー/ /チ/ー/ム/ガ/ /ヨ/セン/ヲ/ /ヘ/テ/ /3/_/2/カ/コク/ノ/ /シュツ/ジョー/ケン/ヲ/ /カ/ケ/テ/ /タタカ/ウ/ /チ/キュー/ /サイ/ダイ/ノ/ /ス/ポ/ー/ツ/ /イ/ベ/ン/ト/デ/ /ア/ル/。
野球はアメリカ発祥のスポーツであり、日本には明治時代に伝わって以来国民的競技として定着し、プロ野球のペナントレースは春から秋にかけて多くのファンを熱狂させる興行である。	ヤ/キュー/ワ/ /ア/メ/リ/カ/ /ハッ/ショー/ノ/ /ス/ポ/ー/ツ/デ/ /ア/リ/、/ニ/ホン/ニ/ワ/ /メイ/ジ/ /ジ/ダイ/ニ/ /ツタ/ワ/ッ/テ/ /イ/ライ/ /コク/ミン/テキ/ /キョー/ギ/ト/ /シ/テ/ /テイ/チャク/ /シ/、/プ/ロ/ /ヤ/キュー/ノ/ /ペ/ナ/ン/ト/ /レ/ー/ス/ワ/ /ハル/カ/ラ/ /アキ/ニ/ /カ/ケ/テ/ /オオ/ク/ノ/ /ファ/ン/ヲ/ /ネッ/キョー/ /サ/セ/ル/ /コー/ギョー/デ/ /ア/ル/。
バスケットボールはアメリカのジェームズ・ネイスミスが一八九一年に考案したスポーツであり、五人制の室内競技として世界各国で広く普及し、NBAは世界最高峰のプロリーグとして知られる。	バ/ス/ケ/ッ/ト/ /ボ/ー/ル/ワ/ /ア/メ/リ/カ/ノ/ /ジェ/ー/ム/ズ/・/ネ/イ/ス/ミ/ス/ガ/ /1/8/9/1/ネン/ニ/ /コー/アン/ /シ/タ/ /ス/ポ/ー/ツ/デ/ /ア/リ/、/5/ニン/ /セイ/ノ/ /シツ/ナイ/ /キョー/ギ/ト/ /シ/テ/ /セ/カイ/ /カッ/コク/デ/ /ヒロ/ク/ /フ/キュー/ /シ/、/NBA/ワ/ /セ/カイ/ /サイ/コー/ホー/ノ/ /プ/ロ/ /リ/ー/グ/ト/ /シ/テ/ /シ/ラ/レ/ル/。
テニスは十九世紀にイギリスで現在の形に整備されたスポーツであり、四大大会であるウィンブルドン・全米・全仏・全豪オープンを制することが選手にとって最高の栄誉とされている。	テ/ニ/ス/ワ/ /1/9/セイ/キ/ニ/ /イ/ギ/リ/ス/デ/ /ゲン/ザイ/ノ/ /カタチ/ニ/ /セイ/ビ/ /サ/レ/タ/ /ス/ポ/ー/ツ/デ/ /ア/リ/、/4/ダイ/ /タイ/カイ/デ/ /ア/ル/ /ウィ/ン/ブ/ル/ド/ン/・/ゼン/ベイ/・/ゼン/フツ/・/ゼン/ゴー/ /オ/ー/プ/ン/ヲ/ /セイ/ス/ル/ /コ/ト/ガ/ /セン/シュ/ニ/ /ト/ッ/テ/ /サイ/コー/ノ/ /エイ/ヨ/ト/ /サ/レ/テ/ /イ/ル/。
陸上競技は走る・跳ぶ・投げるという人間の基本運動能力を競う競技群であり、オリンピックの中心的位置を占め、百メートル走の世界記録は人類の速さへの飽くなき挑戦を体現している。	リク/ジョー/ /キョー/ギ/ワ/ /ハシ/ル/・/ト/ブ/・/ナ/ゲ/ル/ト/ /イ/ウ/ /ニン/ゲン/ノ/ /キ/ホン/ /ウン/ドー/ /ノー/リョク/ヲ/ /キソ/ウ/ /キョー/ギ/グン/デ/ /ア/リ/、/オ/リ/ン/ピ/ッ/ク/ノ/ /チュー/シン/テキ/ /イ/チ/ヲ/ /シ/メ/、/100/メ/ー/ト/ル/ソー/ノ/ /セ/カイ/ /キ/ロク/ワ/ /ジン/ルイ/ノ/ /ハヤ/サ/エ/ノ/ /ア/ク/ /ナ/キ/ /チョー/セン/ヲ/ /タイ/ゲン/ /シ/テ/ /イ/ル/。
水泳は全身の筋肉を使う全身運動であり、オリンピックでは個人種目のほかリレーも行われ、マイケル・フェルプスが生涯で二十三個の金メダルを獲得した最多記録を持つ競技でもある。	スイ/エイ/ワ/ /ゼン/シン/ノ/ /キン/ニク/ヲ/ /ツカ/ウ/ /ゼン/シン/ /ウン/ドー/デ/ /ア/リ/、/オ/リ/ン/ピ/ッ/ク/デ/ワ/ /コ/ジン/ /シュ/モク/ノ/ /ホ/カ/ /リ/レ/ー/モ/ /オコナ/ワ/レ/、/マ/イ/ケ/ル/・/フェ/ル/プ/ス/ガ/ /ショー/ガイ/デ/ /2/_/3/コ/ノ/ /キン/メ/ダ/ル/ヲ/ /カク/トク/ /シ/タ/ /サイ/タ/ /キ/ロク/ヲ/ /モ/ツ/ /キョー/ギ/デ/モ/ /ア/ル/。
柔道は嘉納治五郎が一八八二年に創設した日本発祥の武道であり、礼節と相手への敬意を重んじる精神的側面でも評価され、一九六四年の東京オリンピックから正式競技となった。	ジュー/ドー/ワ/ /カ/ノー/ /ジ/ゴ/ロー/ガ/ /1/8/8/2/ネン/ニ/ /ソー/セツ/ /シ/タ/ /ニ/ホン/ /ハッ/ショー/ノ/ /ブ/ドー/デ/ /ア/リ/、/レイ/セツ/ト/ /アイ/テ/エ/ノ/ /ケイ/イ/ヲ/ /オモ/ン/ジ/ル/ /セイ/シン/テキ/ /ソク/メン/デ/モ/ /ヒョー/カ/ /サ/レ/、/1/9/6/4/ネン/ノ/ /トー/キョー/ /オ/リ/ン/ピ/ッ/ク/カ/ラ/ /セイ/シキ/ /キョー/ギ/ト/ /ナ/ッ/タ/。
相撲は日本の国技として長い歴史を持つ格闘技であり、力士が土俵の上で相手を倒すか土俵の外に押し出すことを競うシンプルなルールの中に高度な技術と精神的鍛錬が凝縮されている。	ス/モー/ワ/ /ニ/ホン/ノ/ /コク/ギ/ト/ /シ/テ/ /ナガ/イ/ /レキ/シ/ヲ/ /モ/ツ/ /カク/トー/ギ/デ/ /ア/リ/、/リキ/シ/ガ/ /ド/ヒョー/ノ/ /ウエ/デ/ /アイ/テ/ヲ/ /タオ/ス/カ/ /ド/ヒョー/ノ/ /ソト/ニ/ /オ/シ/ダ/ス/ /コ/ト/ヲ/ /キソ/ウ/ /シ/ン/プ/ル/ナ/ /ル/ー/ル/ノ/ /ナカ/ニ/ /コー/ド/ナ/ /ギ/ジュツ/ト/ /セイ/シン/テキ/ /タン/レン/ガ/ /ギョー/シュク/ /サ/レ/テ/ /イ/ル/。
ラグビーは十五人対十五人が楕円形のボールを奪い合う激しいコンタクトスポーツであり、「ノーサイド」の精神に象徴されるフェアプレーの精神が世界中の愛好家に深く根付いている。	ラ/グ/ビ/ー/ワ/ /1/5/ニン/ /タイ/ /1/5/ニン/ガ/ /ダ/エン/ケイ/ノ/ /ボ/ー/ル/ヲ/ /ウバ/イ/ア/ウ/ /ハゲ/シ/イ/ /コ/ン/タ/ク/ト/ /ス/ポ/ー/ツ/デ/ /ア/リ/、/「/ノ/ー/サ/イ/ド/」/ノ/ /セイ/シン/ニ/ /ショー/チョー/ /サ/レ/ル/ /フェ/ア/ /プ/レ/ー/ノ/ /セイ/シン/ガ/ /セ/カイ/ジュー/ノ/ /アイ/コー/カ/ニ/ /フカ/ク/ /ネ/ヅ/イ/テ/ /イ/ル/。
ゴルフはスコットランドを発源とする十五世紀頃に遡ることができるスポーツであり、広大なコースを少ない打数でまわることを競う競技で、メジャー四大会での優勝を頂点とする体系がある。	ゴ/ル/フ/ワ/ /ス/コ/ッ/ト/ラ/ン/ド/ヲ/ /ハツ/ゲン/ト/ /ス/ル/ /1/5/セイ/キ/ /コロ/ニ/ /サカノボ/ル/ /コ/ト/ガ/ /デ/キ/ル/ /ス/ポ/ー/ツ/デ/ /ア/リ/、/コー/ダイ/ナ/ /コ/ー/ス/ヲ/ /スク/ナ/イ/ /ダ/スー/デ/ /マ/ワ/ル/ /コ/ト/ヲ/ /キソ/ウ/ /キョー/ギ/デ/、/メ/ジャ/ー/ /4/タイ/カイ/デ/ノ/ /ユー/ショー/ヲ/ /チョー/テン/ト/ /ス/ル/ /タイ/ケイ/ガ/ /ア/ル/。
バレーボールは一八九五年にアメリカで考案された競技であり、六人制と九人制が存在し、日本では長く九人制が主流だったが現在は国際基準の六人制が主流となっている団体球技である。	バ/レ/ー/ /ボ/ー/ル/ワ/ /1/8/9/5/ネン/ニ/ /ア/メ/リ/カ/デ/ /コー/アン/ /サ/レ/タ/ /キョー/ギ/デ/ /ア/リ/、/6/ニン/セイ/ト/ /9/ニン/セイ/ガ/ /ソン/ザイ/ /シ/、/ニ/ホン/デ/ワ/ /ナガ/ク/ /9/ニン/セイ/ガ/ /シュ/リュー/ダ/ッ/タ/ガ/ /ゲン/ザイ/ワ/ /コク/サイ/ /キ/ジュン/ノ/ /6/ニン/セイ/ガ/ /シュ/リュー/ト/ /ナ/ッ/テ/ /イ/ル/ /ダン/タイ/ /キュー/ギ/デ/ /ア/ル/。
マラソンはギリシャのマラトンからアテネへの伝説的な走りに由来する四十二・一九五キロメートルの長距離走であり、体力だけでなく精神的な強靭さとペース配分の駆け引きが勝負を左右する。	マ/ラ/ソ/ン/ワ/ /ギ/リ/シャ/ノ/ /マ/ラ/ト/ン/カ/ラ/ /ア/テ/ネ/エ/ノ/ /デン/セツ/テキ/ナ/ /ハシ/リ/ニ/ /ユ/ライ/ /ス/ル/ /4/_/2/./1/9/5/キ/ロ/メ/ー/ト/ル/ノ/ /チョー/キョ/リ/ソー/デ/ /ア/リ/、/タイ/リョク/ダ/ケ/デ/ /ナ/ク/ /セイ/シン/テキ/ナ/ /キョー/ジン/サ/ト/ /ペ/ー/ス/ /ハイ/ブン/ノ/ /カ/ケ/ヒ/キ/ガ/ /ショー/ブ/ヲ/ /サ/ユー/ /ス/ル/。
卓球は小さな球を使った室内スポーツであり、世界最速クラスの瞬発力と反射神経が要求される競技で、中国が長年世界最高水準を維持し国際大会でも多くの金メダルを独占し続けている。	タッ/キュー/ワ/ /チイ/サ/ナ/ /タマ/ヲ/ /ツカ/ッ/タ/ /シツ/ナイ/ /ス/ポ/ー/ツ/デ/ /ア/リ/、/セ/カイ/ /サイ/ソク/ /ク/ラ/ス/ノ/ /シュン/パツ/リョク/ト/ /ハン/シャ/ /シン/ケイ/ガ/ /ヨー/キュー/ /サ/レ/ル/ /キョー/ギ/デ/、/チュー/ゴク/ガ/ /ナガ/ネン/ /セ/カイ/ /サイ/コー/ /スイ/ジュン/ヲ/ /イ/ジ/ /シ/ /コク/サイ/ /タイ/カイ/デ/モ/ /オオ/ク/ノ/ /キン/メ/ダ/ル/ヲ/ /ドク/セン/ /シ/ツヅ/ケ/テ/ /イ/ル/。
フィギュアスケートは氷上で音楽に合わせて演技する競技であり、ジャンプやスピン・ステップを組み合わせた芸術性と技術点の両面で採点される芸術的かつ高度に技術的な競技である。	フィ/ギュ/ア/ /ス/ケ/ー/ト/ワ/ /ヒョー/ジョー/デ/ /オン/ガク/ニ/ /ア/ワ/セ/テ/ /エン/ギ/ /ス/ル/ /キョー/ギ/デ/ /ア/リ/、/ジャ/ン/プ/ヤ/ /ス/ピ/ン/・/ス/テ/ッ/プ/ヲ/ /ク/ミ/ア/ワ/セ/タ/ /ゲイ/ジュツ/セイ/ト/ /ギ/ジュツ/テン/ノ/ /リョー/メン/デ/ /サイ/テン/ /サ/レ/ル/ /ゲイ/ジュツ/テキ/ /カ/ツ/ /コー/ド/ニ/ /ギ/ジュツ/テキ/ナ/ /キョー/ギ/デ/ /ア/ル/。
スキーは雪上を滑降または回転しながら速さと技術を競うウインタースポーツの代表格であり、アルペン・クロスカントリー・ジャンプなど多くの種目がオリンピックの正式競技となっている。	ス/キ/ー/ワ/ /セツ/ジョー/ヲ/ /カッ/コー/ /マ/タ/ワ/ /カイ/テン/ /シ/ナ/ガ/ラ/ /ハヤ/サ/ト/ /ギ/ジュツ/ヲ/ /キソ/ウ/ /ウ/イ/ン/タ/ー/ /ス/ポ/ー/ツ/ノ/ /ダイ/ヒョー/カク/デ/ /ア/リ/、/ア/ル/ペ/ン/・/ク/ロ/ス/ /カ/ン/ト/リ/ー/・/ジャ/ン/プ/ナ/ド/ /オオ/ク/ノ/ /シュ/モク/ガ/ /オ/リ/ン/ピ/ッ/ク/ノ/ /セイ/シキ/ /キョー/ギ/ト/ /ナ/ッ/テ/ /イ/ル/。
水球は七人制でプールの中でボールをゴールに投げ入れ得点を競う水中スポーツであり、泳力と球技技術を同時に要求される体力的消耗が激しい競技としてアスリートの間で知られている。	スイ/キュー/ワ/ /7/ニン/セイ/デ/ /プ/ー/ル/ノ/ /ナカ/デ/ /ボ/ー/ル/ヲ/ /ゴ/ー/ル/ニ/ /ナ/ゲ/イ/レ/ /トク/テン/ヲ/ /キソ/ウ/ /スイ/チュー/ /ス/ポ/ー/ツ/デ/ /ア/リ/、/エイ/リョク/ト/ /キュー/ギ/ /ギ/ジュツ/ヲ/ /ドー/ジ/ニ/ /ヨー/キュー/ /サ/レ/ル/ /タイ/リョク/テキ/ /ショー/モー/ガ/ /ハゲ/シ/イ/ /キョー/ギ/ト/ /シ/テ/ /ア/ス/リ/ー/ト/ノ/ /アイダ/デ/ /シ/ラ/レ/テ/ /イ/ル/。
自転車競技にはトラック・ロード・マウンテンバイク・BMXなど多様な種目があり、ツール・ド・フランスは三週間以上にわたって行われる世界最難関の自転車ロードレースとして名高い。	ジ/テン/シャ/ /キョー/ギ/ニ/ワ/ /ト/ラ/ッ/ク/・/ロ/ー/ド/・/マ/ウ/ン/テ/ン/ /バ/イ/ク/・/BMX/ナ/ド/ /タ/ヨー/ナ/ /シュ/モク/ガ/ /ア/リ/、/ツ/ー/ル/・/ド/・/フ/ラ/ン/ス/ワ/ /3/シュー/カン/ /イ/ジョー/ニ/ /ワ/タ/ッ/テ/ /オコナ/ワ/レ/ル/ /セ/カイ/ /サイ/ナン/カン/ノ/ /ジ/テン/シャ/ /ロ/ー/ド/ /レ/ー/ス/ト/ /シ/テ/ /ナ/ダカ/イ/。
ボクシングは拳で相手の上半身を打ち合うスポーツであり、世界ボクシング評議会など複数の団体が並立する独特の組織構造を持ち、日本でも世界チャンピオンを多数輩出してきた格闘技である。	ボ/ク/シ/ン/グ/ワ/ /コブシ/デ/ /アイ/テ/ノ/ /ジョー/ハン/シン/ヲ/ /ウ/チ/ア/ウ/ /ス/ポ/ー/ツ/デ/ /ア/リ/、/セ/カイ/ /ボ/ク/シ/ン/グ/ /ヒョー/ギ/カイ/ナ/ド/ /フク/スー/ノ/ /ダン/タイ/ガ/ /ヘイ/リツ/ /ス/ル/ /ドク/トク/ノ/ /ソ/シキ/ /コー/ゾー/ヲ/ /モ/チ/、/ニ/ホン/デ/モ/ /セ/カイ/ /チャ/ン/ピ/オ/ン/ヲ/ /タ/スー/ /ハイ/シュツ/ /シ/テ/ /キ/タ/ /カク/トー/ギ/デ/ /ア/ル/。
プロ野球の日本一を決める日本シリーズは毎年秋にパ・リーグとセ・リーグの覇者が激突する頂上決戦であり、七戦制で四勝したチームが日本一の栄冠に輝く伝統ある大会である。	プ/ロ/ /ヤ/キュー/ノ/ /ニ/ホン/ /1/ヲ/ /キ/メ/ル/ /ニ/ホン/ /シ/リ/ー/ズ/ワ/ /マイ/トシ/ /アキ/ニ/ /パ/・/リ/ー/グ/ト/ /セ/・/リ/ー/グ/ノ/ /ハ/シャ/ガ/ /ゲキ/トツ/ /ス/ル/ /チョー/ジョー/ /ケッ/セン/デ/ /ア/リ/、/7/セン/セイ/デ/ /4/ショー/ /シ/タ/ /チ/ー/ム/ガ/ /ニ/ホン/ /1/ノ/ /エイ/カン/ニ/ /カガヤ/ク/ /デン/トー/ /ア/ル/ /タイ/カイ/デ/ /ア/ル/。
高校野球の全国選手権大会は毎年夏に甲子園球場で開催され、全国から集まった高校生が甲子園の土を踏むことを夢見て戦う青春の大舞台として多くの国民が熱い視線を注いでいる。	コー/コー/ /ヤ/キュー/ノ/ /ゼン/コク/ /セン/シュ/ケン/ /タイ/カイ/ワ/ /マイ/トシ/ /ナツ/ニ/ /コー/シ/エン/ /キュー/ジョー/デ/ /カイ/サイ/ /サ/レ/、/ゼン/コク/カ/ラ/ /アツ/マ/ッ/タ/ /コー/コー/セイ/ガ/ /コー/シ/エン/ノ/ /ツチ/ヲ/ /フ/ム/ /コ/ト/ヲ/ /ユメ/ /ミ/テ/ /タタカ/ウ/ /セイ/シュン/ノ/ /ダイ/ブ/タイ/ト/ /シ/テ/ /オオ/ク/ノ/ /コク/ミン/ガ/ /アツ/イ/ /シ/セン/ヲ/ /ソソ/イ/デ/ /イ/ル/。
サッカーJリーグは一九九三年に日本初のプロサッカーリーグとして開幕し、地域に根ざしたクラブ経営という理念のもとで発展を遂げ、今では全国各地にクラブが存在する一大リーグとなった。	サ/ッ/カ/ー/ /j/ /リ/ー/グ/ワ/ /1/9/9/3/ネン/ニ/ /ニ/ホン/ /ハツ/ノ/ /プ/ロ/ /サ/ッ/カ/ー/ /リ/ー/グ/ト/ /シ/テ/ /カイ/マク/ /シ/、/チ/イキ/ニ/ /ネ/ザ/シ/タ/ /ク/ラ/ブ/ /ケイ/エイ/ト/ /イ/ウ/ /リ/ネン/ノ/ /モ/ト/デ/ /ハッ/テン/ヲ/ /ト/ゲ/、/イマ/デ/ワ/ /ゼン/コク/ /カク/チ/ニ/ /ク/ラ/ブ/ガ/ /ソン/ザイ/ /ス/ル/ /イチ/ダイ/ /リ/ー/グ/ト/ /ナ/ッ/タ/。
バドミントンは羽根のついたシャトルをラケットで打ち合う室内スポーツであり、シャトルの速度が時速四〇〇キロメートルを超えることもある世界最速のラケットスポーツとして知られている。	バ/ド/ミ/ン/ト/ン/ワ/ /ハ/ネ/ノ/ /ツ/イ/タ/ /シャ/ト/ル/ヲ/ /ラ/ケ/ッ/ト/デ/ /ウ/チ/ア/ウ/ /シツ/ナイ/ /ス/ポ/ー/ツ/デ/ /ア/リ/、/シャ/ト/ル/ノ/ /ソク/ド/ガ/ /ジ/ソク/ /4/0/0/キ/ロ/メ/ー/ト/ル/ヲ/ /コ/エ/ル/ /コ/ト/モ/ /ア/ル/ /セ/カイ/ /サイ/ソク/ノ/ /ラ/ケ/ッ/ト/ /ス/ポ/ー/ツ/ト/ /シ/テ/ /シ/ラ/レ/テ/ /イ/ル/。
体操競技は床・あん馬・つり輪・跳馬・平行棒・鉄棒などの種目で技の難度と完成度を競う競技であり、日本は男子体操で長年にわたって世界トップ水準を保ち多くの金メダルを獲得してきた。	タイ/ソー/ /キョー/ギ/ワ/ /ユカ/・/ア/ン/バ/・/ツ/リ/ワ/・/チョー/バ/・/ヘイ/コー/ボー/・/テツ/ボー/ナ/ド/ノ/ /シュ/モク/デ/ /ワザ/ノ/ /ナン/ド/ト/ /カン/セイ/ド/ヲ/ /キソ/ウ/ /キョー/ギ/デ/ /ア/リ/、/ニ/ホン/ワ/ /ダン/シ/ /タイ/ソー/デ/ /ナガ/ネン/ニ/ /ワ/タ/ッ/テ/ /セ/カイ/ /ト/ッ/プ/ /スイ/ジュン/ヲ/ /タモ/チ/ /オオ/ク/ノ/ /キン/メ/ダ/ル/ヲ/ /カク/トク/ /シ/テ/ /キ/タ/。
ハンドボールは七人制で行われる団体球技であり、ゴールキーパーを除く選手がドリブルやパスでボールを運びゴールに投げ込む競技で、ヨーロッパ諸国で特に高い人気を誇るスポーツである。	ハ/ン/ド/ /ボ/ー/ル/ワ/ /7/ニン/セイ/デ/ /オコナ/ワ/レ/ル/ /ダン/タイ/ /キュー/ギ/デ/ /ア/リ/、/ゴ/ー/ル/ /キ/ー/パ/ー/ヲ/ /ノゾ/ク/ /セン/シュ/ガ/ /ド/リ/ブ/ル/ヤ/ /パ/ス/デ/ /ボ/ー/ル/ヲ/ /ハコ/ビ/ /ゴ/ー/ル/ニ/ /ナ/ゲ/コ/ム/ /キョー/ギ/デ/、/ヨ/ー/ロ/ッ/パ/ /ショ/コク/デ/ /トク/ニ/ /タカ/イ/ /ニン/キ/ヲ/ /ホコ/ル/ /ス/ポ/ー/ツ/デ/ /ア/ル/。
アメリカンフットボールはアメリカ最大の人気スポーツとして国民的な存在であり、スーパーボウルは単一の競技イベントとして世界最多級のテレビ視聴者数を記録する一大イベントである。	ア/メ/リ/カ/ン/ /フ/ッ/ト/ /ボ/ー/ル/ワ/ /ア/メ/リ/カ/ /サイ/ダイ/ノ/ /ニン/キ/ /ス/ポ/ー/ツ/ト/ /シ/テ/ /コク/ミン/テキ/ナ/ /ソン/ザイ/デ/ /ア/リ/、/ス/ー/パ/ー/ /ボ/ウ/ル/ワ/ /タン/イツ/ノ/ /キョー/ギ/ /イ/ベ/ン/ト/ト/ /シ/テ/ /セ/カイ/ /サイ/タ/キュー/ノ/ /テ/レ/ビ/ /シ/チョー/シャ/スー/ヲ/ /キ/ロク/ /ス/ル/ /イチ/ダイ/ /イ/ベ/ン/ト/デ/ /ア/ル/。
クリケットはイギリスで十六世紀頃に原型が生まれたスポーツであり、現在でも英連邦諸国を中心に強い人気を誇り、ワールドカップには百か国以上の代表チームが参加する国際競技である。	ク/リ/ケ/ッ/ト/ワ/ /イ/ギ/リ/ス/デ/ /1/6/セイ/キ/ /コロ/ニ/ /ゲン/ケイ/ガ/ /ウ/マ/レ/タ/ /ス/ポ/ー/ツ/デ/ /ア/リ/、/ゲン/ザイ/デ/モ/ /エイ/ /レン/ポー/ /ショ/コク/ヲ/ /チュー/シン/ニ/ /ツヨ/イ/ /ニン/キ/ヲ/ /ホコ/リ/、/ワ/ー/ル/ド/ /カ/ッ/プ/ニ/ワ/ /100/カ/コク/ /イ/ジョー/ノ/ /ダイ/ヒョー/ /チ/ー/ム/ガ/ /サン/カ/ /ス/ル/ /コク/サイ/ /キョー/ギ/デ/ /ア/ル/。
柔道の国際化に伴い階級制度や審判ルールは大きく変化しており、「一本」を最高の得点と位置づけながらも脚へのタックルが禁じられるなど継続的なルール改定が行われている競技である。	ジュー/ドー/ノ/ /コク/サイ/カ/ニ/ /トモナ/イ/ /カイ/キュー/ /セイ/ド/ヤ/ /シン/パン/ /ル/ー/ル/ワ/ /オオ/キ/ク/ /ヘン/カ/ /シ/テ/ /オ/リ/、/「/1/ポン/」/ヲ/ /サイ/コー/ノ/ /トク/テン/ト/ /イ/チ/ヅ/ケ/ナ/ガ/ラ/モ/ /アシ/エ/ノ/ /タ/ッ/ク/ル/ガ/ /キン/ジ/ラ/レ/ル/ナ/ド/ /ケイ/ゾク/テキ/ナ/ /ル/ー/ル/ /カイ/テイ/ガ/ /オコナ/ワ/レ/テ/ /イ/ル/ /キョー/ギ/デ/ /ア/ル/。
トライアスロンはスイム・バイク・ランの三種目を連続して行う持久系競技であり、オリンピック距離では合計約五十一キロ以上を一気にこなす過酷さが選手の総合的な体力と精神力を試す。	ト/ラ/イ/ア/ス/ロ/ン/ワ/ /ス/イ/ム/・/バ/イ/ク/・/ラ/ン/ノ/ /3/シュ/モク/ヲ/ /レン/ゾク/ /シ/テ/ /オコナ/ウ/ /ジ/キュー/ケイ/ /キョー/ギ/デ/ /ア/リ/、/オ/リ/ン/ピ/ッ/ク/ /キョ/リ/デ/ワ/ /ゴー/ケイ/ /ヤク/ /5/_/1/キ/ロ/ /イ/ジョー/ヲ/ /イッ/キ/ニ/ /コ/ナ/ス/ /カ/コク/サ/ガ/ /セン/シュ/ノ/ /ソー/ゴー/テキ/ナ/ /タイ/リョク/ト/ /セイ/シン/リョク/ヲ/ /タメ/ス/。
スポーツクライミングは人工壁や岩壁を登る競技であり、速さを競うスピード・ルートの高さを競うリード・限られた試技で高さに挑むボルダリングの三種目が東京オリンピックから正式競技となった。	ス/ポ/ー/ツ/ /ク/ラ/イ/ミ/ン/グ/ワ/ /ジン/コー/ヘキ/ヤ/ /ガン/ペキ/ヲ/ /ノボ/ル/ /キョー/ギ/デ/ /ア/リ/、/ハヤ/サ/ヲ/ /キソ/ウ/ /ス/ピ/ー/ド/・/ル/ー/ト/ノ/ /タカ/サ/ヲ/ /キソ/ウ/ /リ/ー/ド/・/カギ/ラ/レ/タ/ /シ/ギ/デ/ /タカ/サ/ニ/ /イド/ム/ /ボ/ル/ダ/リ/ン/グ/ノ/ /3/シュ/モク/ガ/ /トー/キョー/ /オ/リ/ン/ピ/ッ/ク/カ/ラ/ /セイ/シキ/ /キョー/ギ/ト/ /ナ/ッ/タ/。
卓球の世界選手権は長い歴史を持つ国際大会であり、中国はシングルスとダブルスを含む主要タイトルをほぼ独占する圧倒的な強さを誇り、世界最高の卓球大国として君臨し続けている。	タッ/キュー/ノ/ /セ/カイ/ /セン/シュ/ケン/ワ/ /ナガ/イ/ /レキ/シ/ヲ/ /モ/ツ/ /コク/サイ/ /タイ/カイ/デ/ /ア/リ/、/チュー/ゴク/ワ/ /シ/ン/グ/ル/ス/ト/ /ダ/ブ/ル/ス/ヲ/ /フク/ム/ /シュ/ヨー/ /タ/イ/ト/ル/ヲ/ /ホ/ボ/ /ドク/セン/ /ス/ル/ /アッ/トー/テキ/ナ/ /ツヨ/サ/ヲ/ /ホコ/リ/、/セ/カイ/ /サイ/コー/ノ/ /タッ/キュー/ /タイ/コク/ト/ /シ/テ/ /クン/リン/ /シ/ツヅ/ケ/テ/ /イ/ル/。
フェンシングは剣を用いて相手の有効部位を突いたり斬ったりすることで得点を競うスポーツであり、フルーレ・エペ・サーブルの三種目が存在し各種目で使用可能な有効面が異なっている。	フェ/ン/シ/ン/グ/ワ/ /ケン/ヲ/ /モチ/イ/テ/ /アイ/テ/ノ/ /ユー/コー/ /ブ/イ/ヲ/ /ツ/イ/タ/リ/ /キ/ッ/タ/リ/ /ス/ル/ /コ/ト/デ/ /トク/テン/ヲ/ /キソ/ウ/ /ス/ポ/ー/ツ/デ/ /ア/リ/、/フ/ル/ー/レ/・/エ/ペ/・/サ/ー/ブ/ル/ノ/ /3/シュ/モク/ガ/ /ソン/ザイ/ /シ/ /カク/ /シュ/モク/デ/ /シ/ヨー/ /カ/ノー/ナ/ /ユー/コー/メン/ガ/ /コト/ナ/ッ/テ/ /イ/ル/。
モータースポーツの最高峰とされるF1グランプリは年間二十戦以上が世界各地で開催される選手権シリーズであり、最先端の空力技術とエンジン性能を競う技術の粋を尽くした競技である。	モ/ー/タ/ー/ /ス/ポ/ー/ツ/ノ/ /サイ/コー/ホー/ト/ /サ/レ/ル/ /F1/ /グ/ラ/ン/プ/リ/ワ/ /ネン/カン/ /2/0/セン/ /イ/ジョー/ガ/ /セ/カイ/ /カク/チ/デ/ /カイ/サイ/ /サ/レ/ル/ /セン/シュ/ケン/ /シ/リ/ー/ズ/デ/ /ア/リ/、/サイ/セン/タン/ノ/ /クー/リョク/ /ギ/ジュツ/ト/ /エ/ン/ジ/ン/ /セイ/ノー/ヲ/ /キソ/ウ/ /ギ/ジュツ/ノ/ /スイ/ヲ/ /ツ/ク/シ/タ/ /キョー/ギ/デ/ /ア/ル/。
スケートボードは元はサーフィンの陸上練習として発達したストリートスポーツであり、東京オリンピックから正式競技となって若い世代を中心に爆発的な人気を世界中で獲得している。	ス/ケ/ー/ト/ボ/ー/ド/ワ/ /モト/ワ/ /サ/ー/フィ/ン/ノ/ /リク/ジョー/ /レン/シュー/ト/ /シ/テ/ /ハッ/タツ/ /シ/タ/ /ス/ト/リ/ー/ト/ /ス/ポ/ー/ツ/デ/ /ア/リ/、/トー/キョー/ /オ/リ/ン/ピ/ッ/ク/カ/ラ/ /セイ/シキ/ /キョー/ギ/ト/ /ナ/ッ/テ/ /ワカ/イ/ /セ/ダイ/ヲ/ /チュー/シン/ニ/ /バク/ハツ/テキ/ナ/ /ニン/キ/ヲ/ /セ/カイ/ジュー/デ/ /カク/トク/ /シ/テ/ /イ/ル/。
武道としての剣道は[竹刀]を用いた打突による一本を競うだけでなく、礼節や武士道精神の体現を重視しており、段位制度と段階的な学習体系が日本国内外で広く取り入れられている。	ブ/ドー/ト/ /シ/テ/ノ/ /ケン/ドー/ワ/ /シナイ/ヲ/ /モチ/イ/タ/ /ダ/トツ/ニ/ /ヨ/ル/ /1/ポン/ヲ/ /キソ/ウ/ダ/ケ/デ/ /ナ/ク/、/レイ/セツ/ヤ/ /ブ/シ/ドー/ /セイ/シン/ノ/ /タイ/ゲン/ヲ/ /ジュー/シ/ /シ/テ/ /オ/リ/、/ダン/イ/ /セイ/ド/ト/ /ダン/カイ/テキ/ナ/ /ガク/シュー/ /タイ/ケイ/ガ/ /ニ/ホン/ /コク/ナイ/ガイ/デ/ /ヒロ/ク/ /ト/リ/イ/レ/ラ/レ/テ/ /イ/ル/。
アーチェリーは弓を用いて標的の中心を狙う精密系スポーツであり、個人と団体の種目があり、微細な風や距離感の調整に加えて精神的な集中力が競技結果を左右する重要な要素となる。	ア/ー/チェ/リ/ー/ワ/ /ユミ/ヲ/ /モチ/イ/テ/ /ヒョー/テキ/ノ/ /チュー/シン/ヲ/ /ネラ/ウ/ /セイ/ミツ/ケイ/ /ス/ポ/ー/ツ/デ/ /ア/リ/、/コ/ジン/ト/ /ダン/タイ/ノ/ /シュ/モク/ガ/ /ア/リ/、/ビ/サイ/ナ/ /カゼ/ヤ/ /キョ/リ/カン/ノ/ /チョー/セイ/ニ/ /クワ/エ/テ/ /セイ/シン/テキ/ナ/ /シュー/チュー/リョク/ガ/ /キョー/ギ/ /ケッ/カ/ヲ/ /サ/ユー/ /ス/ル/ /ジュー/ヨー/ナ/ /ヨー/ソ/ト/ /ナ/ル/。
ラグビーのワールドカップは四年ごとに開催される世界大会であり、日本が二〇一九年に自国開催した際には予選プールでアイルランドとスコットランドを破るなど歴史的快進撃を演じた。	ラ/グ/ビ/ー/ノ/ /ワ/ー/ル/ド/ /カ/ッ/プ/ワ/ /4/ネン/ゴ/ト/ニ/ /カイ/サイ/ /サ/レ/ル/ /セ/カイ/ /タイ/カイ/デ/ /ア/リ/、/ニ/ホン/ガ/ /2/0/1/9/ネン/ニ/ /ジ/コク/ /カイ/サイ/ /シ/タ/ /サイ/ニ/ワ/ /ヨ/セン/ /プ/ー/ル/デ/ /ア/イ/ル/ラ/ン/ド/ト/ /ス/コ/ッ/ト/ラ/ン/ド/ヲ/ /ヤブ/ル/ナ/ド/ /レキ/シ/テキ/ /カイ/シン/ゲキ/ヲ/ /エン/ジ/タ/。
サーフィンは波を利用してボードで滑走しながら技を競うスポーツであり、東京オリンピックで正式競技に採用されて以来注目度が高まり、日本でも海沿いの地域を中心に愛好者が多い。	サ/ー/フィ/ン/ワ/ /ナミ/ヲ/ /リ/ヨー/ /シ/テ/ /ボ/ー/ド/デ/ /カッ/ソー/ /シ/ナ/ガ/ラ/ /ワザ/ヲ/ /キソ/ウ/ /ス/ポ/ー/ツ/デ/ /ア/リ/、/トー/キョー/ /オ/リ/ン/ピ/ッ/ク/デ/ /セイ/シキ/ /キョー/ギ/ニ/ /サイ/ヨー/ /サ/レ/テ/ /イ/ライ/ /チュー/モク/ド/ガ/ /タカ/マ/リ/、/ニ/ホン/デ/モ/ /ウミ/ゾ/イ/ノ/ /チ/イキ/ヲ/ /チュー/シン/ニ/ /アイ/コー/シャ/ガ/ /オオ/イ/。
競泳の自由形では選手は理論的にはどの泳法を使ってもよいが実際にはクロールがほぼ唯一の選択肢であり、前傾姿勢と高い回転数を維持するための体力と技術が勝敗を決める重要な鍵となる。	キョー/エイ/ノ/ /ジ/ユー/ガタ/デ/ワ/ /セン/シュ/ワ/ /リ/ロン/テキ/ニ/ワ/ /ド/ノ/ /エイ/ホー/ヲ/ /ツカ/ッ/テ/モ/ /ヨ/イ/ガ/ /ジッ/サイ/ニ/ワ/ /ク/ロ/ー/ル/ガ/ /ホ/ボ/ /ユイ/イツ/ノ/ /セン/タク/シ/デ/ /ア/リ/、/ゼン/ケイ/ /シ/セイ/ト/ /タカ/イ/ /カイ/テン/スー/ヲ/ /イ/ジ/ /ス/ル/ /タ/メ/ノ/ /タイ/リョク/ト/ /ギ/ジュツ/ガ/ /ショー/ハイ/ヲ/ /キ/メ/ル/ /ジュー/ヨー/ナ/ /カギ/ト/ /ナ/ル/。
スポーツにおけるドーピング問題は国際的な課題であり、世界反ドーピング機関が設立されて各競技団体と連携しながら検査体制の強化と禁止物質リストの更新を継続的に行っている。	ス/ポ/ー/ツ/ニ/ /オ/ケ/ル/ /ド/ー/ピ/ン/グ/ /モン/ダイ/ワ/ /コク/サイ/テキ/ナ/ /カ/ダイ/デ/ /ア/リ/、/セ/カイ/ /ハン/ /ド/ー/ピ/ン/グ/ /キ/カン/ガ/ /セツ/リツ/ /サ/レ/テ/ /カク/ /キョー/ギ/ /ダン/タイ/ト/ /レン/ケイ/ /シ/ナ/ガ/ラ/ /ケン/サ/ /タイ/セイ/ノ/ /キョー/カ/ト/ /キン/シ/ /ブッ/シツ/ /リ/ス/ト/ノ/ /コー/シン/ヲ/ /ケイ/ゾク/テキ/ニ/ /オコナ/ッ/テ/ /イ/ル/。
駅伝は日本独自のロードリレー競技であり、正月の箱根駅伝と出雲・全日本と合わせた三大駅伝は大学生ランナーにとって最大の晴れ舞台として毎年多くの視聴者の注目を集めている。	エキ/デン/ワ/ /ニ/ホン/ /ドク/ジ/ノ/ /ロ/ー/ド/ /リ/レ/ー/ /キョー/ギ/デ/ /ア/リ/、/ショー/ガツ/ノ/ /ハコ/ネ/ /エキ/デン/ト/ /イズ/モ/・/ゼン/ニ/ホン/ト/ /ア/ワ/セ/タ/ /3/ダイ/ /エキ/デン/ワ/ /ダイ/ガク/セイ/ /ラ/ン/ナ/ー/ニ/ /ト/ッ/テ/ /サイ/ダイ/ノ/ /ハ/レ/ブ/タイ/ト/ /シ/テ/ /マイ/トシ/ /オオ/ク/ノ/ /シ/チョー/シャ/ノ/ /チュー/モク/ヲ/ /アツ/メ/テ/ /イ/ル/。
アイスホッケーは六人制で氷上を高速スケートで駆け回りながらパックをゴールに叩き込むスポーツであり、NHLは北米に本拠を置く世界最高水準のプロリーグとして全世界にファンを持つ。	ア/イ/ス/ /ホ/ッ/ケ/ー/ワ/ /6/ニン/セイ/デ/ /ヒョー/ジョー/ヲ/ /コー/ソク/ /ス/ケ/ー/ト/デ/ /カ/ケ/マワ/リ/ナ/ガ/ラ/ /パ/ッ/ク/ヲ/ /ゴ/ー/ル/ニ/ /タタ/キ/コ/ム/ /ス/ポ/ー/ツ/デ/ /ア/リ/、/NHL/ワ/ /ホク/ベイ/ニ/ /ホン/キョ/ヲ/ /オ/ク/ /セ/カイ/ /サイ/コー/ /スイ/ジュン/ノ/ /プ/ロ/ /リ/ー/グ/ト/ /シ/テ/ /ゼン/セ/カイ/ニ/ /ファ/ン/ヲ/ /モ/ツ/。
スポーツ心理学はアスリートの競技パフォーマンスを引き出すための精神的サポートを科学的に研究する分野であり、集中力強化・スランプ克服・チームビルディングなどを扱う応用科学である。	ス/ポ/ー/ツ/ /シン/リ/ガク/ワ/ /ア/ス/リ/ー/ト/ノ/ /キョー/ギ/ /パ/フォ/ー/マ/ン/ス/ヲ/ /ヒ/キ/ダ/ス/ /タ/メ/ノ/ /セイ/シン/テキ/ /サ/ポ/ー/ト/ヲ/ /カ/ガク/テキ/ニ/ /ケン/キュー/ /ス/ル/ /ブン/ヤ/デ/ /ア/リ/、/シュー/チュー/リョク/ /キョー/カ/・/ス/ラ/ン/プ/ /コク/フク/・/チ/ー/ム/ /ビ/ル/ディ/ン/グ/ナ/ド/ヲ/ /アツカ/ウ/ /オー/ヨー/ /カ/ガク/デ/ /ア/ル/。
ウエイトリフティングは特定の重量のバーベルをスナッチとクリーン＆ジャークの二種目で挙上してその合計重量を競う競技であり、瞬発力と技術的精度の双方を極限まで高める必要がある。	ウ/エ/イ/ト/ /リ/フ/ティ/ン/グ/ワ/ /トク/テイ/ノ/ /ジュー/リョー/ノ/ /バ/ー/ベ/ル/ヲ/ /ス/ナ/ッ/チ/ト/ /ク/リ/ー/ン/＆/ジャ/ー/ク/ノ/ /2/シュ/モク/デ/ /キョ/ジョー/ /シ/テ/ /ソ/ノ/ /ゴー/ケイ/ /ジュー/リョー/ヲ/ /キソ/ウ/ /キョー/ギ/デ/ /ア/リ/、/シュン/パツ/リョク/ト/ /ギ/ジュツ/テキ/ /セイ/ド/ノ/ /ソー/ホー/ヲ/ /キョク/ゲン/マ/デ/ /タカ/メ/ル/ /ヒツ/ヨー/ガ/ /ア/ル/。
パラリンピックは障害を持つアスリートが参加する国際競技大会であり、オリンピックと同じ都市で時期を合わせて開催される慣例が定着し、アスリートの多様性を称える世界的祭典である。	パ/ラ/リ/ン/ピ/ッ/ク/ワ/ /ショー/ガイ/ヲ/ /モ/ツ/ /ア/ス/リ/ー/ト/ガ/ /サン/カ/ /ス/ル/ /コク/サイ/ /キョー/ギ/ /タイ/カイ/デ/ /ア/リ/、/オ/リ/ン/ピ/ッ/ク/ト/ /オナ/ジ/ /ト/シ/デ/ /ジ/キ/ヲ/ /ア/ワ/セ/テ/ /カイ/サイ/ /サ/レ/ル/ /カン/レイ/ガ/ /テイ/チャク/ /シ/、/ア/ス/リ/ー/ト/ノ/ /タ/ヨー/セイ/ヲ/ /タタ/エ/ル/ /セ/カイ/テキ/ /サイ/テン/デ/ /ア/ル/。
スポーツ栄養学はアスリートの競技パフォーマンスと回復力を最大化するために食事と栄養摂取を科学的に最適化する応用分野であり、プロ選手の専属管理栄養士の役割は年々高まっている。	ス/ポ/ー/ツ/ /エイ/ヨー/ガク/ワ/ /ア/ス/リ/ー/ト/ノ/ /キョー/ギ/ /パ/フォ/ー/マ/ン/ス/ト/ /カイ/フク/リョク/ヲ/ /サイ/ダイ/カ/ /ス/ル/ /タ/メ/ニ/ /ショク/ジ/ト/ /エイ/ヨー/ /セッ/シュ/ヲ/ /カ/ガク/テキ/ニ/ /サイ/テキ/カ/ /ス/ル/ /オー/ヨー/ /ブン/ヤ/デ/ /ア/リ/、/プ/ロ/ /セン/シュ/ノ/ /セン/ゾク/ /カン/リ/ /エイ/ヨー/シ/ノ/ /ヤク/ワリ/ワ/ /ネン/ネン/ /タカ/マ/ッ/テ/ /イ/ル/。
バイアスロンはクロスカントリースキーとライフル射撃を組み合わせたウインタースポーツであり、体力を極限まで使った後に呼吸を整えて正確に的を狙う精神的コントロールが勝負の鍵である。	バ/イ/ア/ス/ロ/ン/ワ/ /ク/ロ/ス/ /カ/ン/ト/リ/ー/ /ス/キ/ー/ト/ /ラ/イ/フ/ル/ /シャ/ゲキ/ヲ/ /ク/ミ/ア/ワ/セ/タ/ /ウ/イ/ン/タ/ー/ /ス/ポ/ー/ツ/デ/ /ア/リ/、/タイ/リョク/ヲ/ /キョク/ゲン/マ/デ/ /ツカ/ッ/タ/ /アト/ニ/ /コ/キュー/ヲ/ /トトノ/エ/テ/ /セイ/カク/ニ/ /マト/ヲ/ /ネラ/ウ/ /セイ/シン/テキ/ /コ/ン/ト/ロ/ー/ル/ガ/ /ショー/ブ/ノ/ /カギ/デ/ /ア/ル/。
eSportsはビデオゲームを競技として行うスポーツの総称であり、世界規模の大会では賞金総額が数十億円に達するものもあり、プロゲーマーが職業として確立しつつある新たな競技形態である。	eSports/ワ/ /ビ/デ/オ/ /ゲ/ー/ム/ヲ/ /キョー/ギ/ト/ /シ/テ/ /オコナ/ウ/ /ス/ポ/ー/ツ/ノ/ /ソー/ショー/デ/ /ア/リ/、/セ/カイ/ /キ/ボ/ノ/ /タイ/カイ/デ/ワ/ /ショー/キン/ /ソー/ガク/ガ/ /スー/10/オク/エン/ニ/ /タッ/ス/ル/ /モ/ノ/モ/ /ア/リ/、/プ/ロ/ゲ/ー/マ/ー/ガ/ /ショク/ギョー/ト/ /シ/テ/ /カク/リツ/ /シ/ツ/ツ/ /ア/ル/ /アラ/タ/ナ/ /キョー/ギ/ /ケイ/タイ/デ/ /ア/ル/。
チンパンジーはヒトと約九十八パーセントのDNAを共有する霊長類であり、木の枝や石を道具として使って木の実を割るなど、動物界でも高い知性と道具使用能力を持つことで知られている。	チ/ン/パ/ン/ジ/ー/ワ/ /ヒ/ト/ト/ /ヤク/ /9/_/8/パ/ー/セ/ン/ト/ノ/ /DNA/ヲ/ /キョー/ユー/ /ス/ル/ /レイ/チョー/ルイ/デ/ /ア/リ/、/キ/ノ/ /エダ/ヤ/ /イシ/ヲ/ /ドー/グ/ト/ /シ/テ/ /ツカ/ッ/テ/ /キ/ノ/ミ/ヲ/ /ワ/ル/ナ/ド/、/ドー/ブツ/カイ/デ/モ/ /タカ/イ/ /チ/セイ/ト/ /ドー/グ/ /シ/ヨー/ /ノー/リョク/ヲ/ /モ/ツ/ /コ/ト/デ/ /シ/ラ/レ/テ/ /イ/ル/。
ライオンはアフリカのサバンナに生息する大型肉食獣であり、オスは立派なたてがみをもつが実際の狩りの大部分はメスが担い、群れ（プライド）を形成して社会生活を営む唯一のネコ科動物である。	ラ/イ/オ/ン/ワ/ /ア/フ/リ/カ/ノ/ /サ/バ/ン/ナ/ニ/ /セイ/ソク/ /ス/ル/ /オオ/ガタ/ /ニク/ショク/ジュー/デ/ /ア/リ/、/オ/ス/ワ/ /リッ/パ/ナ/ /タ/テ/ガ/ミ/ヲ/ /モ/ツ/ガ/ /ジッ/サイ/ノ/ /カ/リ/ノ/ /ダイ/ブ/ブン/ワ/ /メ/ス/ガ/ /ニナ/イ/、/ム/レ/(/プ/ラ/イ/ド/)/ヲ/ /ケイ/セイ/ /シ/テ/ /シャ/カイ/ /セイ/カツ/ヲ/ /イトナ/ム/ /ユイ/イツ/ノ/ /ネ/コ/カ/ /ドー/ブツ/デ/ /ア/ル/。
ザトウクジラは繁殖期のオスが複雑で美しい歌声を長時間にわたって歌い続けることで知られており、その歌のパターンは毎年少しずつ変化することが研究によって明らかになっている不思議な生態を持つ。	ザ/ト/ウ/ /ク/ジ/ラ/ワ/ /ハン/ショク/キ/ノ/ /オ/ス/ガ/ /フク/ザツ/デ/ /ウツク/シ/イ/ /ウタ/ゴエ/ヲ/ /チョー/ジ/カン/ニ/ /ワ/タ/ッ/テ/ /ウタ/イ/ツヅ/ケ/ル/ /コ/ト/デ/ /シ/ラ/レ/テ/ /オ/リ/、/ソ/ノ/ /ウタ/ノ/ /パ/タ/ー/ン/ワ/ /マイ/トシ/ /スコ/シ/ズ/ツ/ /ヘン/カ/ /ス/ル/ /コ/ト/ガ/ /ケン/キュー/ニ/ /ヨ/ッ/テ/ /アキ/ラ/カ/ニ/ /ナ/ッ/テ/ /イ/ル/ /フ/シ/ギ/ナ/ /セイ/タイ/ヲ/ /モ/ツ/。
タコは無脊椎動物でありながら高い知能を持ち、瞬時に体色と体表の質感を変える擬態能力、瓶の蓋を開けて中の餌を取り出す問題解決能力など驚くべき行動を示す海洋生物である。	タ/コ/ワ/ /ム/セキ/ツイ/ /ドー/ブツ/デ/ /ア/リ/ナ/ガ/ラ/ /タカ/イ/ /チ/ノー/ヲ/ /モ/チ/、/シュン/ジ/ニ/ /タイ/ショク/ト/ /タイ/ヒョー/ノ/ /シツ/カン/ヲ/ /カ/エ/ル/ /ギ/タイ/ /ノー/リョク/、/ビン/ノ/ /フタ/ヲ/ /ア/ケ/テ/ /ナカ/ノ/ /エサ/ヲ/ /ト/リ/ダ/ス/ /モン/ダイ/ /カイ/ケツ/ /ノー/リョク/ナ/ド/ /オドロ/ク/ベ/キ/ /コー/ドー/ヲ/ /シメ/ス/ /カイ/ヨー/ /セイ/ブツ/デ/ /ア/ル/。
ミツバチは高度に発達した社会性昆虫であり、ワーカーが発見した花の場所と距離を「8の字ダンス」と呼ばれる動きで仲間に正確に伝えるコミュニケーション能力を持つことが解明されている。	ミ/ツ/バ/チ/ワ/ /コー/ド/ニ/ /ハッ/タツ/ /シ/タ/ /シャ/カイ/セイ/ /コン/チュー/デ/ /ア/リ/、/ワ/ー/カ/ー/ガ/ /ハッ/ケン/ /シ/タ/ /ハナ/ノ/ /バ/ショ/ト/ /キョ/リ/ヲ/ /「/8/ノ/ジ/ /ダ/ン/ス/」/ト/ /ヨ/バ/レ/ル/ /ウゴ/キ/デ/ /ナカ/マ/ニ/ /セイ/カク/ニ/ /ツタ/エ/ル/ /コ/ミュ/ニ/ケ/ー/ショ/ン/ /ノー/リョク/ヲ/ /モ/ツ/ /コ/ト/ガ/ /カイ/メイ/ /サ/レ/テ/ /イ/ル/。
コウモリは真の意味で空を飛べる唯一の哺乳類であり、超音波を口や鼻から発してその反響を大きな耳で捉えるエコーロケーションによって暗闇の中でも障害物を避けながら飛行できる動物である。	コ/ウ/モ/リ/ワ/ /シン/ノ/ /イ/ミ/デ/ /ソラ/ヲ/ /ト/ベ/ル/ /ユイ/イツ/ノ/ /ホ/ニュー/ルイ/デ/ /ア/リ/、/チョー/オン/パ/ヲ/ /クチ/ヤ/ /ハナ/カ/ラ/ /ハッ/シ/テ/ /ソ/ノ/ /ハン/キョー/ヲ/ /オオ/キ/ナ/ /ミミ/デ/ /トラ/エ/ル/ /エ/コ/ー/ /ロ/ケ/ー/ショ/ン/ニ/ /ヨ/ッ/テ/ /クラ/ヤミ/ノ/ /ナカ/デ/モ/ /ショー/ガイ/ブツ/ヲ/ /サ/ケ/ナ/ガ/ラ/ /ヒ/コー/ /デ/キ/ル/ /ドー/ブツ/デ/ /ア/ル/。
アフリカゾウは陸上動物の中で最大の脳を持つ生物のひとつであり、亡くなった仲間の骨を何年後かに訪れて触れる追悼行動や、十数キロ離れた場所から超低周波音で仲間と交信する能力を持っている。	ア/フ/リ/カ/ゾ/ウ/ワ/ /リク/ジョー/ /ドー/ブツ/ノ/ /ナカ/デ/ /サイ/ダイ/ノ/ /ノー/ヲ/ /モ/ツ/ /セイ/ブツ/ノ/ /ヒ/ト/ツ/デ/ /ア/リ/、/ナ/ク/ナ/ッ/タ/ /ナカ/マ/ノ/ /ホネ/ヲ/ /ナン/ネン/ゴ/カ/ニ/ /オトズ/レ/テ/ /フ/レ/ル/ /ツイ/トー/ /コー/ドー/ヤ/、/10/ /スー/キ/ロ/ /ハナ/レ/タ/ /バ/ショ/カ/ラ/ /チョー/ /テイ/シュー/ハ/オン/デ/ /ナカ/マ/ト/ /コー/シン/ /ス/ル/ /ノー/リョク/ヲ/ /モ/ッ/テ/ /イ/ル/。
渡り鳥の一種であるキョクアジサシは北極圏で繁殖した後に南極まで往復する年間約七万キロメートルにも及ぶ地球上最長の渡りを行う鳥として知られており、長い生涯で地球数周分を飛ぶことになる。	ワタ/リ/ドリ/ノ/ /イッ/シュ/デ/ /ア/ル/ /キョ/ク/ア/ジ/サ/シ/ワ/ /ホッ/キョク/ケン/デ/ /ハン/ショク/ /シ/タ/ /アト/ニ/ /ナン/キョク/マ/デ/ /オー/フク/ /ス/ル/ /ネン/カン/ /ヤク/ /7/マン/キ/ロ/メ/ー/ト/ル/ニ/モ/ /オヨ/ブ/ /チ/キュー/ジョー/ /サイ/チョー/ノ/ /ワタ/リ/ヲ/ /オコナ/ウ/ /トリ/ト/ /シ/テ/ /シ/ラ/レ/テ/ /オ/リ/、/ナガ/イ/ /ショー/ガイ/デ/ /チ/キュー/ /スー/シュー/ /ブン/ヲ/ /ト/ブ/ /コ/ト/ニ/ /ナ/ル/。
カメレオンの体色変化は感情や体温調節のためであり、主に皮膚内のナノ結晶の配置が変わることで光の反射が変化して色が変わる仕組みであることが近年の研究で解明されてきている。	カ/メ/レ/オ/ン/ノ/ /タイ/ショク/ /ヘン/カ/ワ/ /カン/ジョー/ヤ/ /タイ/オン/ /チョー/セツ/ノ/ /タ/メ/デ/ /ア/リ/、/オモ/ニ/ /ヒ/フ/ナイ/ノ/ /ナ/ノ/ /ケッ/ショー/ノ/ /ハイ/チ/ガ/ /カ/ワ/ル/ /コ/ト/デ/ /ヒカリ/ノ/ /ハン/シャ/ガ/ /ヘン/カ/ /シ/テ/ /イロ/ガ/ /カ/ワ/ル/ /シ/ク/ミ/デ/ /ア/ル/ /コ/ト/ガ/ /キン/ネン/ノ/ /ケン/キュー/デ/ /カイ/メイ/ /サ/レ/テ/ /キ/テ/ /イ/ル/。
シャチはイルカ科に属する海洋哺乳類であり、複雑な社会構造と方言のような独自の鳴き声を持つ群れを形成し、協力して大型クジラを狩る高度な集団狩猟戦術を用いることで知られている。	シャ/チ/ワ/ /イ/ル/カ/カ/ニ/ /ゾク/ス/ル/ /カイ/ヨー/ /ホ/ニュー/ルイ/デ/ /ア/リ/、/フク/ザツ/ナ/ /シャ/カイ/ /コー/ゾー/ト/ /ホー/ゲン/ノ/ヨ/ー/ナ/ /ドク/ジ/ノ/ /ナ/キ/ゴエ/ヲ/ /モ/ツ/ /ム/レ/ヲ/ /ケイ/セイ/ /シ/、/キョー/リョク/ /シ/テ/ /オオ/ガタ/ /ク/ジ/ラ/ヲ/ /カ/ル/ /コー/ド/ナ/ /シュー/ダン/ /シュ/リョー/ /セン/ジュツ/ヲ/ /モチ/イ/ル/ /コ/ト/デ/ /シ/ラ/レ/テ/ /イ/ル/。
アリは自分の体重の数十倍もの重さを運ぶことができる力強い昆虫であり、フェロモンを用いた化学的なコミュニケーションによって大勢の個体が連携して採餌や巣作りを効率的に行っている。	ア/リ/ワ/ /ジ/ブン/ノ/ /タイ/ジュー/ノ/ /スー/ジュー/バイ/モ/ノ/ /オモ/サ/ヲ/ /ハコ/ブ/ /コ/ト/ガ/ /デ/キ/ル/ /チカラ/ヅヨ/イ/ /コン/チュー/デ/ /ア/リ/、/フェ/ロ/モ/ン/ヲ/ /モチ/イ/タ/ /カ/ガク/テキ/ナ/ /コ/ミュ/ニ/ケ/ー/ショ/ン/ニ/ /ヨ/ッ/テ/ /オオ/ゼイ/ノ/ /コ/タイ/ガ/ /レン/ケイ/ /シ/テ/ /サイ/ジ/ヤ/ /ス/ヅク/リ/ヲ/ /コー/リツ/テキ/ニ/ /オコナ/ッ/テ/ /イ/ル/。
クモは絹糸を生成するタンパク質を腹部の糸腺から分泌しており、その糸は同じ太さのスチールワイヤーよりも強靭かつ弾力性に富むため、生体材料として工学分野でも注目されている素材である。	ク/モ/ワ/ /キヌ/イト/ヲ/ /セイ/セイ/ /ス/ル/ /タ/ン/パ/ク/シツ/ヲ/ /フク/ブ/ノ/ /シ/ /セン/カ/ラ/ /ブン/ピツ/ /シ/テ/ /オ/リ/、/ソ/ノ/ /イト/ワ/ /オナ/ジ/ /フト/サ/ノ/ /ス/チ/ー/ル/ /ワ/イ/ヤ/ー/ヨ/リ/モ/ /キョー/ジン/ /カ/ツ/ /ダン/リョク/セイ/ニ/ /ト/ム/ /タ/メ/、/セイ/タイ/ /ザイ/リョー/ト/ /シ/テ/ /コー/ガク/ /ブン/ヤ/デ/モ/ /チュー/モク/ /サ/レ/テ/ /イ/ル/ /ソ/ザイ/デ/ /ア/ル/。
ネコは単独性の肉食性動物であり、ヒゲは感覚器官として周囲の気流の変化を感知するのに使われ、夜間でも光量の少ない環境でよく見えるよう瞳孔を縦長に収縮させる構造を持っている。	ネ/コ/ワ/ /タン/ドク/セイ/ノ/ /ニク/ショク/セイ/ /ドー/ブツ/デ/ /ア/リ/、/ヒ/ゲ/ワ/ /カン/カク/ /キ/カン/ト/ /シ/テ/ /シュー/イ/ノ/ /キ/リュー/ノ/ /ヘン/カ/ヲ/ /カン/チ/ /ス/ル/ノ/ニ/ /ツカ/ワ/レ/、/ヤ/カン/デ/モ/ /コー/リョー/ノ/ /スク/ナ/イ/ /カン/キョー/デ/ /ヨ/ク/ /ミ/エ/ル/ヨ/ー/ /ドー/コー/ヲ/ /タテ/ナガ/ニ/ /シュー/シュク/ /サ/セ/ル/ /コー/ゾー/ヲ/ /モ/ッ/テ/ /イ/ル/。
タスマニアデビルはオーストラリアのタスマニア島に生息する世界最大の肉食性有袋類であり、体の大きさに不釣り合いなほど強力な顎により骨ごとも砕いて食べる旺盛な食欲を持つ動物である。	タ/ス/マ/ニ/ア/ /デ/ビ/ル/ワ/ /オ/ー/ス/ト/ラ/リ/ア/ノ/ /タ/ス/マ/ニ/ア/トー/ニ/ /セイ/ソク/ /ス/ル/ /セ/カイ/ /サイ/ダイ/ノ/ /ニク/ショク/セイ/ /ユー/タイ/ルイ/デ/ /ア/リ/、/カラダ/ノ/ /オオ/キ/サ/ニ/ /フ/ツ/リ/ア/イ/ナ/ホ/ド/ /キョー/リョク/ナ/ /アゴ/ニ/ /ヨ/リ/ /ホネ/ゴ/ト/モ/ /クダ/イ/テ/ /タ/ベ/ル/ /オー/セイ/ナ/ /ショク/ヨク/ヲ/ /モ/ツ/ /ドー/ブツ/デ/ /ア/ル/。
皇帝ペンギンは南極の厳冬期に繁殖する唯一の鳥類であり、オスが摂食なしで約二か月間卵を抱いて体温で温め雛を育てるその献身的な子育て行動は動物界でも特に際立った生態として知られる。	コー/テイ/ /ペ/ン/ギ/ン/ワ/ /ナン/キョク/ノ/ /ゲン/トー/キ/ニ/ /ハン/ショク/ /ス/ル/ /ユイ/イツ/ノ/ /チョー/ルイ/デ/ /ア/リ/、/オ/ス/ガ/ /セッ/ショク/ /ナ/シ/デ/ /ヤク/ /2/カ/ゲツ/カン/ /タマゴ/ヲ/ /イダ/イ/テ/ /タイ/オン/デ/ /アタタ/メ/ /ヒナ/ヲ/ /ソダ/テ/ル/ /ソ/ノ/ /ケン/シン/テキ/ナ/ /コ/ソダ/テ/ /コー/ドー/ワ/ /ドー/ブツ/カイ/デ/モ/ /トク/ニ/ /キワ/ダ/ッ/タ/ /セイ/タイ/ト/ /シ/テ/ /シ/ラ/レ/ル/。
ハリモグラはオーストラリアに生息する卵を産む哺乳類であり、体の表面に鋭い棘を持ち電気感覚を使ってアリやシロアリを探す独特の生態を持つ単孔類の一種として知られている原始的な哺乳類だ。	ハ/リ/モ/グ/ラ/ワ/ /オ/ー/ス/ト/ラ/リ/ア/ニ/ /セイ/ソク/ /ス/ル/ /タマゴ/ヲ/ /ウ/ム/ /ホ/ニュー/ルイ/デ/ /ア/リ/、/カラダ/ノ/ /ヒョー/メン/ニ/ /スルド/イ/ /トゲ/ヲ/ /モ/チ/ /デン/キ/ /カン/カク/ヲ/ /ツカ/ッ/テ/ /ア/リ/ヤ/ /シ/ロ/ア/リ/ヲ/ /サガ/ス/ /ドク/トク/ノ/ /セイ/タイ/ヲ/ /モ/ツ/ /タン/コー/ルイ/ノ/ /イッ/シュ/ト/ /シ/テ/ /シ/ラ/レ/テ/ /イ/ル/ /ゲン/シ/テキ/ナ/ /ホ/ニュー/ルイ/ダ/。
ナマケモノは雨林の木の上で一生のほとんどを過ごし、一日の大半を逆さにぶら下がったまま睡眠や食事に費やし、体内にコケや藻を繁殖させるほどゆっくりとした代謝を持つ哺乳類である。	ナ/マ/ケ/モ/ノ/ワ/ /ウ/リン/ノ/ /キ/ノ/ /ウエ/デ/ /イッ/ショー/ノ/ /ホ/ト/ン/ド/ヲ/ /ス/ゴ/シ/、/1/ニチ/ノ/ /タイ/ハン/ヲ/ /サカ/サ/ニ/ /ブ/ラ/サ/ガ/ッ/タ/ /マ/マ/ /スイ/ミン/ヤ/ /ショク/ジ/ニ/ /ツイ/ヤ/シ/、/タイ/ナイ/ニ/ /コ/ケ/ヤ/ /モ/ヲ/ /ハン/ショク/ /サ/セ/ル/ホ/ド/ /ユ/ッ/ク/リ/ト/ /シ/タ/ /タイ/シャ/ヲ/ /モ/ツ/ /ホ/ニュー/ルイ/デ/ /ア/ル/。
ウツボは岩礁の隙間に潜む肉食性の魚類であり、通常の顎のほかに咽頭顎と呼ばれる第二の顎が口の奥で独立して動くという特異な摂食機構を持ち、エイリアンのような捕食方法を持つ生物である。	ウ/ツ/ボ/ワ/ /ガン/ショー/ノ/ /スキ/マ/ニ/ /ヒソ/ム/ /ニク/ショク/セイ/ノ/ /ギョ/ルイ/デ/ /ア/リ/、/ツー/ジョー/ノ/ /アゴ/ノ/ /ホ/カ/ニ/ /イン/トー/ガク/ト/ /ヨ/バ/レ/ル/ /ダイ/2/ノ/ /アゴ/ガ/ /クチ/ノ/ /オク/デ/ /ドク/リツ/ /シ/テ/ /ウゴ/ク/ト/ /イ/ウ/ /トク/イ/ナ/ /セッ/ショク/ /キ/コー/ヲ/ /モ/チ/、/エ/イ/リ/ア/ン/ノ/ヨ/ー/ナ/ /ホ/ショク/ /ホー/ホー/ヲ/ /モ/ツ/ /セイ/ブツ/デ/ /ア/ル/。
ボノボはチンパンジーと近縁の類人猿であり、攻撃性が低く社会的緊張を性行動で緩和する平和的な生態を持つことで知られ、ヒト以外では唯一の正面を向いたまま交尾する霊長類でもある。	ボ/ノ/ボ/ワ/ /チ/ン/パ/ン/ジ/ー/ト/ /キン/エン/ノ/ /ルイ/ジン/エン/デ/ /ア/リ/、/コー/ゲキ/セイ/ガ/ /ヒク/ク/ /シャ/カイ/テキ/ /キン/チョー/ヲ/ /セイ/コー/ドー/デ/ /カン/ワ/ /ス/ル/ /ヘイ/ワ/テキ/ナ/ /セイ/タイ/ヲ/ /モ/ツ/ /コ/ト/デ/ /シ/ラ/レ/、/ヒ/ト/ /イ/ガイ/デ/ワ/ /ユイ/イツ/ノ/ /ショー/メン/ヲ/ /ム/イ/タ/ /マ/マ/ /コー/ビ/ /ス/ル/ /レイ/チョー/ルイ/デ/モ/ /ア/ル/。
カワセミは鮮やかなコバルトブルーの羽毛を持つ小型鳥類であり、水中の魚をほぼ失敗なく捕らえることができる高精度の視覚と急降下能力を持ち、新幹線の先端デザインの参考にもなった鳥である。	カ/ワ/セ/ミ/ワ/ /アザ/ヤ/カ/ナ/ /コ/バ/ル/ト/ /ブ/ル/ー/ノ/ /ウ/モー/ヲ/ /モ/ツ/ /コ/ガタ/ /チョー/ルイ/デ/ /ア/リ/、/スイ/チュー/ノ/ /サカナ/ヲ/ /ホ/ボ/ /シッ/パイ/ /ナ/ク/ /ト/ラ/エ/ル/ /コ/ト/ガ/ /デ/キ/ル/ /コー/セイ/ド/ノ/ /シ/カク/ト/ /キュー/コー/カ/ /ノー/リョク/ヲ/ /モ/チ/、/シン/カン/セン/ノ/ /セン/タン/ /デ/ザ/イ/ン/ノ/ /サン/コー/ニ/モ/ /ナ/ッ/タ/ /トリ/デ/ /ア/ル/。
アザラシは鰭脚類に属する半水生の哺乳類であり、厚い皮下脂肪で保温しながら深海まで潜水し、心拍数を急激に低下させる潜水反射によって長時間水中で活動できる適応能力を持っている。	ア/ザ/ラ/シ/ワ/ /キ/キャク/ルイ/ニ/ /ゾク/ス/ル/ /ハン/ /スイ/セイ/ノ/ /ホ/ニュー/ルイ/デ/ /ア/リ/、/アツ/イ/ /ヒ/カ/ /シ/ボー/デ/ /ホ/オン/ /シ/ナ/ガ/ラ/ /シン/カイ/マ/デ/ /セン/スイ/ /シ/、/シン/パク/スー/ヲ/ /キュー/ゲキ/ニ/ /テイ/カ/ /サ/セ/ル/ /セン/スイ/ /ハン/シャ/ニ/ /ヨ/ッ/テ/ /チョー/ジ/カン/ /スイ/チュー/デ/ /カツ/ドー/ /デ/キ/ル/ /テキ/オー/ /ノー/リョク/ヲ/ /モ/ッ/テ/ /イ/ル/。
ゾウリムシは肉眼では見えないほどの大きさの単細胞生物でありながら、繊毛を使って水中を移動し光や化学物質の勾配に反応する走性行動を示す点で非常に原始的ながら精巧な生命体である。	ゾ/ウ/リ/ム/シ/ワ/ /ニク/ガン/デ/ワ/ /ミ/エ/ナ/イ/ホ/ド/ノ/ /オオ/キ/サ/ノ/ /タン/サイ/ボー/ /セイ/ブツ/デ/ /ア/リ/ナ/ガ/ラ/、/セン/モー/ヲ/ /ツカ/ッ/テ/ /スイ/チュー/ヲ/ /イ/ドー/ /シ/ /ヒカリ/ヤ/ /カ/ガク/ /ブッ/シツ/ノ/ /コー/バイ/ニ/ /ハン/ノー/ /ス/ル/ /ソー/セイ/ /コー/ドー/ヲ/ /シメ/ス/ /テン/デ/ /ヒ/ジョー/ニ/ /ゲン/シ/テキ/ナ/ガ/ラ/ /セイ/コー/ナ/ /セイ/メイ/タイ/デ/ /ア/ル/。
ミノムシはミノガの幼虫が木の葉や枝を絹糸で綴り合わせて外皮として身に纏ったものであり、その精巧な構造は外敵から身を守るための驚くべき本能的工作活動の産物である昆虫の巣の一形態だ。	ミ/ノ/ム/シ/ワ/ /ミ/ノ/ガ/ノ/ /ヨー/チュー/ガ/ /キ/ノ/ハ/ヤ/ /エダ/ヲ/ /キヌ/イト/デ/ /ツヅ/リ/ア/ワ/セ/テ/ /ガイ/ヒ/ト/ /シ/テ/ /ミ/ニ/ /マト/ッ/タ/ /モ/ノ/デ/ /ア/リ/、/ソ/ノ/ /セイ/コー/ナ/ /コー/ゾー/ワ/ /ガイ/テキ/カ/ラ/ /ミ/ヲ/ /マモ/ル/ /タ/メ/ノ/ /オドロ/ク/ベ/キ/ /ホン/ノー/テキ/ /コー/サク/ /カツ/ドー/ノ/ /サン/ブツ/デ/ /ア/ル/ /コン/チュー/ノ/ /ス/ノ/ /1/ケイ/タイ/ダ/。
クリオネは北極・南極の冷たい海に生息する軟体動物の一種であり、翼足と呼ばれる器官を羽ばたかせて水中を泳ぐ姿が天使のように見えることから「流氷の天使」の愛称で親しまれている。	ク/リ/オ/ネ/ワ/ /ホッ/キョク/・/ナン/キョク/ノ/ /ツメ/タ/イ/ /ウミ/ニ/ /セイ/ソク/ /ス/ル/ /ナン/タイ/ /ドー/ブツ/ノ/ /イッ/シュ/デ/ /ア/リ/、/ヨク/ソク/ト/ /ヨ/バ/レ/ル/ /キ/カン/ヲ/ /ハ/バ/タ/カ/セ/テ/ /スイ/チュー/ヲ/ /オヨ/グ/ /スガタ/ガ/ /テン/シ/ノ/ヨ/ー/ニ/ /ミ/エ/ル/ /コ/ト/カ/ラ/ /「/リュー/ヒョー/ノ/ /テン/シ/」/ノ/ /アイ/ショー/デ/ /シタ/シ/マ/レ/テ/ /イ/ル/。
イヌは人類が最初に家畜化した動物とされており、数万年前にオオカミから分岐したと考えられているが、長い共生の歴史の中でヒトの感情を読み取る高い能力を独自に進化させてきた動物である。	イ/ヌ/ワ/ /ジン/ルイ/ガ/ /サイ/ショ/ニ/ /カ/チク/カ/ /シ/タ/ /ドー/ブツ/ト/ /サ/レ/テ/ /オ/リ/、/スー/ /マン/ネン/ /マエ/ニ/ /オ/オ/カ/ミ/カ/ラ/ /ブン/キ/ /シ/タ/ト/ /カンガ/エ/ラ/レ/テ/ /イ/ル/ガ/、/ナガ/イ/ /キョー/セイ/ノ/ /レキ/シ/ノ/ /ナカ/デ/ /ヒ/ト/ノ/ /カン/ジョー/ヲ/ /ヨ/ミ/ト/ル/タカ/イ/ /ノー/リョク/ヲ/ /ドク/ジ/ニ/ /シン/カ/ /サ/セ/テ/ /キ/タ/ /ドー/ブツ/デ/ /ア/ル/。
ミミズは土壌を食べて排泄することで土を耕し通気性と保水性を高める生態系エンジニアとしての役割を持ち、チャールズ・ダーウィンがその生態を研究した最晩年の著作が残されている生物でもある。	ミ/ミ/ズ/ワ/ /ド/ジョー/ヲ/ /タ/ベ/テ/ /ハイ/セツ/ /ス/ル/ /コ/ト/デ/ /ツチ/ヲ/ /タガヤ/シ/ /ツー/キ/セイ/ト/ /ホ/スイ/セイ/ヲ/ /タカ/メ/ル/ /セイ/タイ/ケイ/ /エ/ン/ジ/ニ/ア/ト/ /シ/テ/ノ/ /ヤク/ワリ/ヲ/ /モ/チ/、/チャ/ー/ル/ズ/・/ダ/ー/ウィ/ン/ガ/ /ソ/ノ/ /セイ/タイ/ヲ/ /ケン/キュー/ /シ/タ/ /サイ/バン/ネン/ノ/ /チョ/サク/ガ/ /ノコ/サ/レ/テ/ /イ/ル/ /セイ/ブツ/デ/モ/ /ア/ル/。
イカはカモフラージュと擬態の達人であり、わずか数秒で全身の色とパターンを変える能力を持つほか、危険を感じると墨を噴射して視界を遮る逃走戦略を発達させている頭足類の軟体動物である。	イ/カ/ワ/ /カ/モ/フ/ラ/ー/ジュ/ト/ /ギ/タイ/ノ/ /タツ/ジン/デ/ /ア/リ/、/ワ/ズ/カ/ /スー/ビョー/デ/ /ゼン/シン/ノ/ /イロ/ト/ /パ/タ/ー/ン/ヲ/ /カ/エ/ル/ /ノー/リョク/ヲ/ /モ/ツ/ /ホ/カ/、/キ/ケン/ヲ/ /カン/ジ/ル/ト/ /スミ/ヲ/ /フン/シャ/ /シ/テ/ /シ/カイ/ヲ/ /サエギ/ル/ /トー/ソー/ /セン/リャク/ヲ/ /ハッ/タツ/ /サ/セ/テ/ /イ/ル/ /トー/ソク/ルイ/ノ/ /ナン/タイ/ /ドー/ブツ/デ/ /ア/ル/。
ホッキョクグマは北極圏に生息する世界最大の陸上肉食動物であり、白く見える体毛は実際には透明な中空の毛で体温を効率的に保つ構造になっており、主食であるアザラシを氷上で待ち伏せして狩る。	ホ/ッ/キョ/ク/グ/マ/ワ/ /ホッ/キョク/ケン/ニ/ /セイ/ソク/ /ス/ル/ /セ/カイ/ /サイ/ダイ/ノ/ /リク/ジョー/ /ニク/ショク/ /ドー/ブツ/デ/ /ア/リ/、/シロ/ク/ /ミ/エ/ル/ /タイ/モー/ワ/ /ジッ/サイ/ニ/ワ/ /トー/メイ/ナ/ /チュー/クー/ノ/ /ケ/デ/ /タイ/オン/ヲ/ /コー/リツ/テキ/ニ/ /タモ/ツ/ /コー/ゾー/ニ/ /ナ/ッ/テ/ /オ/リ/、/シュ/ショク/デ/ /ア/ル/ /ア/ザ/ラ/シ/ヲ/ /ヒョー/ジョー/デ/ /マ/チ/ブ/セ/ /シ/テ/ /カ/ル/。
マンタは熱帯・亜熱帯の海に生息するエイの仲間であり、最大で翼開長が七メートルに達するものもあるほか、魚類の中で最大級の脳容量を持ち道具使用や自己認識に関わるような知性を示す魚類である。	マ/ン/タ/ワ/ /ネッ/タイ/・/ア/ネッ/タイ/ノ/ /ウミ/ニ/ /セイ/ソク/ /ス/ル/ /エ/イ/ノ/ /ナカ/マ/デ/ /ア/リ/、/サイ/ダイ/デ/ /ヨク/カイ/チョー/ガ/ /7/メ/ー/ト/ル/ニ/ /タッ/ス/ル/ /モ/ノ/モ/ /ア/ル/ /ホ/カ/、/ギョ/ルイ/ノ/ /ナカ/デ/ /サイ/ダイ/キュー/ノ/ /ノー/ヨー/リョー/ヲ/ /モ/チ/ /ドー/グ/ /シ/ヨー/ヤ/ /ジ/コ/ /ニン/シキ/ニ/ /カカ/ワ/ル/ヨ/ー/ナ/ /チ/セイ/ヲ/ /シメ/ス/ /ギョ/ルイ/デ/ /ア/ル/。
ジャイアントパンダは本来肉食動物の消化器官を持ちながら竹のみを主食とする独特の食性に進化しており、一日に十二時間以上竹を食べ続けなければ必要なエネルギーを摂取できない非効率な生態を持つ。	ジャ/イ/ア/ン/ト/ /パ/ン/ダ/ワ/ /ホン/ライ/ /ニク/ショク/ /ドー/ブツ/ノ/ /ショー/カ/ /キ/カン/ヲ/ /モ/チ/ナ/ガ/ラ/ /タケ/ノ/ミ/ヲ/ /シュ/ショク/ト/ /ス/ル/ /ドク/トク/ノ/ /ショク/セイ/ニ/ /シン/カ/ /シ/テ/ /オ/リ/、/1/ニチ/ニ/ /1/2/ジ/カン/ /イ/ジョー/ /タケ/ヲ/ /タ/ベ/ツヅ/ケ/ナ/ケ/レ/バ/ /ヒツ/ヨー/ナ/ /エ/ネ/ル/ギ/ー/ヲ/ /セッ/シュ/ /デ/キ/ナ/イ/ /ヒ/コー/リツ/ナ/ /セイ/タイ/ヲ/ /モ/ツ/。
ホタルは腹部に持つ発光器官でルシフェリンという物質を酵素反応で酸化させることによって光を発しており、国内に生息するゲンジボタルはオスとメスで点滅のリズムが異なる種内シグナルを使う。	ホ/タ/ル/ワ/ /フク/ブ/ニ/ /モ/ツ/ /ハッ/コー/ /キ/カン/デ/ /ル/シ/フェ/リ/ン/ト/ /イ/ウ/ /ブッ/シツ/ヲ/ /コー/ソ/ /ハン/ノー/デ/ /サン/カ/ /サ/セ/ル/ /コ/ト/ニ/ /ヨ/ッ/テ/ /ヒカリ/ヲ/ /ハッ/シ/テ/ /オ/リ/、/コク/ナイ/ニ/ /セイ/ソク/ /ス/ル/ /ゲ/ン/ジ/ボ/タ/ル/ワ/ /オ/ス/ト/ /メ/ス/デ/ /テン/メツ/ノ/ /リ/ズ/ム/ガ/ /コト/ナ/ル/ /シュ/ナイ/ /シ/グ/ナ/ル/ヲ/ /ツカ/ウ/。
カッコウは自分では巣を作らず他の鳥の巣に卵を産みつけて育雛を托す托卵という繁殖戦略を使い、孵化した雛は巣の中の元の卵や他の雛を排除してしまうという衝撃的な生態を持つ鳥である。	カ/ッ/コ/ウ/ワ/ /ジ/ブン/デ/ワ/ /ス/ヲ/ /ツク/ラ/ズ/ /ホカ/ノ/ /トリ/ノ/ /ス/ニ/ /タマゴ/ヲ/ /ウ/ミ/ツ/ケ/テ/ /イク/スー/ヲ/ /タク/ス/ /タク/ラン/ト/ /イ/ウ/ /ハン/ショク/ /セン/リャク/ヲ/ /ツカ/イ/、/フ/カ/ /シ/タ/ /ヒナ/ワ/ /ス/ノ/ /ナカ/ノ/ /モト/ノ/ /タマゴ/ヤ/ /ホカ/ノ/ /ヒナ/ヲ/ /ハイ/ジョ/ /シ/テ/ /シ/マ/ウ/ト/ /イ/ウ/ /ショー/ゲキ/テキ/ナ/ /セイ/タイ/ヲ/ /モ/ツ/ /トリ/デ/ /ア/ル/。
ヒグマはサケの遡上する川辺でサケを大量に捕食することで有名な雑食性の大型哺乳類であり、冬眠前には体脂肪率が四十パーセント近くにまで達するほど大量の餌を食べて体を蓄える行動を取る。	ヒ/グ/マ/ワ/ /サ/ケ/ノ/ /ソ/ジョー/ /ス/ル/ /カワ/ベ/デ/ /サ/ケ/ヲ/ /タイ/リョー/ニ/ /ホ/ショク/ /ス/ル/ /コ/ト/デ/ /ユー/メイ/ナ/ /ザッ/ショク/セイ/ノ/ /オオ/ガタ/ /ホ/ニュー/ルイ/デ/ /ア/リ/、/トー/ミン/ /マエ/ニ/ワ/ /タイ/シ/ボー/ /リツ/ガ/ /4/0/パ/ー/セ/ン/ト/ /チカ/ク/ニ/マ/デ/ /タッ/ス/ル/ホ/ド/ /タイ/リョー/ノ/ /エサ/ヲ/ /タ/ベ/テ/ /カラダ/ヲ/ /タクワ/エ/ル/ /コー/ドー/ヲ/ /ト/ル/。
コウノトリは水田や湿原でドジョウやカエルを食べる大型の渉禽類であり、一度日本では野生絶滅したが兵庫県豊岡市での保護増殖事業と湿地環境の回復によって野生復帰が実現した希少な鳥類である。	コ/ウ/ノ/ト/リ/ワ/ /スイ/デン/ヤ/ /シツ/ゲン/デ/ /ド/ジョ/ウ/ヤ/ /カ/エ/ル/ヲ/ /タ/ベ/ル/ /オオ/ガタ/ノ/ /ショー/キン/ルイ/デ/ /ア/リ/、/イチ/ド/ /ニ/ホン/デ/ワ/ /ヤ/セイ/ /ゼツ/メツ/ /シ/タ/ガ/ /ヒョー/ゴ/ケン/ /トヨ/オカ/シ/デ/ノ/ /ホ/ゴ/ /ゾー/ショク/ /ジ/ギョー/ト/ /シッ/チ/ /カン/キョー/ノ/ /カイ/フク/ニ/ /ヨ/ッ/テ/ /ヤ/セイ/ /フッ/キ/ガ/ /ジツ/ゲン/ /シ/タ/ /キ/ショー/ナ/ /チョー/ルイ/デ/ /ア/ル/。
ウの仲間は潜水に特化した海鳥であり、尾腺から分泌される油が少ないため羽根が濡れやすく潜水後には翼を広げて羽根を乾かす姿が観察されることから水辺の特徴的な光景として知られている。	ウ/ノ/ /ナカ/マ/ワ/ /セン/スイ/ニ/ /トッ/カ/ /シ/タ/ /ウミ/ドリ/デ/ /ア/リ/、/ビ/セン/カ/ラ/ /ブン/ピツ/ /サ/レ/ル/ /アブラ/ガ/ /スク/ナ/イ/ /タ/メ/ /ハ/ネ/ガ/ /ヌ/レ/ヤ/ス/ク/ /セン/スイ/ゴ/ニ/ワ/ /ツバサ/ヲ/ /ヒロ/ゲ/テ/ /ハ/ネ/ヲ/ /カワ/カ/ス/ /スガタ/ガ/ /カン/サツ/ /サ/レ/ル/ /コ/ト/カ/ラ/ /ミズ/ベ/ノ/ /トク/チョー/テキ/ナ/ /コー/ケイ/ト/ /シ/テ/ /シ/ラ/レ/テ/ /イ/ル/。
セミは幼虫期を地中で数年から十七年を過ごしてから羽化し、地上での成虫寿命はわずか数週間という劇的な生活史を持ち、成虫になってからは食事を取らずに生殖活動のみに専念する昆虫である。	セ/ミ/ワ/ /ヨー/チュー/キ/ヲ/ /チ/チュー/デ/ /スー/ネン/カ/ラ/ /1/7/ネン/ヲ/ /ス/ゴ/シ/テ/カ/ラ/ /ウ/カ/ /シ/、/チ/ジョー/デ/ノ/ /セイ/チュー/ /ジュ/ミョー/ワ/ /ワ/ズ/カ/ /スー/シュー/カン/ト/ /イ/ウ/ /ゲキ/テキ/ナ/ /セイ/カツ/シ/ヲ/ /モ/チ/、/セイ/チュー/ニ/ /ナ/ッ/テ/カ/ラ/ワ/ /ショク/ジ/ヲ/ /ト/ラ/ズ/ニ/ /セイ/ショク/ /カツ/ドー/ノ/ミ/ニ/ /セン/ネン/ /ス/ル/ /コン/チュー/デ/ /ア/ル/。
アオウミガメは熱帯・亜熱帯の海を回遊する爬虫類であり、数十年ぶりに自分が生まれた砂浜に戻って産卵する帰巣本能を持ち、地球の磁場を感知してナビゲーションを行うと考えられている。	ア/オ/ウ/ミ/ガ/メ/ワ/ /ネッ/タイ/・/ア/ネッ/タイ/ノ/ /ウミ/ヲ/ /カイ/ユー/ /ス/ル/ /ハ/チュー/ルイ/デ/ /ア/リ/、/スー/10/ネン/ブ/リ/ニ/ /ジ/ブン/ガ/ /ウ/マ/レ/タ/ /スナ/ハマ/ニ/ /モド/ッ/テ/ /サン/ラン/ /ス/ル/ /キ/ソー/ /ホン/ノー/ヲ/ /モ/チ/、/チ/キュー/ノ/ /ジ/バ/ヲ/ /カン/チ/ /シ/テ/ /ナ/ビ/ゲ/ー/ショ/ン/ヲ/ /オコナ/ウ/ト/ /カンガ/エ/ラ/レ/テ/ /イ/ル/。
オオカミは高度に組織化された社会性を持つ肉食獣であり、アルファペアを頂点とする階層的な群れで協力して大型の獲物を狩り、遠距離に届く遠吠えで仲間と連絡を取り合う生態を持っている。	オ/オ/カ/ミ/ワ/ /コー/ド/ニ/ /ソ/シキ/カ/ /サ/レ/タ/ /シャ/カイ/セイ/ヲ/ /モ/ツ/ /ニク/ショク/ジュー/デ/ /ア/リ/、/ア/ル/ファ/ /ペ/ア/ヲ/ /チョー/テン/ト/ /ス/ル/ /カイ/ソー/テキ/ナ/ /ム/レ/デ/ /キョー/リョク/ /シ/テ/ /オオ/ガタ/ノ/ /エ/モノ/ヲ/ /カ/リ/、/エン/キョ/リ/ニ/ /トド/ク/ /トオ/ボ/エ/デ/ /ナカ/マ/ト/ /レン/ラク/ヲ/ /ト/リ/ア/ウ/ /セイ/タイ/ヲ/ /モ/ッ/テ/ /イ/ル/。
ハダカデバネズミは東アフリカに生息する哺乳類でありながら昆虫のような真社会性を持ち、一匹の女王と非繁殖個体のワーカーからなるコロニーを形成し極めて長寿で癌にもなりにくい動物である。	ハ/ダ/カ/デ/バ/ネ/ズ/ミ/ワ/ /ヒガシ/ア/フ/リ/カ/ニ/ /セイ/ソク/ /ス/ル/ /ホ/ニュー/ルイ/デ/ /ア/リ/ナ/ガ/ラ/ /コン/チュー/ノ/ヨ/ー/ナ/ /シン/シャ/カイ/セイ/ヲ/ /モ/チ/、/1/ピキ/ノ/ /ジョ/オー/ト/ /ヒ/ハン/ショク/ /コ/タイ/ノ/ /ワ/ー/カ/ー/カ/ラ/ /ナ/ル/ /コ/ロ/ニ/ー/ヲ/ /ケイ/セイ/ /シ/キワ/メ/テ/ /チョー/ジュ/デ/ /ガン/ニ/モ/ /ナ/リ/ニ/ク/イ/ /ドー/ブツ/デ/ /ア/ル/。
ウオジラミはサケやマスなど淡水と海水を往来する魚に寄生する甲殻類であり、養殖魚に大きな被害を与えることから水産業にとって深刻な問題となっており、防除対策の研究が世界各地で進んでいる。	ウ/オ/ジ/ラ/ミ/ワ/ /サ/ケ/ヤ/ /マ/ス/ナ/ド/ /タン/スイ/ト/ /カイ/スイ/ヲ/ /オー/ライ/ /ス/ル/ /サカナ/ニ/ /キ/セイ/ /ス/ル/ /コー/カク/ルイ/デ/ /ア/リ/、/ヨー/ショク/ギョ/ニ/ /オオ/キ/ナ/ /ヒ/ガイ/ヲ/ /アタ/エ/ル/ /コ/ト/カ/ラ/ /スイ/サン/ギョー/ニ/ /ト/ッ/テ/ /シン/コク/ナ/ /モン/ダイ/ト/ /ナ/ッ/テ/ /オ/リ/、/ボー/ジョ/ /タイ/サク/ノ/ /ケン/キュー/ガ/ /セ/カイ/ /カク/チ/デ/ /スス/ン/デ/ /イ/ル/。
フラミンゴはアルカリ性の湖や塩湖に生息する鳥であり、独特のピンク色の羽毛は食べるシアノバクテリアや藻類に含まれるカロテノイド色素が体内に蓄積されることで生じる色彩である。	フ/ラ/ミ/ン/ゴ/ワ/ /ア/ル/カ/リ/セイ/ノ/ /ミズウミ/ヤ/ /エン/コ/ニ/ /セイ/ソク/ /ス/ル/ /トリ/デ/ /ア/リ/、/ドク/トク/ノ/ /ピ/ン/ク/イロ/ノ/ /ウ/モー/ワ/ /タ/ベ/ル/ /シ/ア/ノ/バ/ク/テ/リ/ア/ヤ/ /ソー/ルイ/ニ/ /フク/マ/レ/ル/ /カ/ロ/テ/ノ/イ/ド/ /シキ/ソ/ガ/ /タイ/ナイ/ニ/ /チク/セキ/ /サ/レ/ル/ /コ/ト/デ/ /ショー/ジ/ル/ /シキ/サイ/デ/ /ア/ル/。
オウムとオウム目の鳥は発声器官の筋肉を精巧に制御することでヒトの言葉を模倣することができる数少ない動物のひとつであり、単なる模倣を超えて文脈に応じた言語使用を示す個体も報告されている。	オ/ウ/ム/ト/ /オ/ウ/ム/メ/ノ/ /トリ/ワ/ /ハッ/セイ/ /キ/カン/ノ/ /キン/ニク/ヲ/ /セイ/コー/ニ/ /セイ/ギョ/ /ス/ル/ /コ/ト/デ/ /ヒ/ト/ノ/ /コト/バ/ヲ/ /モ/ホー/ /ス/ル/ /コ/ト/ガ/ /デ/キ/ル/ /カズ/ /スク/ナ/イ/ /ドー/ブツ/ノ/ /ヒ/ト/ツ/デ/ /ア/リ/、/タン/ナ/ル/ /モ/ホー/ヲ/ /コ/エ/テ/ /ブン/ミャク/ニ/ /オー/ジ/タ/ /ゲン/ゴ/ /シ/ヨー/ヲ/ /シメ/ス/ /コ/タイ/モ/ /ホー/コク/ /サ/レ/テ/ /イ/ル/。
ヒョウはアフリカとアジアに広く分布する単独行動性のネコ科動物であり、自分の体重を超えるほどの獲物を木の上に引き上げて他の肉食動物から奪われないようにするという特異な行動を持っている。	ヒョ/ウ/ワ/ /ア/フ/リ/カ/ト/ /ア/ジ/ア/ニ/ /ヒロ/ク/ /ブン/プ/ /ス/ル/ /タン/ドク/ /コー/ドー/セイ/ノ/ /ネ/コ/カ/ /ドー/ブツ/デ/ /ア/リ/、/ジ/ブン/ノ/ /タイ/ジュー/ヲ/ /コ/エ/ル/ホ/ド/ノ/ /エ/モノ/ヲ/ /キ/ノ/ /ウエ/ニ/ /ヒ/キ/ア/ゲ/テ/ /ホカ/ノ/ /ニク/ショク/ /ドー/ブツ/カ/ラ/ /ウバ/ワ/レ/ナ/イ/ヨ/ー/ニ/ /ス/ル/ト/ /イ/ウ/ /トク/イ/ナ/ /コー/ドー/ヲ/ /モ/ッ/テ/ /イ/ル/。
ウナギは成熟すると数千キロ離れたマリアナ諸島付近の深海で産卵すると考えられているが、その産卵や初期生活史の詳細が完全には解明されておらず、現在も世界中の研究者が調査を続けている謎多き魚だ。	ウ/ナ/ギ/ワ/ /セイ/ジュク/ /ス/ル/ト/ /スー/セン/キ/ロ/ /ハナ/レ/タ/ /マ/リ/ア/ナ/ /ショ/トー/ /フ/キン/ノ/ /シン/カイ/デ/ /サン/ラン/ /ス/ル/ト/ /カンガ/エ/ラ/レ/テ/ /イ/ル/ガ/、/ソ/ノ/ /サン/ラン/ヤ/ /ショ/キ/ /セイ/カツ/シ/ノ/ /ショー/サイ/ガ/ /カン/ゼン/ニ/ワ/ /カイ/メイ/ /サ/レ/テ/ /オ/ラ/ズ/、/ゲン/ザイ/モ/ /セ/カイ/ジュー/ノ/ /ケン/キュー/シャ/ガ/ /チョー/サ/ヲ/ /ツヅ/ケ/テ/ /イ/ル/ /ナゾ/ /オオ/キ/ /サカナ/ダ/。
キリンは陸上動物の中で最も首の長い生物であり、高木の葉を食べるために進化した長い首は心臓から頭まで血液を送るために非常に高い血圧と特殊な血管弁の仕組みを必要とする独自の生理構造を持つ。	キ/リ/ン/ワ/ /リク/ジョー/ /ドー/ブツ/ノ/ /ナカ/デ/ /モット/モ/ /クビ/ノ/ /ナガ/イ/ /セイ/ブツ/デ/ /ア/リ/、/コー/ボク/ノ/ /ハ/ヲ/ /タ/ベ/ル/ /タ/メ/ニ/ /シン/カ/ /シ/タ/ /ナガ/イ/ /クビ/ワ/ /シン/ゾー/カ/ラ/ /アタマ/マ/デ/ /ケツ/エキ/ヲ/ /オク/ル/ /タ/メ/ニ/ /ヒ/ジョー/ニ/ /タカ/イ/ /ケツ/アツ/ト/ /トク/シュ/ナ/ /ケッ/カン/ /ベン/ノ/ /シ/ク/ミ/ヲ/ /ヒツ/ヨー/ト/ /ス/ル/ /ドク/ジ/ノ/ /セイ/リ/ /コー/ゾー/ヲ/ /モ/ツ/。
ミナミゾウアザラシは哺乳類の中でも深海潜水能力がずば抜けて高く、水深二千メートル以上まで潜航し一時間以上水中に滞在する記録を持ち、酸素効率を最大化するための体の適応が研究されている。	ミ/ナ/ミ/ /ゾ/ウ/ア/ザ/ラ/シ/ワ/ /ホ/ニュー/ルイ/ノ/ /ナカ/デ/モ/ /シン/カイ/ /セン/スイ/ /ノー/リョク/ガ/ /ズ/バ/ヌ/ケ/テ/ /タカ/ク/、/スイ/シン/ /2/セン/メ/ー/ト/ル/ /イ/ジョー/マ/デ/ /セン/コー/ /シ/ /1/ジ/カン/ /イ/ジョー/ /スイ/チュー/ニ/ /タイ/ザイ/ /ス/ル/ /キ/ロク/ヲ/ /モ/チ/、/サン/ソ/ /コー/リツ/ヲ/ /サイ/ダイ/カ/ /ス/ル/ /タ/メ/ノ/ /カラダ/ノ/ /テキ/オー/ガ/ /ケン/キュー/ /サ/レ/テ/ /イ/ル/。
トゲウオは繁殖期のオスが口で水草を集めて精巧な巣を作り、そこにメスを誘い込んで産卵させた後に卵と稚魚を守るという魚類としては珍しい雄親による子育て行動を行う小型の淡水魚である。	ト/ゲ/ウ/オ/ワ/ /ハン/ショク/キ/ノ/ /オ/ス/ガ/ /クチ/デ/ /ミズ/クサ/ヲ/ /アツ/メ/テ/ /セイ/コー/ナ/ /ス/ヲ/ /ツク/リ/、/ソ/コ/ニ/ /メ/ス/ヲ/ /サソ/イ/コ/ン/デ/ /サン/ラン/ /サ/セ/タ/ /アト/ニ/ /タマゴ/ト/ /チ/ギョ/ヲ/ /マモ/ル/ト/ /イ/ウ/ /ギョ/ルイ/ト/ /シ/テ/ワ/ /メズラ/シ/イ/ /オス/オヤ/ニ/ /ヨ/ル/ /コ/ソダ/テ/ /コー/ドー/ヲ/ /オコナ/ウ/ /コ/ガタ/ノ/ /タン/スイ/ギョ/デ/ /ア/ル/。
ジャコウネコ科のビントロングはクマに似た外見を持ちながらモモの香りに似た独特の体臭を持つことが知られており、東南アジアの熱帯雨林で果実を食べ種子を散布する生態系サービスを担っている。	ジャ/コ/ウ/ネ/コ/カ/ノ/ /ビ/ン/ト/ロ/ン/グ/ワ/ /ク/マ/ニ/ /ニ/タ/ /ガイ/ケン/ヲ/ /モ/チ/ナ/ガ/ラ/ /モ/モ/ノ/ /カオ/リ/ニ/ /ニ/タ/ /ドク/トク/ノ/ /タイ/シュー/ヲ/ /モ/ツ/ /コ/ト/ガ/ /シ/ラ/レ/テ/ /オ/リ/、/トー/ナン/ /ア/ジ/ア/ノ/ /ネッ/タイ/ /ウ/リン/デ/ /カ/ジツ/ヲ/ /タ/ベ/ /シュ/シ/ヲ/ /サン/プ/ /ス/ル/ /セイ/タイ/ケイ/ /サ/ー/ビ/ス/ヲ/ /ニナ/ッ/テ/ /イ/ル/。
ペンギンは翼が泳ぐための鰭に進化して空を飛ぶ能力を失った代わりに水中での遊泳速度が時速三十キロを超えるほどに特化しており、南極から熱帯に至るまで多様な環境に適応した十七種以上が存在する。	ペ/ン/ギ/ン/ワ/ /ツバサ/ガ/ /オヨ/グ/ /タ/メ/ノ/ /ヒレ/ニ/ /シン/カ/ /シ/テ/ /ソラ/ヲ/ /ト/ブ/ /ノー/リョク/ヲ/ /ウシナ/ッ/タ/ /カ/ワ/リ/ニ/ /スイ/チュー/デ/ノ/ /ユー/エイ/ /ソク/ド/ガ/ /ジ/ソク/ /3/0/キ/ロ/ヲ/ /コ/エ/ル/ホ/ド/ニ/ /トッ/カ/ /シ/テ/ /オ/リ/、/ナン/キョク/カ/ラ/ /ネッ/タイ/ニ/ /イタ/ル/マ/デ/ /タ/ヨー/ナ/ /カン/キョー/ニ/ /テキ/オー/ /シ/タ/ /1/7/シュ/ /イ/ジョー/ガ/ /ソン/ザイ/ /ス/ル/。
光合成は植物が光エネルギーを用いて二酸化炭素と水からブドウ糖と酸素を合成する反応であり、地球上のほぼすべての食物連鎖の出発点として生態系全体を支える根源的な生命活動である。	コー/ゴー/セイ/ワ/ /ショク/ブツ/ガ/ /ヒカリ/ /エ/ネ/ル/ギ/ー/ヲ/ /モチ/イ/テ/ /2/サン/カ/ /タン/ソ/ト/ /ミズ/カ/ラ/ /ブ/ド/ー/トー/ト/ /サン/ソ/ヲ/ /ゴー/セイ/ /ス/ル/ /ハン/ノー/デ/ /ア/リ/、/チ/キュー/ジョー/ノ/ /ホ/ボ/ /ス/ベ/テ/ノ/ /ショク/モツ/ /レン/サ/ノ/ /シュッ/パツ/テン/ト/ /シ/テ/ /セイ/タイ/ケイ/ /ゼン/タイ/ヲ/ /ササ/エ/ル/ /コン/ゲン/テキ/ナ/ /セイ/メイ/ /カツ/ドー/デ/ /ア/ル/。
タンポポは綿毛と呼ばれる冠毛を持つ果実が風に乗って遠くへ運ばれることで種子を散布する仕組みを持ち、道端や草地など様々な環境に旺盛に適応して生育する代表的な雑草植物のひとつである。	タ/ン/ポ/ポ/ワ/ /ワタ/ゲ/ト/ /ヨ/バ/レ/ル/ /カン/モー/ヲ/ /モ/ツ/ /カ/ジツ/ガ/ /カゼ/ニ/ /ノ/ッ/テ/ /トオ/ク/エ/ /ハコ/バ/レ/ル/ /コ/ト/デ/ /シュ/シ/ヲ/ /サン/プ/ /ス/ル/ /シ/ク/ミ/ヲ/ /モ/チ/、/ミチ/バタ/ヤ/ /クサ/チ/ナ/ド/ /サマ/ザマ/ナ/ /カン/キョー/ニ/ /オー/セイ/ニ/ /テキ/オー/ /シ/テ/ /セイ/イク/ /ス/ル/ /ダイ/ヒョー/テキ/ナ/ /ザッ/ソー/ /ショク/ブツ/ノ/ /ヒ/ト/ツ/デ/ /ア/ル/。
オジギソウは葉に触れると素早く葉を折りたたむ運動性を持つ植物であり、この反応は葉柄基部の細胞から水分が急速に流出することで生じる水圧変化によって引き起こされる物理的な現象である。	オ/ジ/ギ/ソ/ウ/ワ/ /ハ/ニ/ /フ/レ/ル/ト/ /ス/バヤ/ク/ /ハ/ヲ/ /オ/リ/タ/タ/ム/ /ウン/ドー/セイ/ヲ/ /モ/ツ/ /ショク/ブツ/デ/ /ア/リ/、/コ/ノ/ /ハン/ノー/ワ/ /ヨー/ヘイ/ /キ/ブ/ノ/ /サイ/ボー/カ/ラ/ /スイ/ブン/ガ/ /キュー/ソク/ニ/ /リュー/シュツ/ /ス/ル/ /コ/ト/デ/ /ショー/ジ/ル/ /スイ/アツ/ /ヘン/カ/ニ/ /ヨ/ッ/テ/ /ヒ/キ/オ/コ/サ/レ/ル/ /ブツ/リ/テキ/ナ/ /ゲン/ショー/デ/ /ア/ル/。
マングローブは熱帯・亜熱帯の汽水域に生育する樹木の総称であり、複雑に絡み合う気根が波や泥流のエネルギーを吸収して海岸線を保護するとともに多様な生物の産卵場や幼稚魚の隠れ場にもなっている。	マ/ン/グ/ロ/ー/ブ/ワ/ /ネッ/タイ/・/ア/ネッ/タイ/ノ/ /キ/スイ/イキ/ニ/ /セイ/イク/ /ス/ル/ /ジュ/モク/ノ/ /ソー/ショー/デ/ /ア/リ/、/フク/ザツ/ニ/ /カラ/ミ/ア/ウ/ /キ/コン/ガ/ /ナミ/ヤ/ /デイ/リュー/ノ/ /エ/ネ/ル/ギ/ー/ヲ/ /キュー/シュー/ /シ/テ/ /カイ/ガン/セン/ヲ/ /ホ/ゴ/ /ス/ル/ト/ /ト/モ/ニ/ /タ/ヨー/ナ/ /セイ/ブツ/ノ/ /サン/ラン/ジョー/ヤ/ /ヨー/チ/ギョ/ノ/ /カク/レ/バ/ニ/モ/ /ナ/ッ/テ/ /イ/ル/。
ウツボカズラは捕虫袋に落ちた昆虫や小動物を消化酵素で分解して窒素などの栄養を吸収する食虫植物であり、養分の乏しい高地や湿地帯という過酷な環境に対する独自の進化的適応のひとつである。	ウ/ツ/ボ/カ/ズ/ラ/ワ/ /ホ/チュー/タイ/ニ/ /オ/チ/タ/ /コン/チュー/ヤ/ /ショー/ドー/ブツ/ヲ/ /ショー/カ/ /コー/ソ/デ/ /ブン/カイ/ /シ/テ/ /チッ/ソ/ナ/ド/ノ/ /エイ/ヨー/ヲ/ /キュー/シュー/ /ス/ル/ /ショク/チュー/ /ショク/ブツ/デ/ /ア/リ/、/ヨー/ブン/ノ/ /トボ/シ/イ/ /コー/チ/ヤ/ /シッ/チ/タイ/ト/ /イ/ウ/ /カ/コク/ナ/ /カン/キョー/ニ/ /タイ/ス/ル/ /ドク/ジ/ノ/ /シン/カ/テキ/ /テキ/オー/ノ/ /ヒ/ト/ツ/デ/ /ア/ル/。
桜の開花時期は気温の積算値によって決まるとされており、秋冬に低温にさらされることで休眠が打破され、春の気温上昇とともに開花するという二段階の温度応答の仕組みが解明されている。	サクラ/ノ/ /カイ/カ/ /ジ/キ/ワ/ /キ/オン/ノ/ /セキ/サン/チ/ニ/ /ヨ/ッ/テ/ /キ/マ/ル/ト/ /サ/レ/テ/ /オ/リ/、/アキ/フユ/ニ/ /テイ/オン/ニ/ /サ/ラ/サ/レ/ル/ /コ/ト/デ/ /キュー/ミン/ガ/ /ダ/ハ/ /サ/レ/、/ハル/ノ/ /キ/オン/ /ジョー/ショー/ト/ /ト/モ/ニ/ /カイ/カ/ /ス/ル/ト/ /イ/ウ/ /2/ダン/カイ/ノ/ /オン/ド/ /オー/トー/ノ/ /シ/ク/ミ/ガ/ /カイ/メイ/ /サ/レ/テ/ /イ/ル/。
竹は木本ではなく草本植物に分類されるイネ科の植物であり、地下茎を張り巡らせて群落を形成し、数十年に一度一斉に開花して実を結んだ後に枯死するという特異なライフサイクルを持っている。	タケ/ワ/ /モク/ホン/デ/ワ/ /ナ/ク/ /ソー/ホン/ /ショク/ブツ/ニ/ /ブン/ルイ/ /サ/レ/ル/ /イ/ネ/カ/ノ/ /ショク/ブツ/デ/ /ア/リ/、/チ/カ/ケイ/ヲ/ /ハ/リ/メグ/ラ/セ/テ/ /グン/ラク/ヲ/ /ケイ/セイ/ /シ/、/スー/10/ネン/ニ/ /1/ド/ /イッ/セイ/ニ/ /カイ/カ/ /シ/テ/ /ミ/ヲ/ /ムス/ン/ダ/ /アト/ニ/ /コ/シ/ /ス/ル/ト/ /イ/ウ/ /トク/イ/ナ/ /ラ/イ/フ/ /サ/イ/ク/ル/ヲ/ /モ/ッ/テ/ /イ/ル/。
菌根菌は植物の根と共生する菌類であり、菌糸ネットワークが土壌中の水やリンなどの養分を吸収して植物に供給する代わりに植物が光合成で作った糖を受け取るという相互利益の関係を結んでいる。	キン/コン/キン/ワ/ /ショク/ブツ/ノ/ /ネ/ト/ /キョー/セイ/ /ス/ル/ /キン/ルイ/デ/ /ア/リ/、/キン/シ/ /ネ/ッ/ト/ /ワ/ー/ク/ガ/ /ド/ジョー/チュー/ノ/ /ミズ/ヤ/ /リ/ン/ナ/ド/ノ/ /ヨー/ブン/ヲ/ /キュー/シュー/ /シ/テ/ /ショク/ブツ/ニ/ /キョー/キュー/ /ス/ル/ /カ/ワ/リ/ニ/ /ショク/ブツ/ガ/ /コー/ゴー/セイ/デ/ /ツク/ッ/タ/ /トー/ヲ/ /ウ/ケ/ト/ル/ト/ /イ/ウ/ /ソー/ゴ/ /リ/エキ/ノ/ /カン/ケイ/ヲ/ /ムス/ン/デ/ /イ/ル/。
ヤドリギは他の樹木の枝に根を張り込んで半寄生的に水分と無機養分を奪い取りながら自身も光合成を行う半寄生植物であり、クリスマスの飾りとして欧米で古くから親しまれている植物でもある。	ヤ/ド/リ/ギ/ワ/ /タ/ノ/ /ジュ/モク/ノ/ /エダ/ニ/ /ネ/ヲ/ /ハ/リ/コ/ン/デ/ /ハン/ /キ/セイ/テキ/ニ/ /スイ/ブン/ト/ /ム/キ/ /ヨー/ブン/ヲ/ /ウバ/イ/ト/リ/ナ/ガ/ラ/ /ジ/シン/モ/ /コー/ゴー/セイ/ヲ/ /オコナ/ウ/ /ハン/ /キ/セイ/ /ショク/ブツ/デ/ /ア/リ/、/ク/リ/ス/マ/ス/ノ/ /カザ/リ/ト/ /シ/テ/ /オー/ベイ/デ/ /フル/ク/カ/ラ/ /シタ/シ/マ/レ/テ/ /イ/ル/ /ショク/ブツ/デ/モ/ /ア/ル/。
サボテンは砂漠など乾燥地帯で生育するために葉が棘に変化して水分蒸散を抑え、多肉質の茎に大量の水を蓄える構造を持ち、夜間に気孔を開いて二酸化炭素を取り込むCAM型光合成を行う植物である。	サ/ボ/テ/ン/ワ/ /サ/バク/ナ/ド/ /カン/ソー/ /チ/タイ/デ/ /セイ/イク/ /ス/ル/ /タ/メ/ニ/ /ハ/ガ/ /トゲ/ニ/ /ヘン/カ/ /シ/テ/ /スイ/ブン/ /ジョー/サン/ヲ/ /オサ/エ/、/タ/ニク/シツ/ノ/ /クキ/ニ/ /タイ/リョー/ノ/ /ミズ/ヲ/ /タクワ/エ/ル/ /コー/ゾー/ヲ/ /モ/チ/、/ヤ/カン/ニ/ /キ/コー/ヲ/ /ヒラ/イ/テ/ /2/サン/カ/ /タン/ソ/ヲ/ /ト/リ/コ/ム/ /CAM/ガタ/ /コー/ゴー/セイ/ヲ/ /オコナ/ウ/ /ショク/ブツ/デ/ /ア/ル/。
水草の一種であるホテイアオイは水面に浮かびながら大量に繁殖する外来植物であり、水中の栄養塩を高効率で吸収する浄化能力がある一方で在来の水生生物の生息環境を脅かす侵略的な一面も持っている。	ミズ/クサ/ノ/ /イッ/シュ/デ/ /ア/ル/ /ホ/テ/イ/ア/オ/イ/ワ/ /スイ/メン/ニ/ /ウ/カ/ビ/ナ/ガ/ラ/ /タイ/リョー/ニ/ /ハン/ショク/ /ス/ル/ /ガイ/ライ/ /ショク/ブツ/デ/ /ア/リ/、/スイ/チュー/ノ/ /エイ/ヨー/エン/ヲ/ /コー/コー/リツ/デ/ /キュー/シュー/ /ス/ル/ /ジョー/カ/ /ノー/リョク/ガ/ /ア/ル/ /イッ/ポー/デ/ /ザイ/ライ/ノ/ /スイ/セイ/ /セイ/ブツ/ノ/ /セイ/ソク/ /カン/キョー/ヲ/ /オビヤ/カ/ス/ /シン/リャク/テキ/ナ/ /イチ/メン/モ/ /モ/ッ/テ/ /イ/ル/。
フタバガキ科の樹木は東南アジアの熱帯雨林を形成する主要な高木グループであり、風によって回転しながら種子が落下する翼果を持ち、数年から十数年に一度大量に一斉結実する産種現象が知られている。	フ/タ/バ/ガ/キ/カ/ノ/ /ジュ/モク/ワ/ /トー/ナン/ /ア/ジ/ア/ノ/ /ネッ/タイ/ /ウ/リン/ヲ/ /ケイ/セイ/ /ス/ル/ /シュ/ヨー/ナ/ /コー/ボク/ /グ/ル/ー/プ/デ/ /ア/リ/、/カゼ/ニ/ /ヨ/ッ/テ/ /カイ/テン/ /シ/ナ/ガ/ラ/ /シュ/シ/ガ/ /ラッ/カ/ /ス/ル/ /ヨク/カ/ヲ/ /モ/チ/、/スー/ネン/カ/ラ/ /10/スー/ネン/ニ/ /1/ド/ /タイ/リョー/ニ/ /イッ/セイ/ /ケツ/ジツ/ /ス/ル/ /サン/シュ/ /ゲン/ショー/ガ/ /シ/ラ/レ/テ/ /イ/ル/。
ラン科は被子植物の中で最も種数が多いグループのひとつであり、その多くが特定の菌根菌と共生することで発芽し成長する複雑な生活環を持ち、花の形態が送粉者の昆虫に合わせて多様化している。	ラ/ン/カ/ワ/ /ヒ/シ/ /ショク/ブツ/ノ/ /ナカ/デ/ /モット/モ/ /シュ/スー/ガ/ /オオ/イ/ /グ/ル/ー/プ/ノ/ /ヒ/ト/ツ/デ/ /ア/リ/、/ソ/ノ/ /オオ/ク/ガ/ /トク/テイ/ノ/ /キン/コン/キン/ト/ /キョー/セイ/ /ス/ル/ /コ/ト/デ/ /ハツ/ガ/ /シ/ /セイ/チョー/ /ス/ル/ /フク/ザツ/ナ/ /セイ/カツ/カン/ヲ/ /モ/チ/、/ハナ/ノ/ /ケイ/タイ/ガ/ /ソー/フン/シャ/ノ/ /コン/チュー/ニ/ /ア/ワ/セ/テ/ /タ/ヨー/カ/ /シ/テ/ /イ/ル/。
スギとヒノキは日本の林業を代表する針葉樹であり、戦後に大量に植林された一方で間伐が追いつかない放置林が拡大しており、花粉症の原因植物として社会的な問題としても注目を集め続けている。	ス/ギ/ト/ /ヒ/ノ/キ/ワ/ /ニ/ホン/ノ/ /リン/ギョー/ヲ/ /ダイ/ヒョー/ /ス/ル/ /シン/ヨー/ジュ/デ/ /ア/リ/、/セン/ゴ/ニ/ /タイ/リョー/ニ/ /ショク/リン/ /サ/レ/タ/ /イッ/ポー/デ/ /カン/バツ/ガ/ /オ/イ/ツ/カ/ナ/イ/ /ホー/チ/リン/ガ/ /カク/ダイ/ /シ/テ/ /オ/リ/、/カ/フン/ショー/ノ/ /ゲン/イン/ /ショク/ブツ/ト/ /シ/テ/ /シャ/カイ/テキ/ナ/ /モン/ダイ/ト/ /シ/テ/モ/ /チュー/モク/ヲ/ /アツ/メ/ツヅ/ケ/テ/ /イ/ル/。
ネムノキはマメ科の落葉高木であり、夜になると小葉を順次閉じ合わせる就眠運動を行うことで有名で、その葉の閉じる動きが人が眠るように見えることが和名の由来となっている植物である。	ネ/ム/ノ/キ/ワ/ /マ/メ/カ/ノ/ /ラク/ヨー/ /コー/ボク/デ/ /ア/リ/、/ヨル/ニ/ /ナ/ル/ト/ /ショー/ヨー/ヲ/ /ジュン/ジ/ /ト/ジ/ア/ワ/セ/ル/ /シュー/ミン/ /ウン/ドー/ヲ/ /オコナ/ウ/ /コ/ト/デ/ /ユー/メイ/デ/、/ソ/ノ/ /ハ/ノ/ /ト/ジ/ル/ /ウゴ/キ/ガ/ /ヒト/ガ/ /ネム/ル/ヨ/ー/ニ/ /ミ/エ/ル/ /コ/ト/ガ/ /ワ/メイ/ノ/ /ユ/ライ/ト/ /ナ/ッ/テ/ /イ/ル/ /ショク/ブツ/デ/ /ア/ル/。
シダ植物は種子を持たず胞子で繁殖する維管束植物であり、葉の裏側に並ぶ胞子嚢群から放出された胞子が発芽して前葉体となり、そこで受精が行われるという二段階の世代交代を繰り返している。	シ/ダ/ /ショク/ブツ/ワ/ /シュ/シ/ヲ/ /モ/タ/ズ/ /ホー/シ/デ/ /ハン/ショク/ /ス/ル/ /イ/カン/ソク/ /ショク/ブツ/デ/ /ア/リ/、/ハ/ノ/ /ウラ/ガワ/ニ/ /ナラ/ブ/ /ホー/シ/ノー/グン/カ/ラ/ /ホー/シュツ/ /サ/レ/タ/ /ホー/シ/ガ/ /ハツ/ガ/ /シ/テ/ /ゼン/ヨー/タイ/ト/ /ナ/リ/、/ソ/コ/デ/ /ジュ/セイ/ガ/ /オコナ/ワ/レ/ル/ト/ /イ/ウ/ /2/ダン/カイ/ノ/ /セ/ダイ/ /コー/タイ/ヲ/ /ク/リ/カエ/シ/テ/ /イ/ル/。
ハーブのミントはペパーミントとスペアミントの雑種に起源を持つとされており、地下茎で旺盛に増殖する強健な植物で、含まれるメントール成分は清涼感の素でもあり虫よけ効果も持つとされている。	ハ/ー/ブ/ノ/ /ミ/ン/ト/ワ/ /ペ/パ/ー/ミ/ン/ト/ト/ /ス/ペ/ア/ミ/ン/ト/ノ/ /ザッ/シュ/ニ/ /キ/ゲン/ヲ/ /モ/ツ/ト/ /サ/レ/テ/ /オ/リ/、/チ/カ/ケイ/デ/ /オー/セイ/ニ/ /ゾー/ショク/ /ス/ル/ /キョー/ケン/ナ/ /ショク/ブツ/デ/、/フク/マ/レ/ル/ /メ/ン/ト/ー/ル/ /セイ/ブン/ワ/ /セイ/リョー/カン/ノ/ /モト/デ/モ/ /ア/リ/ /ムシ/ヨ/ケ/ /コー/カ/モ/ /モ/ツ/ト/ /サ/レ/テ/ /イ/ル/。
落葉樹は秋になると葉に含まれるクロロフィルが分解されてアントシアニンやカロテノイドが残ることで紅葉・黄葉が生じ、その後葉柄の付け根に離層を形成して落葉させることで冬の乾燥と寒さに備える。	ラク/ヨー/ジュ/ワ/ /アキ/ニ/ /ナ/ル/ト/ /ハ/ニ/ /フク/マ/レ/ル/ /ク/ロ/ロ/フィ/ル/ガ/ /ブン/カイ/ /サ/レ/テ/ /ア/ン/ト/シ/ア/ニ/ン/ヤ/ /カ/ロ/テ/ノ/イ/ド/ガ/ /ノコ/ル/ /コ/ト/デ/ /コー/ヨー/・/コー/ヨー/ガ/ /ショー/ジ/、/ソ/ノ/ゴ/ /ヨー/ヘイ/ノ/ /ツ/ケ/ネ/ニ/ /リ/ソー/ヲ/ /ケイ/セイ/ /シ/テ/ /ラク/ヨー/ /サ/セ/ル/ /コ/ト/デ/ /フユ/ノ/ /カン/ソー/ト/ /サム/サ/ニ/ /ソナ/エ/ル/。
バナナは木のように見えるが実際には木本ではなく、葉鞘が積み重なった偽茎を持つ大型の多年生草本植物であり、現在商業流通するほとんどの品種は種子を持たない三倍体の不稔品種である。	バ/ナ/ナ/ワ/ /キ/ノ/ヨ/ー/ニ/ /ミ/エ/ル/ガ/ /ジッ/サイ/ニ/ワ/ /モク/ホン/デ/ワ/ /ナ/ク/、/ヨー/ショー/ガ/ /ツ/ミ/カサ/ナ/ッ/タ/ /ギ/ケイ/ヲ/ /モ/ツ/ /オオ/ガタ/ノ/ /タ/ネン/セイ/ /ソー/ホン/ /ショク/ブツ/デ/ /ア/リ/、/ゲン/ザイ/ /ショー/ギョー/ /リュー/ツー/ /ス/ル/ /ホ/ト/ン/ド/ノ/ /ヒン/シュ/ワ/ /シュ/シ/ヲ/ /モ/タ/ナ/イ/ /3/バイ/タイ/ノ/ /フ/ネン/ /ヒン/シュ/デ/ /ア/ル/。
ブナは温帯落葉広葉樹林の代表的な優占種であり、数年に一度大量に堅果を結実するマスティング（豊凶年）現象を起こすことで種子食者の個体数を上回る豊作年を作り出し種の存続を図っている。	ブ/ナ/ワ/ /オン/タイ/ /ラク/ヨー/ /コー/ヨー/ /ジュ/リン/ノ/ /ダイ/ヒョー/テキ/ナ/ /ユー/セン/シュ/デ/ /ア/リ/、/スー/ネン/ニ/ /1/ド/ /タイ/リョー/ニ/ /ケン/カ/ヲ/ /ケツ/ジツ/ /ス/ル/ /マ/ス/ティ/ン/グ/(/ホー/キョー/ネン/)/ /ゲン/ショー/ヲ/ /オ/コ/ス/ /コ/ト/デ/ /シュ/シ/ショク/シャ/ノ/ /コ/タイ/スー/ヲ/ /ウワ/マワ/ル/ /ホー/サク/ /ネン/ヲ/ /ツク/リ/ダ/シ/ /シュ/ノ/ /ソン/ゾク/ヲ/ /ハカ/ッ/テ/ /イ/ル/。
熱帯雨林の植物は光を巡る激しい競争にさらされており、低地では林冠を突き抜けるよう細く高く成長しながら、ヘゴのようなシダ類は木の幹に着生して少ない光を効率よく捉える戦略を選んでいる。	ネッ/タイ/ /ウ/リン/ノ/ /ショク/ブツ/ワ/ /ヒカリ/ヲ/ /メグ/ル/ /ハゲ/シ/イ/ /キョー/ソー/ニ/ /サ/ラ/サ/レ/テ/ /オ/リ/、/テイ/チ/デ/ワ/ /リン/カン/ヲ/ /ツ/キ/ヌ/ケ/ル/ヨ/ー/ /ホソ/ク/ /タカ/ク/ /セイ/チョー/ /シ/ナ/ガ/ラ/、/ヘ/ゴ/ノ/ヨ/ー/ナ/ /シ/ダ/ルイ/ワ/ /キ/ノ/ /ミキ/ニ/ /チャク/セイ/ /シ/テ/ /スク/ナ/イ/ /ヒカリ/ヲ/ /コー/リツ/ /ヨ/ク/ /トラ/エ/ル/ /セン/リャク/ヲ/ /エラ/ン/デ/ /イ/ル/。
アオカビなどの菌類はペニシリンを産生することで細菌の増殖を抑制する能力を持っており、フレミングによるペニシリンの発見はこの菌類の自然な化学的防衛機構を医療に応用した歴史的発見である。	ア/オ/カ/ビ/ナ/ド/ノ/ /キン/ルイ/ワ/ /ペ/ニ/シ/リ/ン/ヲ/ /サン/セイ/ /ス/ル/ /コ/ト/デ/ /サイ/キン/ノ/ /ゾー/ショク/ヲ/ /ヨク/セイ/ /ス/ル/ /ノー/リョク/ヲ/ /モ/ッ/テ/ /オ/リ/、/フ/レ/ミ/ン/グ/ニ/ /ヨ/ル/ /ペ/ニ/シ/リ/ン/ノ/ /ハッ/ケン/ワ/ /コ/ノ/ /キン/ルイ/ノ/ /シ/ゼン/ナ/ /カ/ガク/テキ/ /ボー/エイ/ /キ/コー/ヲ/ /イ/リョー/ニ/ /オー/ヨー/ /シ/タ/ /レキ/シ/テキ/ /ハッ/ケン/デ/ /ア/ル/。
ウキクサはアオウキクサやミジンコウキクサなどを含む世界最小の花を持つ被子植物のグループであり、水面に浮かびながら細胞分裂で急速に増殖し高い栄養吸収能力を持つ最小の顕花植物として知られる。	ウ/キ/ク/サ/ワ/ /ア/オ/ウ/キ/ク/サ/ヤ/ /ミ/ジ/ン/コ/ /ウ/キ/ク/サ/ナ/ド/ヲ/ /フク/ム/ /セ/カイ/ /サイ/ショー/ノ/ /ハナ/ヲ/ /モ/ツ/ /ヒ/シ/ /ショク/ブツ/ノ/ /グ/ル/ー/プ/デ/ /ア/リ/、/スイ/メン/ニ/ /ウ/カ/ビ/ナ/ガ/ラ/ /サイ/ボー/ /ブン/レツ/デ/ /キュー/ソク/ニ/ /ゾー/ショク/ /シ/ /タカ/イ/ /エイ/ヨー/ /キュー/シュー/ /ノー/リョク/ヲ/ /モ/ツ/ /サイ/ショー/ノ/ /ケン/カ/ /ショク/ブツ/ト/ /シ/テ/ /シ/ラ/レ/ル/。
桐の木は成長が非常に速い樹木として知られており、数年で家具や下駄に使える大きさになるほどで、軽くて断熱性が高い材質が着物の保管に使われる桐箱として日本の伝統文化に深く根付いている。	キリ/ノ/ /キ/ワ/ /セイ/チョー/ガ/ /ヒ/ジョー/ニ/ /ハヤ/イ/ /ジュ/モク/ト/ /シ/テ/ /シ/ラ/レ/テ/ /オ/リ/、/スー/ネン/デ/ /カ/グ/ヤ/ /ゲ/タ/ニ/ /ツカ/エ/ル/ /オオ/キ/サ/ニ/ /ナ/ル/ホ/ド/デ/、/カル/ク/テ/ /ダン/ネツ/セイ/ガ/ /タカ/イ/ /ザイ/シツ/ガ/ /キ/モノ/ノ/ /ホ/カン/ニ/ /ツカ/ワ/レ/ル/ /キリ/バコ/ト/ /シ/テ/ /ニ/ホン/ノ/ /デン/トー/ /ブン/カ/ニ/ /フカ/ク/ /ネ/ヅ/イ/テ/ /イ/ル/。
イチョウは恐竜時代から現在まで形態をほとんど変えていない「生きた化石」として知られる裸子植物であり、雌雄異株で雄株の放出した精子が風で運ばれ雌株に受精するという原始的な繁殖様式を持つ。	イ/チョ/ウ/ワ/ /キョー/リュー/ /ジ/ダイ/カ/ラ/ /ゲン/ザイ/マ/デ/ /ケイ/タイ/ヲ/ /ホ/ト/ン/ド/ /カ/エ/テ/ /イ/ナ/イ/ /「/イ/キ/タ/ /カ/セキ/」/ト/ /シ/テ/ /シ/ラ/レ/ル/ /ラ/シ/ /ショク/ブツ/デ/ /ア/リ/、/シ/ユー/ /イ/シュ/デ/ /オ/カブ/ノ/ /ホー/シュツ/ /シ/タ/ /セイ/シ/ガ/ /カゼ/デ/ /ハコ/バ/レ/ /メ/カブ/ニ/ /ジュ/セイ/ /ス/ル/ト/ /イ/ウ/ /ゲン/シ/テキ/ナ/ /ハン/ショク/ /ヨー/シキ/ヲ/ /モ/ツ/。
松は乾燥や痩せた土壌に強い先駆植物として知られており、菌根菌と密接に共生することで養分の乏しい環境でも定着でき、山火事跡地などの攪乱環境でいち早く回復を始める先駆的な樹木でもある。	マツ/ワ/ /カン/ソー/ヤ/ /ヤ/セ/タ/ /ド/ジョー/ニ/ /ツヨ/イ/ /セン/ク/ /ショク/ブツ/ト/ /シ/テ/ /シ/ラ/レ/テ/ /オ/リ/、/キン/コン/キン/ト/ /ミッ/セツ/ニ/ /キョー/セイ/ /ス/ル/ /コ/ト/デ/ /ヨー/ブン/ノ/ /トボ/シ/イ/ /カン/キョー/デ/モ/ /テイ/チャク/ /デ/キ/、/ヤマ/カ/ジ/ /アト/チ/ナ/ド/ノ/ /カク/ラン/ /カン/キョー/デ/ /イ/チ/ハヤ/ク/ /カイ/フク/ヲ/ /ハジ/メ/ル/ /セン/ク/テキ/ナ/ /ジュ/モク/デ/モ/ /ア/ル/。
ネナシカズラは葉緑素を持たない全寄生植物であり、宿主植物に吸器と呼ばれる器官を差し込んで水や養分を完全に奪い取り、自身の光合成には一切依存しないという徹底的な寄生戦略をとっている。	ネ/ナ/シ/カ/ズ/ラ/ワ/ /ヨー/リョク/ソ/ヲ/ /モ/タ/ナ/イ/ /ゼン/キ/セイ/ /ショク/ブツ/デ/ /ア/リ/、/シュク/シュ/ /ショク/ブツ/ニ/ /キュー/キ/ト/ /ヨ/バ/レ/ル/ /キ/カン/ヲ/ /サ/シ/コ/ン/デ/ /ミズ/ヤ/ /ヨー/ブン/ヲ/ /カン/ゼン/ニ/ /ウバ/イ/ト/リ/、/ジ/シン/ノ/ /コー/ゴー/セイ/ニ/ワ/ /イッ/サイ/ /イ/ゾン/ /シ/ナ/イ/ト/ /イ/ウ/ /テッ/テイ/テキ/ナ/ /キ/セイ/ /セン/リャク/ヲ/ /ト/ッ/テ/ /イ/ル/。
スイレンは水面に葉と花を浮かべる水生植物であり、昼に開花して夜に閉じるという就眠性を持ち、モネが連作として描いた睡蓮の池の絵画で知られるようにその美しさが芸術の題材にもなってきた植物だ。	ス/イ/レ/ン/ワ/ /スイ/メン/ニ/ /ハ/ト/ /ハナ/ヲ/ /ウ/カ/ベ/ル/ /スイ/セイ/ /ショク/ブツ/デ/ /ア/リ/、/ヒル/ニ/ /カイ/カ/ /シ/テ/ /ヨル/ニ/ /ト/ジ/ル/ト/ /イ/ウ/ /シュー/ミン/セイ/ヲ/ /モ/チ/、/モ/ネ/ガ/ /レン/サク/ト/ /シ/テ/ /エガ/イ/タ/ /スイ/レン/ノ/ /イケ/ノ/ /カイ/ガ/デ/ /シ/ラ/レ/ル/ヨ/ー/ニ/ /ソ/ノ/ /ウツク/シ/サ/ガ/ /ゲイ/ジュツ/ノ/ /ダイ/ザイ/ニ/モ/ /ナ/ッ/テ/ /キ/タ/ /ショク/ブツ/ダ/。
気孔は植物の葉の表面に存在する微小な開口部であり、一対の孔辺細胞の膨圧変化によって開閉し、ガス交換（二酸化炭素の取り込みと酸素の放出）と蒸散を調節する植物の重要な器官である。	キ/コー/ワ/ /ショク/ブツ/ノ/ /ハ/ノ/ /ヒョー/メン/ニ/ /ソン/ザイ/ /ス/ル/ /ビ/ショー/ナ/ /カイ/コー/ブ/デ/ /ア/リ/、/1/ツイ/ノ/ /コー/ヘン/ /サイ/ボー/ノ/ /ボー/アツ/ /ヘン/カ/ニ/ /ヨ/ッ/テ/ /カイ/ヘイ/ /シ/、/ガ/ス/ /コー/カン/(/2/サン/カ/ /タン/ソ/ノ/ /ト/リ/コ/ミ/ト/ /サン/ソ/ノ/ /ホー/シュツ/)/ト/ /ジョー/サン/ヲ/ /チョー/セツ/ /ス/ル/ /ショク/ブツ/ノ/ /ジュー/ヨー/ナ/ /キ/カン/デ/ /ア/ル/。
フジは日本を代表するつる性の落葉樹木であり、他の木を支柱として巻き付いて成長する習性を持ち、春に房状に垂れ下がる薄紫色の花は美しく、古くから和歌や絵画の題材として描かれてきた植物だ。	フ/ジ/ワ/ /ニ/ホン/ヲ/ /ダイ/ヒョー/ /ス/ル/ /ツ/ル/セイ/ノ/ /ラク/ヨー/ /ジュ/モク/デ/ /ア/リ/、/タ/ノ/ /キ/ヲ/ /シ/チュー/ト/ /シ/テ/ /マ/キ/ツ/イ/テ/ /セイ/チョー/ /ス/ル/ /シュー/セイ/ヲ/ /モ/チ/、/ハル/ニ/ /ボー/ジョー/ニ/ /タ/レ/サ/ガ/ル/ /ウス/ムラサキ/イロ/ノ/ /ハナ/ワ/ /ウツク/シ/ク/、/フル/ク/カ/ラ/ /ワ/カ/ヤ/ /カイ/ガ/ノ/ /ダイ/ザイ/ト/ /シ/テ/ /エガ/カ/レ/テ/ /キ/タ/ /ショク/ブツ/ダ/。
クローバーは根粒菌と共生して窒素固定を行えるマメ科の植物であり、大気中の窒素を土壌に還元することで周辺植物の成長を助け、農業においても緑肥や牧草として広く利用されている有用な植物である。	ク/ロ/ー/バ/ー/ワ/ /コン/リュー/キン/ト/ /キョー/セイ/ /シ/テ/ /チッ/ソ/ /コ/テイ/ヲ/ /オコナ/エ/ル/ /マ/メ/カ/ノ/ /ショク/ブツ/デ/ /ア/リ/、/タイ/キ/チュー/ノ/ /チッ/ソ/ヲ/ /ド/ジョー/ニ/ /カン/ゲン/ /ス/ル/ /コ/ト/デ/ /シュー/ヘン/ /ショク/ブツ/ノ/ /セイ/チョー/ヲ/ /タス/ケ/、/ノー/ギョー/ニ/ /オ/イ/テ/モ/ /リョク/ヒ/ヤ/ /ボク/ソー/ト/ /シ/テ/ /ヒロ/ク/ /リ/ヨー/ /サ/レ/テ/ /イ/ル/ /ユー/ヨー/ナ/ /ショク/ブツ/デ/ /ア/ル/。
アレロパシーとは植物が化学物質を根や葉から放出して周囲の植物の成長を抑制したり促進したりする現象であり、セイタカアワダチソウが在来植物を駆逐する理由のひとつとして研究されている現象だ。	ア/レ/ロ/パ/シ/ー/ト/ワ/ /ショク/ブツ/ガ/ /カ/ガク/ /ブッ/シツ/ヲ/ /ネ/ヤ/ /ハ/カ/ラ/ /ホー/シュツ/ /シ/テ/ /シュー/イ/ノ/ /ショク/ブツ/ノ/ /セイ/チョー/ヲ/ /ヨク/セイ/ /シ/タ/リ/ /ソク/シン/ /シ/タ/リ/ /ス/ル/ /ゲン/ショー/デ/ /ア/リ/、/セ/イ/タ/カ/ア/ワ/ダ/チ/ソ/ウ/ガ/ /ザイ/ライ/ /ショク/ブツ/ヲ/ /ク/チク/ /ス/ル/ /リ/ユー/ノ/ /ヒ/ト/ツ/ト/ /シ/テ/ /ケン/キュー/ /サ/レ/テ/ /イ/ル/ /ゲン/ショー/ダ/。
ヒマワリは一日のうちで太陽を追うように茎の先端が動く向日性を持つ植物として知られているが、実際には成長完了後の花は向日運動を止めて最終的には東向きに固定されることが研究で示されている。	ヒ/マ/ワ/リ/ワ/ /1/ニチ/ノ/ /ウ/チ/デ/ /タイ/ヨー/ヲ/ /オ/ウ/ヨ/ー/ニ/ /クキ/ノ/ /セン/タン/ガ/ /ウゴ/ク/ /コー/ジツ/セイ/ヲ/ /モ/ツ/ /ショク/ブツ/ト/ /シ/テ/ /シ/ラ/レ/テ/ /イ/ル/ガ/、/ジッ/サイ/ニ/ワ/ /セイ/チョー/ /カン/リョー/ゴ/ノ/ /ハナ/ワ/ /コー/ジツ/ /ウン/ドー/ヲ/ /ト/メ/テ/ /サイ/シュー/テキ/ニ/ワ/ /ヒガシ/ム/キ/ニ/ /コ/テイ/ /サ/レ/ル/ /コ/ト/ガ/ /ケン/キュー/デ/ /シメ/サ/レ/テ/ /イ/ル/。
コケ植物（苔類・蘚類・ツノゴケ類）は維管束を持たず体全体で水分を吸収する陸上植物で、乾燥すると休眠して水を与えると速やかに活動を再開する高い耐乾燥性を持ちほぼ全世界の陸上に分布する。	コ/ケ/ /ショク/ブツ/(/タイ/ルイ/・/セン/ルイ/・/ツ/ノ/ゴ/ケ/ルイ/)/ワ/ /イ/カン/ソク/ヲ/ /モ/タ/ズ/ /タイ/ /ゼン/タイ/デ/ /スイ/ブン/ヲ/ /キュー/シュー/ /ス/ル/ /リク/ジョー/ /ショク/ブツ/デ/、/カン/ソー/ /ス/ル/ト/ /キュー/ミン/ /シ/テ/ /ミズ/ヲ/ /アタ/エ/ル/ト/ /スミ/ヤ/カ/ニ/ /カツ/ドー/ヲ/ /サイ/カイ/ /ス/ル/タカ/イ/ /タイ/カン/ソー/セイ/ヲ/ /モ/チ/ /ホ/ボ/ /ゼン/セ/カイ/ノ/ /リク/ジョー/ニ/ /ブン/プ/ /ス/ル/。
樹木の年輪は春から夏にかけて成長する明るい早材と秋の成長が遅い暗い晩材が交互に形成されることで生じており、年輪の幅は気候変動の記録として古気候学の研究資料としても活用されている。	ジュ/モク/ノ/ /ネン/リン/ワ/ /ハル/カ/ラ/ /ナツ/ニ/ /カ/ケ/テ/ /セイ/チョー/ /ス/ル/ /アカ/ル/イ/ /ソー/ザイ/ト/ /アキ/ノ/ /セイ/チョー/ガ/ /オソ/イ/ /クラ/イ/ /バン/ザイ/ガ/ /コー/ゴ/ニ/ /ケイ/セイ/ /サ/レ/ル/ /コ/ト/デ/ /ショー/ジ/テ/ /オ/リ/、/ネン/リン/ノ/ /ハバ/ワ/ /キ/コー/ /ヘン/ドー/ノ/ /キ/ロク/ト/ /シ/テ/ /コ/キ/コー/ガク/ノ/ /ケン/キュー/ /シ/リョー/ト/ /シ/テ/モ/ /カツ/ヨー/ /サ/レ/テ/ /イ/ル/。
アマゾンの熱帯雨林は地球の「肺」と称されており、膨大な量の二酸化炭素を吸収して酸素を放出するとともに水の蒸散によって地域の降雨パターンを左右するほどの規模の環境調節機能を持っている。	ア/マ/ゾ/ン/ノ/ /ネッ/タイ/ /ウ/リン/ワ/ /チ/キュー/ノ/ /「/ハイ/」/ト/ /ショー/サ/レ/テ/ /オ/リ/、/ボー/ダイ/ナ/ /リョー/ノ/ /2/サン/カ/ /タン/ソ/ヲ/ /キュー/シュー/ /シ/テ/ /サン/ソ/ヲ/ /ホー/シュツ/ /ス/ル/ト/ /ト/モ/ニ/ /ミズ/ノ/ /ジョー/サン/ニ/ /ヨ/ッ/テ/ /チ/イキ/ノ/ /コー/ウ/ /パ/タ/ー/ン/ヲ/ /サ/ユー/ /ス/ル/ホ/ド/ノ/ /キ/ボ/ノ/ /カン/キョー/ /チョー/セツ/ /キ/ノー/ヲ/ /モ/ッ/テ/ /イ/ル/。
ドクダミは湿った日陰でも旺盛に繁殖する多年草であり、葉に含まれるデカノイルアセトアルデヒドが独特の臭いを発するとともに抗菌作用を持ち、乾燥させた十薬は民間薬として古くから利用されてきた。	ド/ク/ダ/ミ/ワ/ /シメ/ッ/タ/ /ヒ/カゲ/デ/モ/ /オー/セイ/ニ/ /ハン/ショク/ /ス/ル/ /タ/ネン/ソー/デ/ /ア/リ/、/ハ/ニ/ /フク/マ/レ/ル/ /デ/カ/ノ/イ/ル/ /ア/セ/ト/ /ア/ル/デ/ヒ/ド/ガ/ /ドク/トク/ノ/ /ニオ/イ/ヲ/ /ハッ/ス/ル/ト/ /ト/モ/ニ/ /コー/キン/ /サ/ヨー/ヲ/ /モ/チ/、/カン/ソー/ /サ/セ/タ/ /ジュー/ヤク/ワ/ /ミン/カン/ヤク/ト/ /シ/テ/ /フル/ク/カ/ラ/ /リ/ヨー/ /サ/レ/テ/ /キ/タ/。
ポプラやヤナギは遺伝子操作の実験植物としても利用される成長速度の速い落葉樹であり、苗木を挿し木するだけで発根するほど旺盛な再生能力を持ち、河川敷や道路沿いに並木として植栽されることが多い。	ポ/プ/ラ/ヤ/ /ヤ/ナ/ギ/ワ/ /イ/デン/シ/ /ソー/サ/ノ/ /ジッ/ケン/ /ショク/ブツ/ト/ /シ/テ/モ/ /リ/ヨー/ /サ/レ/ル/ /セイ/チョー/ /ソク/ド/ノ/ /ハヤ/イ/ /ラク/ヨー/ジュ/デ/ /ア/リ/、/ナエ/ギ/ヲ/ /サ/シ/キ/ /ス/ル/ダ/ケ/デ/ /ハッ/コン/ /ス/ル/ホ/ド/ /オー/セイ/ナ/ /サイ/セイ/ /ノー/リョク/ヲ/ /モ/チ/、/カ/セン/ジキ/ヤ/ /ドー/ロ/ゾ/イ/ニ/ /ナミ/キ/ト/ /シ/テ/ /ショク/サイ/ /サ/レ/ル/ /コ/ト/ガ/ /オオ/イ/。
ニレやケヤキはニレ科の高木であり、江戸時代から街路樹として利用されてきた歴史を持ち、ケヤキは材木として神社仏閣の建築にも用いられる強靭な木材を供給する樹木として重要な存在である。	ニ/レ/ヤ/ /ケ/ヤ/キ/ワ/ /ニ/レ/カ/ノ/ /コー/ボク/デ/ /ア/リ/、/エ/ド/ /ジ/ダイ/カ/ラ/ /ガイ/ロ/ジュ/ト/ /シ/テ/ /リ/ヨー/ /サ/レ/テ/ /キ/タ/ /レキ/シ/ヲ/ /モ/チ/、/ケ/ヤ/キ/ワ/ /ザイ/モク/ト/ /シ/テ/ /ジン/ジャ/ /ブッ/カク/ノ/ /ケン/チク/ニ/モ/ /モチ/イ/ラ/レ/ル/ /キョー/ジン/ナ/ /モク/ザイ/ヲ/ /キョー/キュー/ /ス/ル/ /ジュ/モク/ト/ /シ/テ/ /ジュー/ヨー/ナ/ /ソン/ザイ/デ/ /ア/ル/。
アカシアはもともとオーストラリア原産のマメ科の樹木の総称であり、根粒菌と共生して窒素固定を行う能力と乾燥耐性を持ち、砂漠化防止や緑化事業に世界各地で積極的に導入されている植物である。	ア/カ/シ/ア/ワ/ /モ/ト/モ/ト/ /オ/ー/ス/ト/ラ/リ/ア/ /ゲン/サン/ノ/ /マ/メ/カ/ノ/ /ジュ/モク/ノ/ /ソー/ショー/デ/ /ア/リ/、/コン/リュー/キン/ト/ /キョー/セイ/ /シ/テ/ /チッ/ソ/ /コ/テイ/ヲ/ /オコナ/ウ/ /ノー/リョク/ト/ /カン/ソー/ /タイ/セイ/ヲ/ /モ/チ/、/サ/バク/カ/ /ボー/シ/ヤ/ /リョッ/カ/ /ジ/ギョー/ニ/ /セ/カイ/ /カク/チ/デ/ /セッ/キョク/テキ/ニ/ /ドー/ニュー/ /サ/レ/テ/ /イ/ル/ /ショク/ブツ/デ/ /ア/ル/。
ベニタケなどのキノコはカビや酵母と同じ菌界に属する生物であり、分解者として落ち葉や枯れ木の有機物を分解して無機物に還元することで森林の物質循環を支える不可欠な役割を果たしている。	ベ/ニ/タ/ケ/ナ/ド/ノ/ /キ/ノ/コ/ワ/ /カ/ビ/ヤ/ /コー/ボ/ト/ /オナ/ジ/ /キン/カイ/ニ/ /ゾク/ス/ル/ /セイ/ブツ/デ/ /ア/リ/、/ブン/カイ/シャ/ト/ /シ/テ/ /オ/チ/バ/ヤ/ /カ/レ/キ/ノ/ /ユー/キ/ブツ/ヲ/ /ブン/カイ/ /シ/テ/ /ム/キ/ブツ/ニ/ /カン/ゲン/ /ス/ル/ /コ/ト/デ/ /シン/リン/ノ/ /ブッ/シツ/ /ジュン/カン/ヲ/ /ササ/エ/ル/ /フ/カ/ケツ/ナ/ /ヤク/ワリ/ヲ/ /ハ/タ/シ/テ/ /イ/ル/。
カラスムギやエノコログサなどの一年生草本は種子を大量に生産して素早く散布することを戦略の中心に置くr戦略をとる植物典型例であり、農地や攪乱地にいち早く侵入して繁殖を完了させる競争に優れている。	カ/ラ/ス/ム/ギ/ヤ/ /エ/ノ/コ/ロ/グ/サ/ナ/ド/ノ/ /1/ネン/セイ/ /ソー/ホン/ワ/ /シュ/シ/ヲ/ /タイ/リョー/ニ/ /セイ/サン/ /シ/テ/ /ス/バヤ/ク/ /サン/プ/ /ス/ル/ /コ/ト/ヲ/ /セン/リャク/ノ/ /チュー/シン/ニ/ /オ/ク/ /r/セン/リャク/ヲ/ /ト/ル/ /ショク/ブツ/ /テン/ケイ/レイ/デ/ /ア/リ/、/ノー/チ/ヤ/ /カク/ラン/チ/ニ/ /イ/チ/ハヤ/ク/ /シン/ニュー/ /シ/テ/ /ハン/ショク/ヲ/ /カン/リョー/ /サ/セ/ル/ /キョー/ソー/ニ/ /スグ/レ/テ/ /イ/ル/。
植物の二次代謝産物はタンニン・アルカロイド・フラボノイドなど多様な化合物を含んでおり、その多くが植食性昆虫や病原菌に対する化学的防衛として機能しているが同時に薬用・香料にも広く利用される。	ショク/ブツ/ノ/ /2/ジ/ /タイ/シャ/ /サン/ブツ/ワ/ /タ/ン/ニ/ン/・/ア/ル/カ/ロ/イ/ド/・/フ/ラ/ボ/ノ/イ/ド/ナ/ド/ /タ/ヨー/ナ/ /カ/ゴー/ブツ/ヲ/ /フク/ン/デ/ /オ/リ/、/ソ/ノ/ /オオ/ク/ガ/ /ショク/ショク/セイ/ /コン/チュー/ヤ/ /ビョー/ゲン/キン/ニ/ /タイ/ス/ル/ /カ/ガク/テキ/ /ボー/エイ/ト/ /シ/テ/ /キ/ノー/ /シ/テ/ /イ/ル/ガ/ /ドー/ジ/ニ/ /ヤク/ヨー/・/コー/リョー/ニ/モ/ /ヒロ/ク/ /リ/ヨー/ /サ/レ/ル/。
ハナバチと花の関係は共進化の典型例として知られており、花の形・色・香りがハナバチの体の形や行動に適合するよう変化し、ハナバチも特定の花の蜜や花粉を効率よく集める身体的特徴を進化させてきた。	ハ/ナ/バ/チ/ト/ /ハナ/ノ/ /カン/ケイ/ワ/ /キョー/シン/カ/ノ/ /テン/ケイ/レイ/ト/ /シ/テ/ /シ/ラ/レ/テ/ /オ/リ/、/ハナ/ノ/ /カタチ/・/イロ/・/カオ/リ/ガ/ /ハ/ナ/バ/チ/ノ/ /カラダ/ノ/ /カタチ/ヤ/ /コー/ドー/ニ/ /テキ/ゴー/ /ス/ル/ヨ/ー/ /ヘン/カ/ /シ/、/ハ/ナ/バ/チ/モ/ /トク/テイ/ノ/ /ハナ/ノ/ /ミツ/ヤ/ /カ/フン/ヲ/ /コー/リツ/ /ヨ/ク/ /アツ/メ/ル/ /シン/タイ/テキ/ /トク/チョー/ヲ/ /シン/カ/ /サ/セ/テ/ /キ/タ/。
ヤチヤナギはミズゴケ湿原に生育するフウロソウ目の植物であり、根粒菌による窒素固定能力を持ちながら栄養の極端に少ない泥炭地でも生育できる適応を持つ珍しい非マメ科の窒素固定植物でもある。	ヤ/チ/ヤ/ナ/ギ/ワ/ /ミ/ズ/ゴ/ケ/ /シツ/ゲン/ニ/ /セイ/イク/ /ス/ル/ /フ/ウ/ロ/ソ/ウ/メ/ノ/ /ショク/ブツ/デ/ /ア/リ/、/コン/リュー/キン/ニ/ /ヨ/ル/ /チッ/ソ/ /コ/テイ/ /ノー/リョク/ヲ/ /モ/チ/ナ/ガ/ラ/ /エイ/ヨー/ノ/ /キョク/タン/ニ/ /スク/ナ/イ/ /デイ/タン/チ/デ/モ/ /セイ/イク/ /デ/キ/ル/ /テキ/オー/ヲ/ /モ/ツ/ /メズラ/シ/イ/ /ヒ/マ/メ/カ/ノ/ /チッ/ソ/ /コ/テイ/ /ショク/ブツ/デ/モ/ /ア/ル/。
スギゴケは蘚類の中でも大型の種に属しており、森林内の湿った地表や岩上に密生して緑のカーペットを形成し、雨水を蓄える保水性の高さから森林の水収支において重要な役割を担っている植物である。	ス/ギ/ゴ/ケ/ワ/ /セン/ルイ/ノ/ /ナカ/デ/モ/ /オオ/ガタ/ノ/ /シュ/ニ/ /ゾク/シ/テ/ /オ/リ/、/シン/リン/ナイ/ノ/ /シメ/ッ/タ/ /チ/ヒョー/ヤ/ /イワ/ジョー/ニ/ /ミッ/セイ/ /シ/テ/ /ミドリ/ノ/ /カ/ー/ペ/ッ/ト/ヲ/ /ケイ/セイ/ /シ/、/アマ/ミズ/ヲ/ /タクワ/エ/ル/ /ホ/スイ/セイ/ノ/ /タカ/サ/カ/ラ/ /シン/リン/ノ/ /ミズ/ /シュー/シ/ニ/ /オ/イ/テ/ /ジュー/ヨー/ナ/ /ヤク/ワリ/ヲ/ /ニナ/ッ/テ/ /イ/ル/ /ショク/ブツ/デ/ /ア/ル/。
オニヤブソテツなどのシダ植物は胞子散布を助けるため胞子嚢が湿度変化に応じて機械的に爆発するように弾ける仕組みを持っており、その射出速度はシダ植物が進化させた精巧な機械的構造の産物である。	オ/ニ/ヤ/ブ/ソ/テ/ツ/ナ/ド/ノ/ /シ/ダ/ /ショク/ブツ/ワ/ /ホー/シ/ /サン/プ/ヲ/ /タス/ケ/ル/ /タ/メ/ /ホー/シ/ノー/ガ/ /シツ/ド/ /ヘン/カ/ニ/ /オー/ジ/テ/ /キ/カイ/テキ/ニ/ /バク/ハツ/ /ス/ル/ヨ/ー/ニ/ /ハジ/ケ/ル/ /シ/ク/ミ/ヲ/ /モ/ッ/テ/ /オ/リ/、/ソ/ノ/ /シャ/シュツ/ /ソク/ド/ワ/ /シ/ダ/ /ショク/ブツ/ガ/ /シン/カ/ /サ/セ/タ/ /セイ/コー/ナ/ /キ/カイ/テキ/ /コー/ゾー/ノ/ /サン/ブツ/デ/ /ア/ル/。
ワサビは清流の河床に生育する日本固有の植物であり、根茎に含まれるアリルイソチオシアネートが独特の辛味と抗菌作用を生み、その刺激成分は植食性動物や病原菌への化学的防御として機能している。	ワ/サ/ビ/ワ/ /セイ/リュー/ノ/ /カ/ショー/ニ/ /セイ/イク/ /ス/ル/ /ニ/ホン/ /コ/ユー/ノ/ /ショク/ブツ/デ/ /ア/リ/、/コン/ケイ/ニ/ /フク/マ/レ/ル/ /ア/リ/ル/ / /イ/ソ/チ/オ/ /シ/ア/ネ/ー/ト/ガ/ /ドク/トク/ノ/ /カラ/ミ/ト/ /コー/キン/ /サ/ヨー/ヲ/ /ウ/ミ/、/ソ/ノ/ /シ/ゲキ/ /セイ/ブン/ワ/ /ショク/ショク/セイ/ /ドー/ブツ/ヤ/ /ビョー/ゲン/キン/エ/ノ/ /カ/ガク/テキ/ /ボー/ギョ/ト/ /シ/テ/ /キ/ノー/ /シ/テ/ /イ/ル/。
海藻は葉緑素を持つが根・茎・葉の分化がなく維管束も持たない藻類であり、岩礁に固着して潮の満ち引きの中で生育し、沿岸生態系の一次生産者として魚介類の豊かな食環境を支える重要な存在だ。	カイ/ソー/ワ/ /ヨー/リョク/ソ/ヲ/ /モ/ツ/ガ/ /ネ/・/クキ/・/ハ/ノ/ /ブン/カ/ガ/ /ナ/ク/ /イ/カン/ソク/モ/ /モ/タ/ナ/イ/ /ソー/ルイ/デ/ /ア/リ/、/ガン/ショー/ニ/ /コ/チャク/ /シ/テ/ /シオ/ノ/ /ミ/チ/ヒ/キ/ノ/ /ナカ/デ/ /セイ/イク/ /シ/、/エン/ガン/ /セイ/タイ/ケイ/ノ/ /1/ジ/ /セイ/サン/シャ/ト/ /シ/テ/ /ギョ/カイ/ルイ/ノ/ /ユタ/カ/ナ/ /ショク/ /カン/キョー/ヲ/ /ササ/エ/ル/ /ジュー/ヨー/ナ/ /ソン/ザイ/ダ/。
朝の陽光が窓から差し込む中、温かいコーヒーを一口飲みながら[今日]の予定を頭の中で整理し、まず最初に取り組むべき仕事の優先順位をノートに書き出してから机に向かった。	アサ/ノ/ /ヨー/コー/ガ/ /マド/カ/ラ/ /サ/シ/コ/ム/ /ナカ/、/アタタ/カ/イ/ /コ/ー/ヒ/ー/ヲ/ /ヒト/クチ/ /ノ/ミ/ナ/ガ/ラ/ /キョー/ノ/ /ヨ/テイ/ヲ/ /アタマ/ノ/ /ナカ/デ/ /セイ/リ/ /シ/、/マ/ズ/ /サイ/ショ/ニ/ /ト/リ/ク/ム/ベ/キ/ /シ/ゴト/ノ/ /ユー/セン/ /ジュン/イ/ヲ/ /ノ/ー/ト/ニ/ /カ/キ/ダ/シ/テ/カ/ラ/ /ツクエ/ニ/ /ム/カ/ッ/タ/。
図書館の静かな読書コーナーに腰を落ち着けて分厚い専門書を開いたが、難解な用語が連続する第三章で早くも手が止まり、脇に置いた辞書を引きながら一行ずつ丁寧に読み進めた。	ト/ショ/カン/ノ/ /シズ/カ/ナ/ /ドク/ショ/ /コ/ー/ナ/ー/ニ/ /コシ/ヲ/ /オ/チ/ツ/ケ/テ/ /ブ/アツ/イ/ /セン/モン/ショ/ヲ/ /ヒラ/イ/タ/ガ/、/ナン/カイ/ナ/ /ヨー/ゴ/ガ/ /レン/ゾク/ /ス/ル/ /ダイ/3/ショー/デ/ /ハヤ/ク/モ/ /テ/ガ/ /ト/マ/リ/、/ワキ/ニ/ /オ/イ/タ/ /ジ/ショ/ヲ/ /ヒ/キ/ナ/ガ/ラ/ /1/ギョー/ズ/ツ/ /テイ/ネイ/ニ/ /ヨ/ミ/スス/メ/タ/。
山頂から見渡す雄大なパノラマは、登り始めた麓での苦労をすべて忘れさせてくれるほどの絶景で、眼下に広がる深い山並みと青空の境界線が鮮やかに焼き付いた。	サン/チョー/カ/ラ/ /ミ/ワタ/ス/ /ユー/ダイ/ナ/ /パ/ノ/ラ/マ/ワ/、/ノボ/リ/ハジ/メ/タ/ /フモト/デ/ノ/ /ク/ロー/ヲ/ /ス/ベ/テ/ /ワス/レ/サ/セ/テ/ /ク/レ/ル/ホ/ド/ノ/ /ゼッ/ケイ/デ/、/ガン/カ/ニ/ /ヒロ/ガ/ル/ /フカ/イ/ /ヤマ/ナ/ミ/ト/ /アオ/ゾラ/ノ/ /キョー/カイ/セン/ガ/ /アザ/ヤ/カ/ニ/ /ヤ/キ/ツ/イ/タ/。
地下鉄の駅構内に設置された自動証明写真機の前で、就職活動中の学生が何度も姿勢を整えながら最適な一枚を撮ろうと真剣な表情で向き合っていた。	チ/カ/テツ/ノ/ /エキ/ /コー/ナイ/ニ/ /セッ/チ/ /サ/レ/タ/ /ジ/ドー/ /ショー/メイ/ /シャ/シン/キ/ノ/ /マエ/デ/、/シュー/ショク/ /カツ/ドー/チュー/ノ/ /ガク/セイ/ガ/ /ナン/ド/モ/ /シ/セイ/ヲ/ /トトノ/エ/ナ/ガ/ラ/ /サイ/テキ/ナ/ /1/マイ/ヲ/ /ト/ロ/ー/ト/ /シン/ケン/ナ/ /ヒョー/ジョー/デ/ /ム/キ/ア/ッ/テ/ /イ/タ/。
昨夜の大雨で増水した川の堤防沿いを歩くと、茶色く濁った水が轟音とともに流れ下り、普段は静かな川とは別物のような迫力に思わず足を止めて見入ってしまった。	サク/ヤ/ノ/ /オオ/アメ/デ/ /ゾー/スイ/ /シ/タ/ /カワ/ノ/ /テイ/ボー/ゾ/イ/ヲ/ /アル/ク/ト/、/チャ/イロ/ク/ /ニゴ/ッ/タ/ /ミズ/ガ/ /ゴー/オン/ト/ /ト/モ/ニ/ /ナガ/レ/クダ/リ/、/フ/ダン/ワ/ /シズ/カ/ナ/ /カワ/ト/ワ/ /ベツ/モノ/ノ/ヨ/ー/ナ/ /ハク/リョク/ニ/ /オモ/ワ/ズ/ /アシ/ヲ/ /ト/メ/テ/ /ミ/イ/ッ/テ/ /シ/マ/ッ/タ/。
プログラミングの学習を始めたばかりの頃は、エラーメッセージが出るたびに途方に暮れたが、試行錯誤の積み重ねとともに問題を自力で解決できる喜びを少しずつ知るようになった。	プ/ロ/グ/ラ/ミ/ン/グ/ノ/ /ガク/シュー/ヲ/ /ハジ/メ/タ/バ/カ/リ/ノ/ /コロ/ワ/、/エ/ラ/ー/ /メ/ッ/セ/ー/ジ/ガ/ /デ/ル/ /タ/ビ/ニ/ /ト/ホー/ニ/ /ク/レ/タ/ガ/、/シ/コー/ /サク/ゴ/ノ/ /ツ/ミ/カサ/ネ/ト/ /ト/モ/ニ/ /モン/ダイ/ヲ/ /ジ/リキ/デ/ /カイ/ケツ/ /デ/キ/ル/ /ヨロコ/ビ/ヲ/ /スコ/シ/ズ/ツ/ /シ/ル/ヨ/ー/ニ/ /ナ/ッ/タ/。
海辺のレストランで新鮮な魚介類の盛り合わせを頼み、眼前に広がる水平線を眺めながらゆっくりと食事を味わう贅沢な時間は、日常の疲れを一気に吹き飛ばしてくれる特別なひとときだった。	ウミ/ベ/ノ/ /レ/ス/ト/ラ/ン/デ/ /シン/セン/ナ/ /ギョ/カイ/ルイ/ノ/ /モ/リ/ア/ワ/セ/ヲ/ /タノ/ミ/、/ガン/ゼン/ニ/ /ヒロ/ガ/ル/ /スイ/ヘイ/セン/ヲ/ /ナガ/メ/ナ/ガ/ラ/ /ユ/ッ/ク/リ/ト/ /ショク/ジ/ヲ/ /アジ/ワ/ウ/ /ゼイ/タク/ナ/ /ジ/カン/ワ/、/ニチ/ジョー/ノ/ /ツカ/レ/ヲ/ /イッ/キ/ニ/ /フ/キ/ト/バ/シ/テ/ /ク/レ/ル/ /トク/ベツ/ナ/ /ヒ/ト/ト/キ/ダ/ッ/タ/。
年に一度の健康診断の結果が手元に届き、コレステロール値がやや高めと指摘されたことをきっかけに、食生活の見直しと運動習慣の確立を本気で考え始めざるを得なかった。	ネン/ニ/ /1/ド/ノ/ /ケン/コー/ /シン/ダン/ノ/ /ケッ/カ/ガ/ /テ/モト/ニ/ /トド/キ/、/コ/レ/ス/テ/ロ/ー/ル/チ/ガ/ /ヤ/ヤ/ /タカ/メ/ト/ /シ/テキ/ /サ/レ/タ/ /コ/ト/ヲ/ /キ/ッ/カ/ケ/ニ/、/ショク/セイ/カツ/ノ/ /ミ/ナオ/シ/ト/ /ウン/ドー/ /シュー/カン/ノ/ /カク/リツ/ヲ/ /ホン/キ/デ/ /カンガ/エ/ハジ/メ/ザ/ル/ヲ/ /エ/ナ/カ/ッ/タ/。
幼いころ祖父から聞かせてもらった昔話の細部は記憶の彼方に霞んでいるが、低くて穏やかな声の響きと膝の上の温かな感触だけは今もありありと思い出すことができる。	オサナ/イ/ /コ/ロ/ /ソ/フ/カ/ラ/ /キ/カ/セ/テ/ /モ/ラ/ッ/タ/ /ムカシ/バナシ/ノ/ /サイ/ブ/ワ/ /キ/オク/ノ/ /カナ/タ/ニ/ /カス/ン/デ/ /イ/ル/ガ/、/ヒク/ク/テ/ /オダ/ヤ/カ/ナ/ /コエ/ノ/ /ヒビ/キ/ト/ /ヒザ/ノ/ /ウエ/ノ/ /アタタ/カ/ナ/ /カン/ショク/ダ/ケ/ワ/ /イマ/モ/ /ア/リ/ア/リ/ト/ /オモ/イ/ダ/ス/ /コ/ト/ガ/ /デ/キ/ル/。
スーパーの鮮魚コーナーに立ち寄ると、水揚げされたばかりと書かれたアジが目に入り、塩焼きにする分と酢締めにする分をそれぞれ見繕いながらカゴに入れた。	ス/ー/パ/ー/ノ/ /セン/ギョ/ /コ/ー/ナ/ー/ニ/ /タ/チ/ヨ/ル/ト/、/ミズ/ア/ゲ/ /サ/レ/タ/バ/カ/リ/ト/ /カ/カ/レ/タ/ /ア/ジ/ガ/ /メ/ニ/ /ハイ/リ/、/シオ/ヤ/キ/ニ/ /ス/ル/ /ブン/ト/ /ス/ジ/メ/ニ/ /ス/ル/ /ブン/ヲ/ /ソ/レ/ゾ/レ/ /ミ/ツクロ/イ/ナ/ガ/ラ/ /カ/ゴ/ニ/ /イ/レ/タ/。
新しいスマートフォンに機種変更してから操作の感触が微妙に変わったことに戸惑いながらも、一週間もすれば手に馴染んでいつの間にか以前の機種のことを忘れていた。	アタラ/シ/イ/ /ス/マ/ー/ト/フォ/ン/ニ/ /キ/シュ/ /ヘン/コー/ /シ/テ/カ/ラ/ /ソー/サ/ノ/ /カン/ショク/ガ/ /ビ/ミョー/ニ/ /カ/ワ/ッ/タ/ /コ/ト/ニ/ /ト/マド/イ/ナ/ガ/ラ/モ/、/1/シュー/カン/モ/ /ス/レ/バ/ /テ/ニ/ /ナ/ジ/ン/デ/ /イ/ツ/ノ/マ/ニ/カ/ /イ/ゼン/ノ/ /キ/シュ/ノ/ /コ/ト/ヲ/ /ワス/レ/テ/ /イ/タ/。
春雨がしとしとと降る午後、傘を差しながら商店街を歩くと、花屋の軒先に並んだ色鮮やかなチューリップの赤とピンクが雨に濡れて一層艶やかに輝いていた。	ハル/サメ/ガ/ /シ/ト/シ/ト/ト/ /フ/ル/ /ゴ/ゴ/、/カサ/ヲ/ /サ/シ/ナ/ガ/ラ/ /ショー/テン/ガイ/ヲ/ /アル/ク/ト/、/ハナ/ヤ/ノ/ /ノキ/サキ/ニ/ /ナラ/ン/ダ/ /イロ/ /アザ/ヤ/カ/ナ/ /チュ/ー/リ/ッ/プ/ノ/ /アカ/ト/ /ピ/ン/ク/ガ/ /アメ/ニ/ /ヌ/レ/テ/ /イッ/ソー/ /アデ/ヤ/カ/ニ/ /カガヤ/イ/テ/ /イ/タ/。
仕事の締め切りが[明日]に迫る中、集中力が途切れるたびに席を立ってストレッチをしながら煮詰まった頭を冷やし、何とか深夜までに最終版の資料を仕上げることができた。	シ/ゴト/ノ/ /シ/メ/キ/リ/ガ/ /アス/ニ/ /セマ/ル/ /ナカ/、/シュー/チュー/リョク/ガ/ /ト/ギ/レ/ル/ /タ/ビ/ニ/ /セキ/ヲ/ /タ/ッ/テ/ /ス/ト/レ/ッ/チ/ヲ/ /シ/ナ/ガ/ラ/ /ニ/ツ/マ/ッ/タ/ /アタマ/ヲ/ /ヒ/ヤ/シ/、/ナン/ト/カ/ /シン/ヤ/マ/デ/ニ/ /サイ/シュー/バン/ノ/ /シ/リョー/ヲ/ /シ/ア/ゲ/ル/ /コ/ト/ガ/ /デ/キ/タ/。
子供のころ毎年夏に通った海水浴場は、大人になって久しぶりに訪れると砂浜の広さが記憶より随分と小さく感じられ、時間の流れとともに自分がすっかり大きくなったことを実感した。	コ/ドモ/ノ/ /コ/ロ/ /マイ/トシ/ /ナツ/ニ/ /カヨ/ッ/タ/ /カイ/スイ/ヨク/ジョー/ワ/、/オト/ナ/ニ/ /ナ/ッ/テ/ /ヒサ/シ/ブ/リ/ニ/ /オトズ/レ/ル/ト/ /スナ/ハマ/ノ/ /ヒロ/サ/ガ/ /キ/オク/ヨ/リ/ /ズイ/ブン/ト/ /チイ/サ/ク/ /カン/ジ/ラ/レ/、/ジ/カン/ノ/ /ナガ/レ/ト/ /ト/モ/ニ/ /ジ/ブン/ガ/ /ス/ッ/カ/リ/ /オオ/キ/ク/ /ナ/ッ/タ/ /コ/ト/ヲ/ /ジッ/カン/ /シ/タ/。
街の外れにある古い映画館では毎週末に名作の特集上映が組まれており、最新の大型シネコンとは異なる手作り感あふれる空間と常連客の温かな雰囲気が独自の魅力を醸し出していた。	マチ/ノ/ /ハズ/レ/ニ/ /ア/ル/ /フル/イ/ /エイ/ガ/カン/デ/ワ/ /マイ/シュー/マツ/ニ/ /メイ/サク/ノ/ /トク/シュー/ /ジョー/エイ/ガ/ /ク/マ/レ/テ/ /オ/リ/、/サイ/シン/ノ/ /オオ/ガタ/ /シ/ネ/コ/ン/ト/ワ/ /コト/ナ/ル/ /テ/ヅク/リ/カン/ /ア/フ/レ/ル/ /クー/カン/ト/ /ジョー/レン/キャク/ノ/ /アタタ/カ/ナ/ /フン/イ/キ/ガ/ /ドク/ジ/ノ/ /ミ/リョク/ヲ/ /カモ/シ/ダ/シ/テ/ /イ/タ/。
冬の朝、凍りついた窓ガラスに白い結晶模様が広がっているのを発見して、しばらくその複雑な形を眺めてから、急いでヒーターのスイッチを入れて出勤の準備に取りかかった。	フユ/ノ/ /アサ/、/コオ/リ/ツ/イ/タ/ /マド/ガ/ラ/ス/ニ/ /シロ/イ/ /ケッ/ショー/ /モ/ヨー/ガ/ /ヒロ/ガ/ッ/テ/ /イ/ル/ノ/ヲ/ /ハッ/ケン/ /シ/テ/、/シ/バ/ラ/ク/ /ソ/ノ/ /フク/ザツ/ナ/ /カタチ/ヲ/ /ナガ/メ/テ/カ/ラ/、/イソ/イ/デ/ /ヒ/ー/タ/ー/ノ/ /ス/イ/ッ/チ/ヲ/ /イ/レ/テ/ /シュッ/キン/ノ/ /ジュン/ビ/ニ/ /ト/リ/カ/カ/ッ/タ/。
長年の夢だったピアノの演奏を五十歳を過ぎてから独学で始めたが、最初の基礎練習の単調さを乗り越えたあたりから、音が曲になっていく過程の面白さに引き込まれていった。	ナガ/ネン/ノ/ /ユメ/ダ/ッ/タ/ /ピ/ア/ノ/ノ/ /エン/ソー/ヲ/ /5/0/サイ/ヲ/ /ス/ギ/テ/カ/ラ/ /ドク/ガク/デ/ /ハジ/メ/タ/ガ/、/サイ/ショ/ノ/ /キ/ソ/ /レン/シュー/ノ/ /タン/チョー/サ/ヲ/ /ノ/リ/コ/エ/タ/ /ア/タ/リ/カ/ラ/、/オト/ガ/ /キョク/ニ/ /ナ/ッ/テ/ /イ/ク/ /カ/テイ/ノ/ /オモ/シロ/サ/ニ/ /ヒ/キ/コ/マ/レ/テ/ /イ/ッ/タ/。
旅先の夜市で屋台のおばさんと片言の言語で笑い合いながら注文した料理は、特別に凝った味ではなかったが、その場の空気ごと記憶に刻まれた旅の最高の思い出のひとつになった。	タビ/サキ/ノ/ /イエ/シー/デ/ /ヤ/タイ/ノ/ /オ/バ/サ/ン/ト/ /カタ/コト/ノ/ /ゲン/ゴ/デ/ /ワラ/イ/ア/イ/ナ/ガ/ラ/ /チュー/モン/ /シ/タ/ /リョー/リ/ワ/、/トク/ベツ/ニ/ /コ/ッ/タ/ /アジ/デ/ワ/ /ナ/カ/ッ/タ/ガ/、/ソ/ノ/ /バ/ノ/ /クー/キ/ゴ/ト/ /キ/オク/ニ/ /キザ/マ/レ/タ/ /タビ/ノ/ /サイ/コー/ノ/ /オモ/イ/デ/ノ/ /ヒ/ト/ツ/ニ/ /ナ/ッ/タ/。
満員の通勤電車でバランスを取りながら文庫本を読んでいると、隣に立つ見知らぬ乗客が同じ作者の別の本を手にしているのに気づき、無言のうちに親近感を覚えた。	マン/イン/ノ/ /ツー/キン/ /デン/シャ/デ/ /バ/ラ/ン/ス/ヲ/ /ト/リ/ナ/ガ/ラ/ /ブン/コ/ボン/ヲ/ /ヨ/ン/デ/ /イ/ル/ト/、/トナリ/ニ/ /タ/ツ/ /ミ/シ/ラ/ヌ/ /ジョー/キャク/ガ/ /オナ/ジ/ /サク/シャ/ノ/ /ベツ/ノ/ /ホン/ヲ/ /テ/ニ/ /シ/テ/ /イ/ル/ノ/ニ/ /キ/ヅ/キ/、/ム/ゴン/ノ/ /ウ/チ/ニ/ /シン/キン/カン/ヲ/ /オボ/エ/タ/。
週末の朝市で農家の人から直接買い求めた採れたての野菜は、スーパーで売っているものより土の香りが濃く、帰宅してすぐに作ったシンプルなサラダが驚くほど甘くておいしかった。	シュー/マツ/ノ/ /アサ/イチ/デ/ /ノー/カ/ノ/ /ヒト/カ/ラ/ /チョク/セツ/ /カ/イ/モト/メ/タ/ /ト/レ/タ/テ/ノ/ /ヤ/サイ/ワ/、/ス/ー/パ/ー/デ/ /ウ/ッ/テ/ /イ/ル/ /モ/ノ/ヨ/リ/ /ツチ/ノ/ /カオ/リ/ガ/ /コ/ク/、/キ/タク/ /シ/テ/ /ス/グ/ニ/ /ツク/ッ/タ/ /シ/ン/プ/ル/ナ/ /サ/ラ/ダ/ガ/ /オドロ/ク/ホ/ド/ /アマ/ク/テ/ /オ/イ/シ/カ/ッ/タ/。
川沿いの遊歩道に植えられた桜の老木が、今年もまた見事な花を咲かせ、週末には花見客がシートを広げてにぎわい、散り始めた花びらが川面に舞い降りていくさまが美しかった。	カワ/ゾ/イ/ノ/ /ユー/ホ/ドー/ニ/ /ウ/エ/ラ/レ/タ/ /サクラ/ノ/ /ロー/ボク/ガ/、/コ/トシ/モ/ /マ/タ/ /ミ/ゴト/ナ/ /ハナ/ヲ/ /サ/カ/セ/、/シュー/マツ/ニ/ワ/ /ハナ/ミ/キャク/ガ/ /シ/ー/ト/ヲ/ /ヒロ/ゲ/テ/ /ニ/ギ/ワ/イ/、/チ/リ/ハジ/メ/タ/ /ハナ/ビ/ラ/ガ/ /カワ/モ/ニ/ /マ/イ/オ/リ/テ/ /イ/ク/ /サ/マ/ガ/ /ウツク/シ/カ/ッ/タ/。
プレゼンテーションの前夜に念入りにリハーサルを繰り返したにもかかわらず、本番で上司の鋭い質問を受けた瞬間に頭が真っ白になり、用意していた答えが口から出てこなかった。	プ/レ/ゼ/ン/テ/ー/ショ/ン/ノ/ /ゼン/ヤ/ニ/ /ネン/イ/リ/ニ/ /リ/ハ/ー/サ/ル/ヲ/ /ク/リ/カエ/シ/タ/ニ/モ/ /カ/カ/ワ/ラ/ズ/、/ホン/バン/デ/ /ジョー/シ/ノ/ /スルド/イ/ /シツ/モン/ヲ/ /ウ/ケ/タ/ /シュン/カン/ニ/ /アタマ/ガ/ /マ/ッ/シロ/ニ/ /ナ/リ/、/ヨー/イ/ /シ/テ/ /イ/タ/ /コタ/エ/ガ/ /クチ/カ/ラ/ /デ/テ/ /コ/ナ/カ/ッ/タ/。
深夜の台所でひとり蕎麦を茹でながら、窓の外に広がる静かな住宅街の明かりを眺めていると、騒がしい日中とはまるで別の時間が流れているような静けさに包まれた。	シン/ヤ/ノ/ /ダイ/ドコロ/デ/ /ヒ/ト/リ/ /ソ/バ/ヲ/ /ユ/デ/ナ/ガ/ラ/、/マド/ノ/ /ソト/ニ/ /ヒロ/ガ/ル/ /シズ/カ/ナ/ /ジュー/タク/ガイ/ノ/ /ア/カ/リ/ヲ/ /ナガ/メ/テ/ /イ/ル/ト/、/サワ/ガ/シ/イ/ /ニッ/チュー/ト/ワ/ /マ/ル/デ/ /ベツ/ノ/ /ジ/カン/ガ/ /ナガ/レ/テ/ /イ/ル/ヨ/ー/ナ/ /シズ/ケ/サ/ニ/ /ツツ/マ/レ/タ/。
引っ越し先の近くにある銭湯に初めて入ってみると、地元の常連客が体を洗い合いながら気軽に話しかけてきて、見知らぬ土地での孤独感が少し和らいだような気がした。	ヒ/ッ/コ/シ/サキ/ノ/ /チカ/ク/ニ/ /ア/ル/ /セン/トー/ニ/ /ハジ/メ/テ/ /ハイ/ッ/テ/ /ミ/ル/ト/、/ジ/モト/ノ/ /ジョー/レン/キャク/ガ/ /カラダ/ヲ/ /アラ/イ/ア/イ/ナ/ガ/ラ/ /キ/ガル/ニ/ /ハナ/シ/カ/ケ/テ/ /キ/テ/、/ミ/シ/ラ/ヌ/ /ト/チ/デ/ノ/ /コ/ドク/カン/ガ/ /スコ/シ/ /ヤワ/ラ/イ/ダ/ヨ/ー/ナ/ /キ/ガ/ /シ/タ/。
車の助手席で助手席窓から流れる景色を眺めながら、目的地までの間にじっくりと物事を考える時間ができることが、何気ない移動時間を豊かにしてくれることに改めて気づいた。	クルマ/ノ/ /ジョ/シュ/セキ/デ/ /ジョ/シュ/セキ/マド/カ/ラ/ /ナガ/レ/ル/ /ケ/シキ/ヲ/ /ナガ/メ/ナ/ガ/ラ/、/モク/テキ/チ/マ/デ/ノ/ /アイダ/ニ/ /ジ/ッ/ク/リ/ト/ /モノ/ゴト/ヲ/ /カンガ/エ/ル/ /ジ/カン/ガ/ /デ/キ/ル/ /コ/ト/ガ/、/ナニ/ゲ/ナ/イ/ /イ/ドー/ /ジ/カン/ヲ/ /ユタ/カ/ニ/ /シ/テ/ /ク/レ/ル/ /コ/ト/ニ/ /アラタ/メ/テ/ /キ/ヅ/イ/タ/。
自転車の前かごに買い物袋を詰め込んで坂道を登っていると荷崩れしそうになり、慌てて片手でかごを押さえながらなんとか頂上まで漕ぎ切ったときには思わず声が出た。	ジ/テン/シャ/ノ/ /マエ/カ/ゴ/ニ/ /カ/イ/モノ/ブクロ/ヲ/ /ツ/メ/コ/ン/デ/ /サカ/ミチ/ヲ/ /ノボ/ッ/テ/ /イ/ル/ト/ /ニ/クズ/レ/ /シ/ソ/ー/ニ/ /ナ/リ/、/アワ/テ/テ/ /カタ/テ/デ/ /カ/ゴ/ヲ/ /オ/サ/エ/ナ/ガ/ラ/ /ナ/ン/ト/カ/ /チョー/ジョー/マ/デ/ /コ/ギ/キ/ッ/タ/ /ト/キ/ニ/ワ/ /オモ/ワ/ズ/ /コエ/ガ/ /デ/タ/。
日曜の午後に公園のベンチで文庫本を読んでいると、近くで遊んでいた小さな子供がボールを追って足元まで飛び込んできて、親子で一緒に頭を下げるほほえましい場面に出会った。	ニチ/ヨー/ノ/ /ゴ/ゴ/ニ/ /コー/エン/ノ/ /ベ/ン/チ/デ/ /ブン/コ/ボン/ヲ/ /ヨ/ン/デ/ /イ/ル/ト/、/チカ/ク/デ/ /アソ/ン/デ/ /イ/タ/ /チイ/サ/ナ/ /コ/ドモ/ガ/ /ボ/ー/ル/ヲ/ /オ/ッ/テ/ /アシ/モト/マ/デ/ /ト/ビ/コ/ン/デ/ /キ/テ/、/オヤ/コ/デ/ /イッ/ショ/ニ/ /アタマ/ヲ/ /サ/ゲ/ル/ /ホ/ホ/エ/マ/シ/イ/ /バ/メン/ニ/ /デ/ア/ッ/タ/。
会社の昼休みに屋上に出ると心地よい風が吹き抜け、[昨日]は気づかなかった遠くのビルの陰に小さな緑地が見えて、都会の真ん中にもこんな空間があったのかと新鮮な発見を覚えた。	カイ/シャ/ノ/ /ヒル/ヤス/ミ/ニ/ /オク/ジョー/ニ/ /デ/ル/ト/ /ココ/チ/ヨ/イ/ /カゼ/ガ/ /フ/キ/ヌ/ケ/、/キノー/ワ/ /キ/ヅ/カ/ナ/カ/ッ/タ/ /トオ/ク/ノ/ /ビ/ル/ノ/ /カゲ/ニ/ /チイ/サ/ナ/ /リョク/チ/ガ/ /ミ/エ/テ/、/ト/カイ/ノ/ /マ/ン/ナカ/ニ/モ/ /コ/ン/ナ/ /クー/カン/ガ/ /ア/ッ/タ/ノ/カ/ト/ /シン/セン/ナ/ /ハッ/ケン/ヲ/ /オボ/エ/タ/。
冷蔵庫にある残り物の野菜と缶詰をかき集めて思いつきで作ったスープが、予想外においしく仕上がり、次回はきちんと分量を計って再現しようとレシピを書き留めた。	レイ/ゾー/コ/ニ/ /ア/ル/ /ノコ/リ/モノ/ノ/ /ヤ/サイ/ト/ /カン/ヅメ/ヲ/ /カ/キ/アツ/メ/テ/ /オモ/イ/ツ/キ/デ/ /ツク/ッ/タ/ /ス/ー/プ/ガ/、/ヨ/ソー/ガイ/ニ/ /オ/イ/シ/ク/ /シ/ア/ガ/リ/、/ジ/カイ/ワ/ /キ/チ/ン/ト/ /ブン/リョー/ヲ/ /ハカ/ッ/テ/ /サイ/ゲン/ /シ/ヨ/ー/ト/ /レ/シ/ピ/ヲ/ /カ/キ/ト/メ/タ/。
学校の理科の授業でカエルの解剖をしたあの日の記憶は今も鮮烈で、最初こそ躊躇ったものの、観察が進むにつれて生き物の体の仕組みへの好奇心が不思議と勝ってきた経験があった。	ガッ/コー/ノ/ /リ/カ/ノ/ /ジュ/ギョー/デ/ /カ/エ/ル/ノ/ /カイ/ボー/ヲ/ /シ/タ/ /ア/ノ/ /ヒ/ノ/ /キ/オク/ワ/ /イマ/モ/ /セン/レツ/デ/、/サイ/ショ/コ/ソ/ /タメ/ラ/ッ/タ/ /モ/ノ/ノ/、/カン/サツ/ガ/ /スス/ム/ニ/ /ツ/レ/テ/ /イ/キ/モノ/ノ/ /カラダ/ノ/ /シ/ク/ミ/エ/ノ/ /コー/キ/シン/ガ/ /フ/シ/ギ/ト/ /カ/ッ/テ/ /キ/タ/ /ケイ/ケン/ガ/ /ア/ッ/タ/。
旅行から帰宅した翌朝、洗濯物を干しながら窓から見える自宅近くの見慣れた景色に、どこか懐かしくほっとする感覚を覚え、やはりここが自分の場所だと感じた。	リョ/コー/カ/ラ/ /キ/タク/ /シ/タ/ /ヨク/アサ/、/セン/タク/モノ/ヲ/ /ホ/シ/ナ/ガ/ラ/ /マド/カ/ラ/ /ミ/エ/ル/ /ジ/タク/ /チカ/ク/ノ/ /ミ/ナ/レ/タ/ /ケ/シキ/ニ/、/ド/コ/カ/ /ナツ/カ/シ/ク/ /ホ/ッ/ト/ /ス/ル/ /カン/カク/ヲ/ /オボ/エ/、/ヤ/ハ/リ/ /コ/コ/ガ/ /ジ/ブン/ノ/ /バ/ショ/ダ/ト/ /カン/ジ/タ/。
外国語学習を本格的に始めてから一年が経ち、かつては全く聞き取れなかったラジオの自然な会話が断片的にでも理解できるようになった瞬間の達成感は格別だった。	ガイ/コク/ゴ/ /ガク/シュー/ヲ/ /ホン/カク/テキ/ニ/ /ハジ/メ/テ/カ/ラ/ /1/ネン/ガ/ /タ/チ/、/カ/ツ/テ/ワ/ /マッタ/ク/ /キ/キ/ト/レ/ナ/カ/ッ/タ/ /ラ/ジ/オ/ノ/ /シ/ゼン/ナ/ /カイ/ワ/ガ/ /ダン/ペン/テキ/ニ/デ/モ/ /リ/カイ/ /デ/キ/ル/ヨ/ー/ニ/ /ナ/ッ/タ/ /シュン/カン/ノ/ /タッ/セイ/カン/ワ/ /カク/ベツ/ダ/ッ/タ/。
子育て中の親にとって子供が初めて一人で本を読んだ姿を見た瞬間の驚きと嬉しさは、言葉にしようとしても上手く言い表せないほどの深い感動を伴う特別な体験である。	コ/ソダ/テ/チュー/ノ/ /オヤ/ニ/ /ト/ッ/テ/ /コ/ドモ/ガ/ /ハジ/メ/テ/ /ヒト/リ/デ/ /ホン/ヲ/ /ヨ/ン/ダ/ /スガタ/ヲ/ /ミ/タ/ /シュン/カン/ノ/ /オドロ/キ/ト/ /ウレ/シ/サ/ワ/、/コト/バ/ニ/ /シ/ヨ/ー/ト/ /シ/テ/モ/ /ウ/マ/ク/ /イ/イ/アラワ/セ/ナ/イ/ホ/ド/ノ/ /フカ/イ/ /カン/ドー/ヲ/ /トモナ/ウ/ /トク/ベツ/ナ/ /タイ/ケン/デ/ /ア/ル/。
深い霧の中を列車が走り続ける車窓の向こうには何も見えず、隣の乗客の寝息だけが聞こえる客室で、どこまで来たのかも分からないままに眠りに落ちてしまった。	フカ/イ/ /キリ/ノ/ /ナカ/ヲ/ /レッ/シャ/ガ/ /ハシ/リ/ツヅ/ケ/ル/ /シャ/ソー/ノ/ /ム/コ/ー/ニ/ワ/ /ナニ/モ/ /ミ/エ/ズ/、/トナリ/ノ/ /ジョー/キャク/ノ/ /ネ/イキ/ダ/ケ/ガ/ /キ/コ/エ/ル/ /キャク/シツ/デ/、/ド/コ/マ/デ/ /キ/タ/ノ/カ/モ/ /ワ/カ/ラ/ナ/イ/ /マ/マ/ニ/ /ネム/リ/ニ/ /オ/チ/テ/ /シ/マ/ッ/タ/。
花屋の店先に並ぶ無数の切り花の中からプレゼント用の花束を選ぼうとして、どれも美しくてなかなか決められないでいるうちに店員さんに声をかけてもらいひとつに絞れた。	ハナ/ヤ/ノ/ /ミセ/サキ/ニ/ /ナラ/ブ/ /ム/スー/ノ/ /キ/リ/バナ/ノ/ /ナカ/カ/ラ/ /プ/レ/ゼ/ン/ト/ヨー/ノ/ /ハナ/タバ/ヲ/ /エラ/ボ/ー/ト/ /シ/テ/、/ド/レ/モ/ /ウツク/シ/ク/テ/ /ナ/カ/ナ/カ/ /キ/メ/ラ/レ/ナ/イ/デ/ /イ/ル/ /ウ/チ/ニ/ /テン/イン/サ/ン/ニ/ /コエ/ヲ/ /カ/ケ/テ/ /モ/ラ/イ/ /ヒ/ト/ツ/ニ/ /シボ/レ/タ/。
近所の子供会の夏祭りで綿菓子の機械を回す係を任されて、慣れない作業に汗をかきながら奮闘したが、子供たちの喜ぶ顔を見るたびに疲れが吹き飛ぶ充実した一日だった。	キン/ジョ/ノ/ /コ/ドモ/カイ/ノ/ /ナツ/マツ/リ/デ/ /ワタ/ガ/シ/ノ/ /キ/カイ/ヲ/ /マワ/ス/ /カカリ/ヲ/ /マカ/サ/レ/テ/、/ナ/レ/ナ/イ/ /サ/ギョー/ニ/ /アセ/ヲ/ /カ/キ/ナ/ガ/ラ/ /フン/トー/ /シ/タ/ガ/、/コ/ドモ/タ/チ/ノ/ /ヨロコ/ブ/ /カオ/ヲ/ /ミ/ル/ /タ/ビ/ニ/ /ツカ/レ/ガ/ /フ/キ/ト/ブ/ /ジュー/ジツ/ /シ/タ/ /1/ニチ/ダ/ッ/タ/。
書道をたしなむ祖母の手元を幼いころから見続けていたせいか、丁寧に書かれた手書きの文字を見ると、その人の人柄や感情が滲み出るような温かみを感じるようになった。	ショ/ドー/ヲ/ /タ/シ/ナ/ム/ /ソ/ボ/ノ/ /テ/モト/ヲ/ /オサナ/イ/ /コ/ロ/カ/ラ/ /ミ/ツヅ/ケ/テ/ /イ/タ/ /セ/イ/カ/、/テイ/ネイ/ニ/ /カ/カ/レ/タ/ /テ/ガ/キ/ノ/ /モ/ジ/ヲ/ /ミ/ル/ト/、/ソ/ノ/ /ヒト/ノ/ /ヒト/ガラ/ヤ/ /カン/ジョー/ガ/ /ニジ/ミ/デ/ル/ヨ/ー/ナ/ /アタタ/カ/ミ/ヲ/ /カン/ジ/ル/ヨ/ー/ニ/ /ナ/ッ/タ/。
老いた飼い猫が窓辺の日溜まりでうとうとしている傍らで、静かに本を読む休日の午後は、何も特別なことが起きなくてもそれ自体が十分な幸福であると感じさせてくれる時間だ。	オ/イ/タ/ /カ/イ/ネコ/ガ/ /マド/ベ/ノ/ /ヒ/ダ/マ/リ/デ/ /ウ/ト/ウ/ト/ /シ/テ/ /イ/ル/ /カタワ/ラ/デ/、/シズ/カ/ニ/ /ホン/ヲ/ /ヨ/ム/ /キュー/ジツ/ノ/ /ゴ/ゴ/ワ/、/ナニ/モ/ /トク/ベツ/ナ/ /コ/ト/ガ/ /オ/キ/ナ/ク/テ/モ/ /ソ/レ/ /ジ/タイ/ガ/ /ジュー/ブン/ナ/ /コー/フク/デ/ /ア/ル/ト/ /カン/ジ/サ/セ/テ/ /ク/レ/ル/ /ジ/カン/ダ/。
転職活動が長引いて気持ちが沈んでいたとき、たまたま書店で手に取った自己啓発本の一文が心に刺さり、翌朝から行動の仕方をほんの少し変えてみようと思い直すきっかけになった。	テン/ショク/ /カツ/ドー/ガ/ /ナガ/ビ/イ/テ/ /キ/モ/チ/ガ/ /シズ/ン/デ/ /イ/タ/ /ト/キ/、/タ/マ/タ/マ/ /ショ/テン/デ/ /テ/ニ/ /ト/ッ/タ/ /ジ/コ/ /ケイ/ハツ/ボン/ノ/ /1/ブン/ガ/ /ココロ/ニ/ /サ/サ/リ/、/ヨク/アサ/カ/ラ/ /コー/ドー/ノ/ /シ/カタ/ヲ/ /ホ/ン/ノ/ /スコ/シ/ /カ/エ/テ/ /ミ/ヨ/ー/ト/ /オモ/イ/ナオ/ス/ /キ/ッ/カ/ケ/ニ/ /ナ/ッ/タ/。
大雪の翌朝に庭に出ると一面の銀世界が広がっており、足跡ひとつない雪の上に真っ先に踏み込んだときのあの圧縮される感触と静寂は、子供のころから変わらない小さな喜びである。	オオ/ユキ/ノ/ /ヨク/アサ/ニ/ /ニワ/ニ/ /デ/ル/ト/ /イチ/メン/ノ/ /ギン/セ/カイ/ガ/ /ヒロ/ガ/ッ/テ/ /オ/リ/、/アシ/アト/ /ヒ/ト/ツ/ /ナ/イ/ /ユキ/ノ/ /ウエ/ニ/ /マ/ッ/サキ/ニ/ /フ/ミ/コ/ン/ダ/ /ト/キ/ノ/ /ア/ノ/ /アッ/シュク/ /サ/レ/ル/ /カン/ショク/ト/ /セイ/ジャク/ワ/、/コ/ドモ/ノ/ /コ/ロ/カ/ラ/ /カ/ワ/ラ/ナ/イ/ /チイ/サ/ナ/ /ヨロコ/ビ/デ/ /ア/ル/。
夕暮れ時の河原で釣りをする老人の背中は、急いでいる人間たちが行き交う橋の上の景色とは全く異なる時間の流れを体現しており、しばらく眺めてから足早に家路に着いた。	ユー/グ/レ/ドキ/ノ/ /カ/ワラ/デ/ /ツ/リ/ヲ/ /ス/ル/ /ロー/ジン/ノ/ /セ/ナカ/ワ/、/イソ/イ/デ/ /イ/ル/ /ニン/ゲン/タ/チ/ガ/ /イ/キ/カ/ウ/ /ハシ/ノ/ /ウエ/ノ/ /ケ/シキ/ト/ワ/ /マッタ/ク/ /コト/ナ/ル/ /ジ/カン/ノ/ /ナガ/レ/ヲ/ /タイ/ゲン/ /シ/テ/ /オ/リ/、/シ/バ/ラ/ク/ /ナガ/メ/テ/カ/ラ/ /アシ/バヤ/ニ/ /イエ/ジ/ニ/ /ツ/イ/タ/。
職場の飲み会の帰り道、初めて二次会を断って早めに帰宅したら、静かな部屋で好きな音楽をかけながらのんびり過ごす夜の豊かさに改めて気づき、思いがけず得をした気分だった。	ショク/バ/ノ/ /ノ/ミ/カイ/ノ/ /カエ/リ/ミチ/、/ハジ/メ/テ/ /2/ジ/ /カイ/ヲ/ /コトワ/ッ/テ/ /ハヤ/メ/ニ/ /キ/タク/ /シ/タ/ラ/、/シズ/カ/ナ/ /ヘ/ヤ/デ/ /ス/キ/ナ/ /オン/ガク/ヲ/ /カ/ケ/ナ/ガ/ラ/ /ノ/ン/ビ/リ/ /ス/ゴ/ス/ /ヨル/ノ/ /ユタ/カ/サ/ニ/ /アラタ/メ/テ/ /キ/ヅ/キ/、/オモ/イ/ガ/ケ/ズ/ /トク/ヲ/ /シ/タ/ /キ/ブン/ダ/ッ/タ/。
真夏の昼下がりにアスファルトの照り返しが強い商店街を歩いていると、和菓子屋の暖簾をくぐった瞬間に冷房と甘い香りが一度に押し寄せてきて、無条件に足が止まってしまった。	マ/ナツ/ノ/ /ヒル/サ/ガ/リ/ニ/ /ア/ス/ファ/ル/ト/ノ/ /テ/リ/カエ/シ/ガ/ /ツヨ/イ/ /ショー/テン/ガイ/ヲ/ /アル/イ/テ/ /イ/ル/ト/、/ワ/ガ/シ/ヤ/ノ/ /ノ/レン/ヲ/ /ク/グ/ッ/タ/ /シュン/カン/ニ/ /レイ/ボー/ト/ /アマ/イ/ /カオ/リ/ガ/ /イチ/ド/ニ/ /オ/シ/ヨ/セ/テ/ /キ/テ/、/ム/ジョー/ケン/ニ/ /アシ/ガ/ /ト/マ/ッ/テ/ /シ/マ/ッ/タ/。
古本屋の棚をゆっくりと眺めながら気になる背表紙を引き抜いていると、思いがけず絶版になっていた探し続けていた一冊に出会い、手が震えるほど嬉しくて即座にレジへ向かった。	フル/ホン/ヤ/ノ/ /タナ/ヲ/ /ユ/ッ/ク/リ/ト/ /ナガ/メ/ナ/ガ/ラ/ /キ/ニ/ /ナ/ル/ /セ/ビョー/シ/ヲ/ /ヒ/キ/ヌ/イ/テ/ /イ/ル/ト/、/オモ/イ/ガ/ケ/ズ/ /ゼッ/パン/ニ/ /ナ/ッ/テ/ /イ/タ/ /サガ/シ/ツヅ/ケ/テ/ /イ/タ/ /1/サツ/ニ/ /デ/ア/イ/、/テ/ガ/ /フル/エ/ル/ホ/ド/ /ウレ/シ/ク/テ/ /ソク/ザ/ニ/ /レ/ジ/エ/ /ム/カ/ッ/タ/。
初めて海外で一人旅をしたときの心細さと興奮が混じった感覚は、何十年経っても色褪せることなく鮮明に残っており、今でもその旅が自分の人生観を大きく変えた出来事だと思っている。	ハジ/メ/テ/ /カイ/ガイ/デ/ /ヒト/リ/タビ/ヲ/ /シ/タ/ /ト/キ/ノ/ /ココロ/ボソ/サ/ト/ /コー/フン/ガ/ /マ/ジ/ッ/タ/ /カン/カク/ワ/、/ナン/ジュー/ネン/ /タ/ッ/テ/モ/ /イロ/ア/セ/ル/ /コ/ト/ /ナ/ク/ /セン/メイ/ニ/ /ノコ/ッ/テ/ /オ/リ/、/イマ/デ/モ/ /ソ/ノ/ /タビ/ガ/ /ジ/ブン/ノ/ /ジン/セイ/カン/ヲ/ /オオ/キ/ク/ /カ/エ/タ/ /デ/キ/ゴト/ダ/ト/ /オモ/ッ/テ/ /イ/ル/。
引き出しの奥を整理していたら学生時代の交換日記が出てきて、友人との他愛ない日常が丁寧な字で綴られているのを読みながら、あの頃の空気感がありありと甦ってきて手が止まった。	ヒ/キ/ダ/シ/ノ/ /オク/ヲ/ /セイ/リ/ /シ/テ/ /イ/タ/ラ/ /ガク/セイ/ /ジ/ダイ/ノ/ /コー/カン/ /ニッ/キ/ガ/ /デ/テ/ /キ/テ/、/ユー/ジン/ト/ノ/ /タ/アイ/ /ナ/イ/ /ニチ/ジョー/ガ/ /テイ/ネイ/ナ/ /ジ/デ/ /ツヅ/ラ/レ/テ/ /イ/ル/ノ/ヲ/ /ヨ/ミ/ナ/ガ/ラ/、/ア/ノ/ /コロ/ノ/ /クー/キ/カン/ガ/ /ア/リ/ア/リ/ト/ /ヨミガエ/ッ/テ/ /キ/テ/ /テ/ガ/ /ト/マ/ッ/タ/。
薄暗い映画館の中でスクリーンに映し出される人物の表情を追いながら、いつの間にか自分の感情が物語に溶け込んでいき、エンドロールが終わって席を立ったときには別の世界から帰ってきたような気持ちになった。	ウス/グラ/イ/ /エイ/ガ/カン/ノ/ /ナカ/デ/ /ス/ク/リ/ー/ン/ニ/ /ウツ/シ/ダ/サ/レ/ル/ /ジン/ブツ/ノ/ /ヒョー/ジョー/ヲ/ /オ/イ/ナ/ガ/ラ/、/イ/ツ/ノ/マ/ニ/カ/ /ジ/ブン/ノ/ /カン/ジョー/ガ/ /モノ/ガタリ/ニ/ /ト/ケ/コ/ン/デ/ /イ/キ/、/エ/ン/ド/ /ロ/ー/ル/ガ/ /オ/ワ/ッ/テ/ /セキ/ヲ/ /タ/ッ/タ/ /ト/キ/ニ/ワ/ /ベツ/ノ/ /セ/カイ/カ/ラ/ /カエ/ッ/テ/ /キ/タ/ヨ/ー/ナ/ /キ/モ/チ/ニ/ /ナ/ッ/タ/。
明け方にふと目が覚めて窓の外を見ると空が少しずつ白んでいく様子が見え、その静かで美しいグラデーションをしばらくベッドの中から眺めながら、また眠りについた。	ア/ケ/ガタ/ニ/ /フ/ト/ /メ/ガ/ /サ/メ/テ/ /マド/ノ/ /ソト/ヲ/ /ミ/ル/ト/ /ソラ/ガ/ /スコ/シ/ズ/ツ/ /シラ/ン/デ/ /イ/ク/ /ヨー/ス/ガ/ /ミ/エ/、/ソ/ノ/ /シズ/カ/デ/ /ウツク/シ/イ/ /グ/ラ/デ/ー/ショ/ン/ヲ/ /シ/バ/ラ/ク/ /ベ/ッ/ド/ノ/ /ナカ/カ/ラ/ /ナガ/メ/ナ/ガ/ラ/、/マ/タ/ /ネム/リ/ニ/ /ツ/イ/タ/。
毎朝同じ時間に公園のベンチで新聞を読んでいるお年寄りに、ある日思い切って声をかけてみると、昔この街で働いていた頃の話を嬉しそうに語ってくださり、思わぬ歴史と出会えた。	マイ/アサ/ /オナ/ジ/ /ジ/カン/ニ/ /コー/エン/ノ/ /ベ/ン/チ/デ/ /シン/ブン/ヲ/ /ヨ/ン/デ/ /イ/ル/ /オ/トシ/ヨ/リ/ニ/、/ア/ル/ /ヒ/ /オモ/イ/キ/ッ/テ/ /コエ/ヲ/ /カ/ケ/テ/ /ミ/ル/ト/、/ムカシ/ /コ/ノ/ /マチ/デ/ /ハタラ/イ/テ/ /イ/タ/ /コロ/ノ/ /ハナシ/ヲ/ /ウレ/シ/ソ/ー/ニ/ /カタ/ッ/テ/ /ク/ダ/サ/リ/、/オモ/ワ/ヌ/ /レキ/シ/ト/ /デ/ア/エ/タ/。
ガラス張りのオフィスビルの全面を覆う窓に夕焼けが反射して街全体がオレンジ色に染まる夕暮れどきに、駅のホームで電車を待ちながら、その光景をしばらく眺め続けた。	ガ/ラ/ス/バ/リ/ノ/ /オ/フィ/ス/ /ビ/ル/ノ/ /ゼン/メン/ヲ/ /オオ/ウ/ /マド/ニ/ /ユー/ヤ/ケ/ガ/ /ハン/シャ/ /シ/テ/ /マチ/ /ゼン/タイ/ガ/ /オ/レ/ン/ジ/イロ/ニ/ /ソ/マ/ル/ /ユー/グ/レ/ /ド/キ/ニ/、/エキ/ノ/ /ホ/ー/ム/デ/ /デン/シャ/ヲ/ /マ/チ/ナ/ガ/ラ/、/ソ/ノ/ /コー/ケイ/ヲ/ /シ/バ/ラ/ク/ /ナガ/メ/ツヅ/ケ/タ/。
使い古したリュックサックのポケットから、ずっと探していた耳栓が出てきて、来月の出張でやっと静かに眠れると安堵しながら、そのまま次の予定に向かうために玄関を出た。	ツカ/イ/フル/シ/タ/ /リュ/ッ/ク/サ/ッ/ク/ノ/ /ポ/ケ/ッ/ト/カ/ラ/、/ズ/ッ/ト/ /サガ/シ/テ/ /イ/タ/ /ミミ/セン/ガ/ /デ/テ/ /キ/テ/、/ライ/ゲツ/ノ/ /シュッ/チョー/デ/ /ヤ/ッ/ト/ /シズ/カ/ニ/ /ネム/レ/ル/ト/ /アン/ド/ /シ/ナ/ガ/ラ/、/ソ/ノ/マ/マ/ /ツギ/ノ/ /ヨ/テイ/ニ/ /ム/カ/ウ/ /タ/メ/ニ/ /ゲン/カン/ヲ/ /デ/タ/。
誰もいない海岸で靴と靴下を脱いで冷たい波打ち際に立ったとき、砂の上を打ち付けた波が足首を包んで引いていく感覚が、余分な考えをすべて洗い流してくれるようで気持ちよかった。	ダレ/モ/ /イ/ナ/イ/ /カイ/ガン/デ/ /クツ/ト/ /クツ/シタ/ヲ/ /ヌ/イ/デ/ /ツメ/タ/イ/ /ナミ/ウ/チ/ギワ/ニ/ /タ/ッ/タ/ /ト/キ/、/スナ/ノ/ /ウエ/ヲ/ /ウ/チ/ツ/ケ/タ/ /ナミ/ガ/ /アシ/クビ/ヲ/ /ツツ/ン/デ/ /ヒ/イ/テ/ /イ/ク/ /カン/カク/ガ/、/ヨ/ブン/ナ/ /カンガ/エ/ヲ/ /ス/ベ/テ/ /アラ/イ/ナガ/シ/テ/ /ク/レ/ル/ヨ/ー/デ/ /キ/モ/チ/ /ヨ/カ/ッ/タ/。
祖父が丹精を込めて育てた家庭菜園から採れたトマトを、まだ庭に立ったまま塩もつけずにかぶりついた日の鮮烈な甘さと酸っぱさは、市販品では決して再現できない記憶の味である。	ソ/フ/ガ/ /タン/セイ/ヲ/ /コ/メ/テ/ /ソダ/テ/タ/ /カ/テイ/ /サイ/エン/カ/ラ/ /ト/レ/タ/ /ト/マ/ト/ヲ/、/マ/ダ/ /ニワ/ニ/ /タ/ッ/タ/ /マ/マ/ /シオ/モ/ /ツ/ケ/ズ/ニ/ /カ/ブ/リ/ツ/イ/タ/ /ヒ/ノ/ /セン/レツ/ナ/ /アマ/サ/ト/ /ス/ッ/パ/サ/ワ/、/シ/ハン/ヒン/デ/ワ/ /ケッ/シ/テ/ /サイ/ゲン/ /デ/キ/ナ/イ/ /キ/オク/ノ/ /アジ/デ/ /ア/ル/。
遠足で訪れた工場見学で、あれほど大きな機械がこれほど精密に動いている様子を目の当たりにして、それまで抽象的だった「ものづくり」という言葉が急に具体的なものとして感じられた。	エン/ソク/デ/ /オトズ/レ/タ/ /コー/ジョー/ /ケン/ガク/デ/、/ア/レ/ホ/ド/ /オオ/キ/ナ/ /キ/カイ/ガ/ /コ/レ/ホ/ド/ /セイ/ミツ/ニ/ /ウゴ/イ/テ/ /イ/ル/ /ヨー/ス/ヲ/ /マ/ノ/ア/タ/リ/ニ/ /シ/テ/、/ソ/レ/マ/デ/ /チュー/ショー/テキ/ダ/ッ/タ/ /「/モ/ノ/ヅ/ク/リ/」/ト/ /イ/ウ/ /コト/バ/ガ/ /キュー/ニ/ /グ/タイ/テキ/ナ/ /モ/ノ/ト/ /シ/テ/ /カン/ジ/ラ/レ/タ/。
自転車で遠出をして目的地に着いたときの充実感は、車や電車で到達したときとは質的に異なるものがあり、自分の脚で距離を稼いだという実感が特別な達成感を生み出している。	ジ/テン/シャ/デ/ /トオ/デ/ヲ/ /シ/テ/ /モク/テキ/チ/ニ/ /ツ/イ/タ/ /ト/キ/ノ/ /ジュー/ジツ/カン/ワ/、/クルマ/ヤ/ /デン/シャ/デ/ /トー/タツ/ /シ/タ/ /ト/キ/ト/ワ/ /シツ/テキ/ニ/ /コト/ナ/ル/ /モ/ノ/ガ/ /ア/リ/、/ジ/ブン/ノ/ /アシ/デ/ /キョ/リ/ヲ/ /カセ/イ/ダ/ト/ /イ/ウ/ /ジッ/カン/ガ/ /トク/ベツ/ナ/ /タッ/セイ/カン/ヲ/ /ウ/ミ/ダ/シ/テ/ /イ/ル/。
引越しの荷物を解いていると予想以上に本が多く、段ボール箱を積み上げるだけで新しい部屋の半分が占領されてしまい、本棚を買い足す前に読み直すべき本を仕分けする作業が始まった。	ヒッ/コ/シ/ノ/ /ニ/モツ/ヲ/ /ト/イ/テ/ /イ/ル/ト/ /ヨ/ソー/ /イ/ジョー/ニ/ /ホン/ガ/ /オオ/ク/、/ダン/ボ/ー/ル/バコ/ヲ/ /ツ/ミ/ア/ゲ/ル/ダ/ケ/デ/ /アタラ/シ/イ/ /ヘ/ヤ/ノ/ /ハン/ブン/ガ/ /セン/リョー/ /サ/レ/テ/ /シ/マ/イ/、/ホン/ダナ/ヲ/ /カ/イ/タ/ス/ /マエ/ニ/ /ヨ/ミ/ナオ/ス/ベ/キ/ /ホン/ヲ/ /シ/ワ/ケ/ス/ル/ /サ/ギョー/ガ/ /ハジ/マ/ッ/タ/。
暖かい春の昼下がりに縁側で茶を飲みながら庭先の梅の木を眺めていると、ウグイスが鳴いて春の訪れを告げ、たゆたうような時間の流れの中に深い満足感を覚えた。	アタタ/カ/イ/ /ハル/ノ/ /ヒル/サ/ガ/リ/ニ/ /エン/ガワ/デ/ /チャ/ヲ/ /ノ/ミ/ナ/ガ/ラ/ /ニワ/サキ/ノ/ /ウメ/ノ/ /キ/ヲ/ /ナガ/メ/テ/ /イ/ル/ト/、/ウ/グ/イ/ス/ガ/ /ナ/イ/テ/ /ハル/ノ/ /オトズ/レ/ヲ/ /ツ/ゲ/、/タ/ユ/タ/ウ/ヨ/ー/ナ/ /ジ/カン/ノ/ /ナガ/レ/ノ/ /ナカ/ニ/ /フカ/イ/ /マン/ゾク/カン/ヲ/ /オボ/エ/タ/。
会議中に突然指名されて自分の考えを述べる機会をもらい、咄嗟ながらも普段から温めていた視点を伝えることができたことで、上司から意外にも高い評価のコメントをもらえた。	カイ/ギ/チュー/ニ/ /トツ/ゼン/ /シ/メイ/ /サ/レ/テ/ /ジ/ブン/ノ/ /カンガ/エ/ヲ/ /ノ/ベ/ル/ /キ/カイ/ヲ/ /モ/ラ/イ/、/トッ/サ/ナ/ガ/ラ/モ/ /フ/ダン/カ/ラ/ /アタタ/メ/テ/ /イ/タ/ /シ/テン/ヲ/ /ツタ/エ/ル/ /コ/ト/ガ/ /デ/キ/タ/ /コ/ト/デ/、/ジョー/シ/カ/ラ/ /イ/ガイ/ニ/モ/ /タカ/イ/ /ヒョー/カ/ノ/ /コ/メ/ン/ト/ヲ/ /モ/ラ/エ/タ/。
旅行好きの先輩が勧めてくれた温泉宿に初めて泊まり、岩風呂からの星空の眺めと翌朝の朴葉味噌の朝食の組み合わせが予想を超えて素晴らしく、翌年も行こうと即決してしまった。	リョ/コー/ズ/キ/ノ/ /セン/パイ/ガ/ /スス/メ/テ/ /ク/レ/タ/ /オン/セン/ヤド/ニ/ /ハジ/メ/テ/ /ト/マ/リ/、/イワ/ブ/ロ/カ/ラ/ノ/ /ホシ/ゾラ/ノ/ /ナガ/メ/ト/ /ヨク/アサ/ノ/ /ホオ/バ/ /ミ/ソ/ノ/ /チョー/ショク/ノ/ /ク/ミ/ア/ワ/セ/ガ/ /ヨ/ソー/ヲ/ /コ/エ/テ/ /ス/バ/ラ/シ/ク/、/ヨク/ネン/モ/ /イ/コ/ー/ト/ /ソッ/ケツ/ /シ/テ/ /シ/マ/ッ/タ/。
子供のころに父親から教わった折り紙の鶴の折り方は、何十年経っても指が覚えているもので、今では自分の子供に同じように手本を見せてやれるのが誇らしくもある。	コ/ドモ/ノ/ /コ/ロ/ニ/ /チチ/オヤ/カ/ラ/ /オソ/ワ/ッ/タ/ /オ/リ/ガミ/ノ/ /ツル/ノ/ /オ/リ/カタ/ワ/、/ナン/ジュー/ネン/ /タ/ッ/テ/モ/ /ユビ/ガ/ /オボ/エ/テ/ /イ/ル/ /モ/ノ/デ/、/イマ/デ/ワ/ /ジ/ブン/ノ/ /コ/ドモ/ニ/ /オナ/ジ/ヨ/ー/ニ/ /テ/ホン/ヲ/ /ミ/セ/テ/ /ヤ/レ/ル/ノ/ガ/ /ホコ/ラ/シ/ク/モ/ /ア/ル/。
夜中に突然アイデアが浮かんでメモを取ろうとスマートフォンに手を伸ばし、画面の光に目が慣れた頃にはせっかくの着想が霧のように消えてしまうという経験を何度繰り返したことか。	ヨ/ナカ/ニ/ /トツ/ゼン/ /ア/イ/デ/ア/ガ/ /ウ/カ/ン/デ/ /メ/モ/ヲ/ /ト/ロ/ー/ト/ /ス/マ/ー/ト/フォ/ン/ニ/ /テ/ヲ/ /ノ/バ/シ/、/ガ/メン/ノ/ /ヒカリ/ニ/ /メ/ガ/ /ナ/レ/タ/ /コロ/ニ/ワ/ /セ/ッ/カ/ク/ノ/ /チャク/ソー/ガ/ /キリ/ノ/ヨ/ー/ニ/ /キ/エ/テ/ /シ/マ/ウ/ト/ /イ/ウ/ /ケイ/ケン/ヲ/ /ナン/ド/ /ク/リ/カエ/シ/タ/ /コ/ト/カ/。
電車の窓から見える住宅地のベランダに干された大量の洗濯物を眺めながら、それぞれの家に当たり前の日常が営まれていることを感じ、なんとなく心が落ち着く瞬間があった。	デン/シャ/ノ/ /マド/カ/ラ/ /ミ/エ/ル/ /ジュー/タク/チ/ノ/ /ベ/ラ/ン/ダ/ニ/ /ホ/サ/レ/タ/ /タイ/リョー/ノ/ /セン/タク/モノ/ヲ/ /ナガ/メ/ナ/ガ/ラ/、/ソ/レ/ゾ/レ/ノ/ /イエ/ニ/ /ア/タ/リ/マエ/ノ/ /ニチ/ジョー/ガ/ /イトナ/マ/レ/テ/ /イ/ル/ /コ/ト/ヲ/ /カン/ジ/、/ナ/ン/ト/ /ナ/ク/ /ココロ/ガ/ /オ/チ/ツ/ク/ /シュン/カン/ガ/ /ア/ッ/タ/。
先週末に友人が企画してくれたハイキングで、普段の生活では出会うことのない深い緑と川音に囲まれた時間を過ごしたことが、一週間後も心の中でじわじわと効いてくるような体験だった。	セン/シュー/マツ/ニ/ /ユー/ジン/ガ/ /キ/カク/ /シ/テ/ /ク/レ/タ/ /ハ/イ/キ/ン/グ/デ/、/フ/ダン/ノ/ /セイ/カツ/デ/ワ/ /デ/ア/ウ/ /コ/ト/ノ/ /ナ/イ/ /フカ/イ/ /ミドリ/ト/ /カワ/オト/ニ/ /カコ/マ/レ/タ/ /ジ/カン/ヲ/ /ス/ゴ/シ/タ/ /コ/ト/ガ/、/1/シュー/カン/ゴ/モ/ /ココロ/ノ/ /ナカ/デ/ /ジ/ワ/ジ/ワ/ト/ /キ/イ/テ/ /ク/ル/ヨ/ー/ナ/ /タイ/ケン/ダ/ッ/タ/。
昼食後に少し時間があったので会社近くの公園をぶらついていると、鳩の群れが急に一斉に飛び立つ瞬間に出くわし、羽音と風圧が思いがけず迫力があって思わず立ち止まった。	チュー/ショク/ゴ/ニ/ /スコ/シ/ /ジ/カン/ガ/ /ア/ッ/タ/ノ/デ/ /カイ/シャ/ /チカ/ク/ノ/ /コー/エン/ヲ/ /ブ/ラ/ツ/イ/テ/ /イ/ル/ト/、/ハト/ノ/ /ム/レ/ガ/ /キュー/ニ/ /イッ/セイ/ニ/ /ト/ビ/タ/ツ/ /シュン/カン/ニ/ /デ/ク/ワ/シ/、/ハ/オト/ト/ /フー/アツ/ガ/ /オモ/イ/ガ/ケ/ズ/ /ハク/リョク/ガ/ /ア/ッ/テ/ /オモ/ワ/ズ/ /タ/チ/ド/マ/ッ/タ/。
幼稚園のころに買ってもらった絵本をふと思い出し、実家の本棚の奥を探してみると黄ばんだページの中にそれを見つけ、読み直してみると意外と深いテーマが込められていたことに気づいた。	ヨー/チ/エン/ノ/ /コ/ロ/ニ/ /カ/ッ/テ/ /モ/ラ/ッ/タ/ /エ/ホン/ヲ/ /フ/ト/ /オモ/イ/ダ/シ/、/ジッ/カ/ノ/ /ホン/ダナ/ノ/ /オク/ヲ/ /サガ/シ/テ/ /ミ/ル/ト/ /キ/バ/ン/ダ/ /ペ/ー/ジ/ノ/ /ナカ/ニ/ /ソ/レ/ヲ/ /ミ/ツ/ケ/、/ヨ/ミ/ナオ/シ/テ/ /ミ/ル/ト/ /イ/ガイ/ト/ /フカ/イ/ /テ/ー/マ/ガ/ /コ/メ/ラ/レ/テ/ /イ/タ/ /コ/ト/ニ/ /キ/ヅ/イ/タ/。
仕事から帰ってしんどいときに限って夕食に手間のかかるものを作りたくなる気持ちと戦いながら、結局冷凍食品で済ませた罪悪感を[明日]の手料理への誓いで帳消しにする夜が続く。	シ/ゴト/カ/ラ/ /カエ/ッ/テ/ /シ/ン/ド/イ/ /ト/キ/ニ/ /カギ/ッ/テ/ /ユー/ショク/ニ/ /テ/マ/ノ/ /カ/カ/ル/ /モ/ノ/ヲ/ /ツク/リ/タ/ク/ /ナ/ル/ /キ/モ/チ/ト/ /タタカ/イ/ナ/ガ/ラ/、/ケッ/キョク/ /レイ/トー/ /ショク/ヒン/デ/ /ス/マ/セ/タ/ /ザイ/アク/カン/ヲ/ /アス/ノ/ /テ/リョー/リ/エ/ノ/ /チカ/イ/デ/ /チョー/ケ/シ/ニ/ /ス/ル/ /ヨル/ガ/ /ツヅ/ク/。
小さい頃は苦手だったほうれん草のおひたしが、社会人になってから不思議と美味しく感じられるようになり、大人の味覚とはこういうものなのかと改めて自分の変化に気づかされた。	チイ/サ/イ/ /コロ/ワ/ /ニガ/テ/ダ/ッ/タ/ /ホ/ウ/レ/ン/ソー/ノ/ /オ/ヒ/タ/シ/ガ/、/シャ/カイ/ジン/ニ/ /ナ/ッ/テ/カ/ラ/ /フ/シ/ギ/ト/ /オ/イ/シ/ク/ /カン/ジ/ラ/レ/ル/ヨ/ー/ニ/ /ナ/リ/、/オト/ナ/ノ/ /ミ/カク/ト/ワ/ /コ/ー/ /イ/ウ/ /モ/ノ/ナ/ノ/カ/ト/ /アラタ/メ/テ/ /ジ/ブン/ノ/ /ヘン/カ/ニ/ /キ/ヅ/カ/サ/レ/タ/。
駅前に新しく開いたパン屋のガラス越しに見えるバゲットの焼き色があまりにも美しくて引き寄せられるように入店し、結局予算の三倍以上の量を買って帰ってきてしまった。	エキ/マエ/ニ/ /アタラ/シ/ク/ /ヒラ/イ/タ/ /パ/ン/ヤ/ノ/ /ガ/ラ/ス/ゴ/シ/ニ/ /ミ/エ/ル/ /バ/ゲ/ッ/ト/ノ/ /ヤ/キ/イロ/ガ/ /ア/マ/リ/ニ/モ/ /ウツク/シ/ク/テ/ /ヒ/キ/ヨ/セ/ラ/レ/ル/ヨ/ー/ニ/ /ニュー/テン/ /シ/、/ケッ/キョク/ /ヨ/サン/ノ/ /3/バイ/ /イ/ジョー/ノ/ /リョー/ヲ/ /カ/ッ/テ/ /カエ/ッ/テ/ /キ/テ/ /シ/マ/ッ/タ/。
雨が上がった直後の土の匂いは、ペトリコールという名前があるほど多くの人が愛着を感じる香りであり、濡れたアスファルトとは異なる豊かな大地の息吹を感じさせてくれる。	アメ/ガ/ /ア/ガ/ッ/タ/ /チョク/ゴ/ノ/ /ツチ/ノ/ /ニオ/イ/ワ/、/ペ/ト/リ/ /コ/ー/ル/ト/ /イ/ウ/ /ナ/マエ/ガ/ /ア/ル/ホ/ド/ /オオ/ク/ノ/ /ヒト/ガ/ /アイ/チャク/ヲ/ /カン/ジ/ル/ /カオ/リ/デ/ /ア/リ/、/ヌ/レ/タ/ /ア/ス/ファ/ル/ト/ト/ワ/ /コト/ナ/ル/ /ユタ/カ/ナ/ /ダイ/チ/ノ/ /イ/ブキ/ヲ/ /カン/ジ/サ/セ/テ/ /ク/レ/ル/。
同僚と二人で担当したプロジェクトが無事に完了したとき、互いのねぎらいの言葉よりも隣から聞こえてきた静かな安堵のため息の方が、長かった道のりの共有を何より雄弁に語っていた。	ドー/リョー/ト/ /フタ/リ/デ/ /タン/トー/ /シ/タ/ /プ/ロ/ジェ/ク/ト/ガ/ /ブ/ジ/ニ/ /カン/リョー/ /シ/タ/ /ト/キ/、/タガ/イ/ノ/ /ネ/ギ/ラ/イ/ノ/ /コト/バ/ヨ/リ/モ/ /トナリ/カ/ラ/ /キ/コ/エ/テ/ /キ/タ/ /シズ/カ/ナ/ /アン/ド/ノ/ /タ/メ/イキ/ノ/ /ホー/ガ/、/ナガ/カ/ッ/タ/ /ミチ/ノ/リ/ノ/ /キョー/ユー/ヲ/ /ナニ/ヨ/リ/ /ユー/ベン/ニ/ /カタ/ッ/テ/ /イ/タ/。
深夜の高速道路をひとりで走りながら、ラジオから流れる懐かしい曲に合わせて小さく口ずさんでいると、どこへでも行けるような解放感と心地よい孤独感が同時に押し寄せてきた。	シン/ヤ/ノ/ /コー/ソク/ /ドー/ロ/ヲ/ /ヒ/ト/リ/デ/ /ハシ/リ/ナ/ガ/ラ/、/ラ/ジ/オ/カ/ラ/ /ナガ/レ/ル/ /ナツ/カ/シ/イ/ /キョク/ニ/ /ア/ワ/セ/テ/ /チイ/サ/ク/ /クチ/ズ/サ/ン/デ/ /イ/ル/ト/、/ド/コ/エ/デ/モ/ /イ/ケ/ル/ヨ/ー/ナ/ /カイ/ホー/カン/ト/ /ココ/チ/ヨ/イ/ /コ/ドク/カン/ガ/ /ドー/ジ/ニ/ /オ/シ/ヨ/セ/テ/ /キ/タ/。
天体観測に初めて挑戦した夜、街明かりから離れた山の上で見上げた天の川の濃密な輝きは、教科書の写真とも都市の夜空ともまるで違う、実在の宇宙の重みを感じさせる体験だった。	テン/タイ/ /カン/ソク/ニ/ /ハジ/メ/テ/ /チョー/セン/ /シ/タ/ /ヨル/、/マチ/ア/カ/リ/カ/ラ/ /ハナ/レ/タ/ /ヤマ/ノ/ /ウエ/デ/ /ミ/ア/ゲ/タ/ /アマ/ノ/ガワ/ノ/ /ノー/ミツ/ナ/ /カガヤ/キ/ワ/、/キョー/カ/ショ/ノ/ /シャ/シン/ト/モ/ /ト/シ/ノ/ /ヨ/ゾラ/ト/モ/ /マ/ル/デ/ /チガ/ウ/、/ジツ/ザイ/ノ/ /ウ/チュー/ノ/ /オモ/ミ/ヲ/ /カン/ジ/サ/セ/ル/ /タイ/ケン/ダ/ッ/タ/。
スーパーのレジで小銭を出そうとしてうまく取り出せずにもたついている間に後ろの列が伸びていくのを感じ、焦れば焦るほど指先が上手く動かなくなるという情けない状況に苦笑した。	ス/ー/パ/ー/ノ/ /レ/ジ/デ/ /コ/ゼニ/ヲ/ /ダ/ソ/ー/ト/ /シ/テ/ /ウ/マ/ク/ /ト/リ/ダ/セ/ズ/ニ/ /モ/タ/ツ/イ/テ/ /イ/ル/ /アイダ/ニ/ /ウシ/ロ/ノ/ /レツ/ガ/ /ノ/ビ/テ/ /イ/ク/ノ/ヲ/ /カン/ジ/、/アセ/レ/バ/ /アセ/ル/ホ/ド/ /ユビ/サキ/ガ/ /ウ/マ/ク/ /ウゴ/カ/ナ/ク/ /ナ/ル/ト/ /イ/ウ/ナサ/ケ/ナ/イ/ /ジョー/キョー/ニ/ /ク/ショー/ /シ/タ/。
引退した祖父が毎朝欠かさず書いていた日記を、亡くなった後に家族で読み合わせたとき、日常の小さな出来事を丁寧にすくい取った文章の一つひとつに、その人の人生の重みを感じた。	イン/タイ/ /シ/タ/ /ソ/フ/ガ/ /マイ/アサ/ /カ/カ/サ/ズ/ /カ/イ/テ/ /イ/タ/ /ニッ/キ/ヲ/、/ナ/ク/ナ/ッ/タ/ /アト/ニ/ /カ/ゾク/デ/ /ヨ/ミ/ア/ワ/セ/タ/ /ト/キ/、/ニチ/ジョー/ノ/ /チイ/サ/ナ/ /デ/キ/ゴト/ヲ/ /テイ/ネイ/ニ/ /ス/ク/イ/ト/ッ/タ/ /ブン/ショー/ノ/ /ヒト/ツ/ /ヒ/ト/ツ/ニ/、/ソ/ノ/ /ヒト/ノ/ /ジン/セイ/ノ/ /オモ/ミ/ヲ/ /カン/ジ/タ/。
自分が書いた文章を一晩寝かせてから読み直すと、昨夜は最高の出来栄えだと思っていた表現が、朝の冷静な目には驚くほど陳腐に見えることがあり、それが一番正直な推敲の機会になっている。	ジ/ブン/ガ/ /カ/イ/タ/ /ブン/ショー/ヲ/ /ヒト/バン/ /ネ/カ/セ/テ/カ/ラ/ /ヨ/ミ/ナオ/ス/ト/、/サク/ヤ/ワ/ /サイ/コー/ノ/ /デ/キ/バ/エ/ダ/ト/ /オモ/ッ/テ/ /イ/タ/ /ヒョー/ゲン/ガ/、/アサ/ノ/ /レイ/セイ/ナ/ /メ/ニ/ワ/ /オドロ/ク/ホ/ド/ /チン/プ/ニ/ /ミ/エ/ル/ /コ/ト/ガ/ /ア/リ/、/ソ/レ/ガ/ /イチ/バン/ /ショー/ジキ/ナ/ /スイ/コー/ノ/ /キ/カイ/ニ/ /ナ/ッ/テ/ /イ/ル/。
新鮮な野菜が山盛りに届く料理キットの定期便を試してみたら、欲しい食材を必要な分だけ使い切れる満足感と食品ロスの少なさが気に入って、以来三か月連続で注文している。	シン/セン/ナ/ /ヤ/サイ/ガ/ /ヤマ/モ/リ/ニ/ /トド/ク/ /リョー/リ/ /キ/ッ/ト/ノ/ /テイ/キ/ビン/ヲ/ /タメ/シ/テ/ /ミ/タ/ラ/、/ホ/シ/イ/ /ショク/ザイ/ヲ/ /ヒツ/ヨー/ナ/ /ブン/ダ/ケ/ /ツカ/イ/キ/レ/ル/ /マン/ゾク/カン/ト/ /ショク/ヒン/ /ロ/ス/ノ/ /スク/ナ/サ/ガ/ /キ/ニ/ /イ/ッ/テ/、/イ/ライ/ /3/カ/ゲツ/ /レン/ゾク/デ/ /チュー/モン/ /シ/テ/ /イ/ル/。
梅雨の晴れ間に突然思い立って近くの山に登ってみると、霧が晴れた稜線から見渡す緑の絨毯のような山並みが美しく、こんな景色を知らずに過ごしていたのが惜しいと感じた。	ツ/ユ/ノ/ /ハ/レ/マ/ニ/ /トツ/ゼン/ /オモ/イ/タ/ッ/テ/ /チカ/ク/ノ/ /ヤマ/ニ/ /ノボ/ッ/テ/ /ミ/ル/ト/、/キリ/ガ/ /ハ/レ/タ/ /リョー/セン/カ/ラ/ /ミ/ワタ/ス/ /ミドリ/ノ/ /ジュー/タン/ノ/ヨ/ー/ナ/ /ヤマ/ナ/ミ/ガ/ /ウツク/シ/ク/、/コ/ン/ナ/ /ケ/シキ/ヲ/ /シ/ラ/ズ/ニ/ /ス/ゴ/シ/テ/ /イ/タ/ノ/ガ/ /オ/シ/イ/ト/ /カン/ジ/タ/。
誰もが知っている有名な名刹を訪れるより、偶然通りがかった路地の奥にひっそり佇む小さな稲荷神社の方がずっと心に残ることがあるのは、出会いの意外性がもたらす豊かさなのだと思う。	ダレ/モ/ガ/ /シ/ッ/テ/ /イ/ル/ /ユー/メイ/ナ/ /メイ/サツ/ヲ/ /オトズ/レ/ル/ヨ/リ/、/グー/ゼン/ /トオ/リ/ガ/カ/ッ/タ/ /ロ/ジ/ノ/ /オク/ニ/ /ヒ/ッ/ソ/リ/ /タタズ/ム/ /チイ/サ/ナ/ /イナ/リ/ /ジン/ジャ/ノ/ /ホー/ガ/ /ズ/ッ/ト/ /ココロ/ニ/ /ノコ/ル/ /コ/ト/ガ/ /ア/ル/ノ/ワ/、/デ/ア/イ/ノ/ /イ/ガイ/セイ/ガ/ /モ/タ/ラ/ス/ /ユタ/カ/サ/ナ/ノ/ダ/ト/ /オモ/ウ/。
夜中に目が覚めて喉が渇き台所へ行くと、窓から差し込む月明かりが床に白い縞を描いていて、電気をつけずにそのまま水を飲みながら少しだけその光を見つめていた。	ヨ/ナカ/ニ/ /メ/ガ/ /サ/メ/テ/ /ノド/ガ/ /カワ/キ/ /ダイ/ドコロ/エ/ /イ/ク/ト/、/マド/カ/ラ/ /サ/シ/コ/ム/ /ツキ/ア/カ/リ/ガ/ /ユカ/ニ/ /シロ/イ/ /シマ/ヲ/ /エガ/イ/テ/ /イ/テ/、/デン/キ/ヲ/ /ツ/ケ/ズ/ニ/ /ソ/ノ/マ/マ/ /ミズ/ヲ/ /ノ/ミ/ナ/ガ/ラ/ /スコ/シ/ダ/ケ/ /ソ/ノ/ /ヒカリ/ヲ/ /ミ/ツ/メ/テ/ /イ/タ/。
ゴールデンウィークが終わって週明けに久しぶりに出勤すると、机の上の書類の山がなぜか連休前より増えているような気がして、休みの間の業務の蓄積をヒシヒシと感じた。	ゴ/ー/ル/デ/ン/ /ウィ/ー/ク/ガ/ /オ/ワ/ッ/テ/ /シュー/ア/ケ/ニ/ /ヒサ/シ/ブ/リ/ニ/ /シュッ/キン/ /ス/ル/ト/、/ツクエ/ノ/ /ウエ/ノ/ /ショ/ルイ/ノ/ /ヤマ/ガ/ /ナ/ゼ/カ/ /レン/キュー/ /マエ/ヨ/リ/ /フ/エ/テ/ /イ/ル/ヨ/ー/ナ/ /キ/ガ/ /シ/テ/、/ヤス/ミ/ノ/ /アイダ/ノ/ /ギョー/ム/ノ/ /チク/セキ/ヲ/ /ヒ/シ/ヒ/シ/ト/ /カン/ジ/タ/。
新しく知り合った人と話していて共通の本や映画の話題が出た瞬間の、何かが開いたような感覚は、その後の会話の質をがらりと変えてしまうほどの化学反応をもたらすことがある。	アタラ/シ/ク/ /シ/リ/ア/ッ/タ/ /ヒト/ト/ /ハナ/シ/テ/ /イ/テ/ /キョー/ツー/ノ/ /ホン/ヤ/ /エイ/ガ/ノ/ /ワ/ダイ/ガ/ /デ/タ/ /シュン/カン/ノ/、/ナニ/カ/ガ/ /ヒラ/イ/タ/ヨ/ー/ナ/ /カン/カク/ワ/、/ソ/ノ/ゴ/ノ/ /カイ/ワ/ノ/ /シツ/ヲ/ /ガ/ラ/リ/ト/ /カ/エ/テ/ /シ/マ/ウ/ホ/ド/ノ/ /カ/ガク/ /ハン/ノー/ヲ/ /モ/タ/ラ/ス/ /コ/ト/ガ/ /ア/ル/。
長距離バスの夜行便で深夜の景色が窓の外を流れる中、ぼんやりと通過する町の灯りを数えながら、目的地での再会を楽しみに心を温めつつ眠りに就いた。	チョー/キョ/リ/ /バ/ス/ノ/ /ヤ/コー/ビン/デ/ /シン/ヤ/ノ/ /ケ/シキ/ガ/ /マド/ノ/ /ソト/ヲ/ /ナガ/レ/ル/ /ナカ/、/ボ/ン/ヤ/リ/ト/ /ツー/カ/ /ス/ル/ /マチ/ノ/ /アカ/リ/ヲ/ /カゾ/エ/ナ/ガ/ラ/、/モク/テキ/チ/デ/ノ/ /サイ/カイ/ヲ/ /タノ/シ/ミ/ニ/ /ココロ/ヲ/ /アタタ/メ/ツ/ツ/ /ネム/リ/ニ/ /ツ/イ/タ/。
秋の夕暮れに公園を散歩していると木々の間から射し込む斜めの陽光が落ち葉を金色に照らし、一瞬だけスポットライトを浴びたような鮮やかな一枚の葉が目に焼き付いた。	アキ/ノ/ /ユー/グ/レ/ニ/ /コー/エン/ヲ/ /サン/ポ/ /シ/テ/ /イ/ル/ト/ /キ/ギ/ノ/ /アイダ/カ/ラ/ /サ/シ/コ/ム/ /ナナ/メ/ノ/ /ヨー/コー/ガ/ /オ/チ/バ/ヲ/ /キン/イロ/ニ/ /テ/ラ/シ/、/イッ/シュン/ダ/ケ/ /ス/ポ/ッ/ト/ラ/イ/ト/ヲ/ /ア/ビ/タ/ヨ/ー/ナ/ /アザ/ヤ/カ/ナ/ /1/マイ/ノ/ /ハ/ガ/ /メ/ニ/ /ヤ/キ/ツ/イ/タ/。
高校時代の同窓会に久しぶりに参加すると、外見は変わっているのに話し出すと当時と同じようなキャラクターが滲み出てくる不思議さに、時間の流れと個性の継続性をしみじみ感じた。	コー/コー/ /ジ/ダイ/ノ/ /ドー/ソー/カイ/ニ/ /ヒサ/シ/ブ/リ/ニ/ /サン/カ/ /ス/ル/ト/、/ガイ/ケン/ワ/ /カ/ワ/ッ/テ/ /イ/ル/ノ/ニ/ /ハナ/シ/ダ/ス/ト/ /トー/ジ/ト/ /オナ/ジ/ヨ/ー/ナ/ /キャ/ラ/ク/タ/ー/ガ/ /ニジ/ミ/デ/テ/ /ク/ル/ /フ/シ/ギ/サ/ニ/、/ジ/カン/ノ/ /ナガ/レ/ト/ /コ/セイ/ノ/ /ケイ/ゾク/セイ/ヲ/ /シ/ミ/ジ/ミ/ /カン/ジ/タ/。
手書きの手紙を受け取ることがすっかり珍しくなった今、ポストの中に見覚えのある筆跡の封筒を見つけた瞬間の、開封前から高まるあの期待感は電子メールには決して代えられないものだ。	テ/ガ/キ/ノ/ /テ/ガミ/ヲ/ /ウ/ケ/ト/ル/ /コ/ト/ガ/ /ス/ッ/カ/リ/ /メズラ/シ/ク/ /ナ/ッ/タ/ /イマ/、/ポ/ス/ト/ノ/ /ナカ/ニ/ /ミ/オボ/エ/ノ/ /ア/ル/ /ヒッ/セキ/ノ/ /フー/トー/ヲ/ /ミ/ツ/ケ/タ/ /シュン/カン/ノ/、/カイ/フー/ /マエ/カ/ラ/ /タカ/マ/ル/ /ア/ノ/ /キ/タイ/カン/ワ/ /デン/シ/ /メ/ー/ル/ニ/ワ/ /ケッ/シ/テ/ /カ/エ/ラ/レ/ナ/イ/ /モ/ノ/ダ/。
自宅の押し入れを整理していたら子供のころ遊んでいたボードゲームが出てきて、家族に声をかけたら全員が乗り気になり、その夜は久しぶりに揃ってにぎやかな卓を囲んだ。	ジ/タク/ノ/ /オ/シ/イ/レ/ヲ/ /セイ/リ/ /シ/テ/ /イ/タ/ラ/ /コ/ドモ/ノ/ /コ/ロ/ /アソ/ン/デ/ /イ/タ/ /ボ/ー/ド/ /ゲ/ー/ム/ガ/ /デ/テ/ /キ/テ/、/カ/ゾク/ニ/ /コエ/ヲ/ /カ/ケ/タ/ラ/ /ゼン/イン/ガ/ /ノ/リ/キ/ニ/ /ナ/リ/、/ソ/ノ/ /ヨル/ワ/ /ヒサ/シ/ブ/リ/ニ/ /ソロ/ッ/テ/ /ニ/ギ/ヤ/カ/ナ/ /タク/ヲ/ /カコ/ン/ダ/。
新幹線のホームで見送りをしてくれた人の姿が小さくなっていくのを窓越しに追いかけながら、旅立つ自分よりも残された人の方が孤独であることに気づき、複雑な気持ちになった。	シン/カン/セン/ノ/ /ホ/ー/ム/デ/ /ミ/オク/リ/ヲ/ /シ/テ/ /ク/レ/タ/ /ヒト/ノ/ /スガタ/ガ/ /チイ/サ/ク/ /ナ/ッ/テ/ /イ/ク/ノ/ヲ/ /マド/ゴ/シ/ニ/ /オ/イ/カ/ケ/ナ/ガ/ラ/、/タビ/ダ/ツ/ /ジ/ブン/ヨ/リ/モ/ /ノコ/サ/レ/タ/ /ヒト/ノ/ /ホー/ガ/ /コ/ドク/デ/ /ア/ル/ /コ/ト/ニ/ /キ/ヅ/キ/、/フク/ザツ/ナ/ /キ/モ/チ/ニ/ /ナ/ッ/タ/。
寒い冬の朝に白い吐息を吐きながら早起きして、凍った道を踏みしめて向かった先の公園で出会った夜明けの景色は、こんな早起きをしてよかったと素直に思える美しさだった。	サム/イ/ /フユ/ノ/ /アサ/ニ/ /シロ/イ/ /ト/イキ/ヲ/ /ハ/キ/ナ/ガ/ラ/ /ハヤ/オ/キ/ /シ/テ/、/コオ/ッ/タ/ /ミチ/ヲ/ /フ/ミ/シ/メ/テ/ /ム/カ/ッ/タ/ /サキ/ノ/ /コー/エン/デ/ /デ/ア/ッ/タ/ /ヨ/ア/ケ/ノ/ /ケ/シキ/ワ/、/コ/ン/ナ/ /ハヤ/オ/キ/ヲ/ /シ/テ/ /ヨ/カ/ッ/タ/ト/ /ス/ナオ/ニ/ /オモ/エ/ル/ /ウツク/シ/サ/ダ/ッ/タ/。
ものを捨てることがなかなかできない性格のせいで引き出しが雑然としているが、あらゆるものに思い出と意味があるのだと言い訳しながら、[今日]も棚の整理を先送りにした。	モ/ノ/ヲ/ /ス/テ/ル/ /コ/ト/ガ/ /ナ/カ/ナ/カ/ /デ/キ/ナ/イ/ /セイ/カク/ノ/ /セ/イ/デ/ /ヒ/キ/ダ/シ/ガ/ /ザツ/ゼン/ト/ /シ/テ/ /イ/ル/ガ/、/ア/ラ/ユ/ル/ /モ/ノ/ニ/ /オモ/イ/デ/ト/ /イ/ミ/ガ/ /ア/ル/ノ/ダ/ト/ /イ/イ/ワケ/ /シ/ナ/ガ/ラ/、/キョー/モ/ /タナ/ノ/ /セイ/リ/ヲ/ /サキ/オク/リ/ニ/ /シ/タ/。
閉店間際の商店街でシャッターが次々と降りていく中、最後まで灯りをつけて営業している古い文房具屋の店先に立ち止まり、なんとなく入ってノートを一冊だけ買って出た。	ヘイ/テン/ /マ/ギワ/ノ/ /ショー/テン/ガイ/デ/ /シャ/ッ/タ/ー/ガ/ /ツギ/ツギ/ト/ /オ/リ/テ/ /イ/ク/ /ナカ/、/サイ/ゴ/マ/デ/ /アカ/リ/ヲ/ /ツ/ケ/テ/ /エイ/ギョー/ /シ/テ/ /イ/ル/ /フル/イ/ /ブン/ボー/グ/ヤ/ノ/ /ミセ/サキ/ニ/ /タ/チ/ド/マ/リ/、/ナ/ン/ト/ /ナ/ク/ /ハイ/ッ/テ/ /ノ/ー/ト/ヲ/ /1/サツ/ダ/ケ/ /カ/ッ/テ/ /デ/タ/。
先輩から受け継いだ仕事のやり方の中に、最初は無駄だと思っていた確認の手順があり、それを省いた途端に大きなミスをして初めてその意味を痛感し、以来欠かさず守るようになった。	セン/パイ/カ/ラ/ /ウ/ケ/ツ/イ/ダ/ /シ/ゴト/ノ/ /ヤ/リ/カタ/ノ/ /ナカ/ニ/、/サイ/ショ/ワ/ /ム/ダ/ダ/ト/ /オモ/ッ/テ/ /イ/タ/ /カク/ニン/ノ/ /テ/ジュン/ガ/ /ア/リ/、/ソ/レ/ヲ/ /ハブ/イ/タ/ /ト/タン/ニ/ /オオ/キ/ナ/ /ミ/ス/ヲ/ /シ/テ/ /ハジ/メ/テ/ /ソ/ノ/ /イ/ミ/ヲ/ /ツー/カン/ /シ/、/イ/ライ/ /カ/カ/サ/ズ/ /マモ/ル/ヨ/ー/ニ/ /ナ/ッ/タ/。
フォルクスワーゲンのビートルは、独特の丸みを帯びたデザインとコンパクトなサイズで世界中に愛される車であり、初代モデルは1938年にドイツで発売されて以来、数多くのバリエーションが生まれながらもその基本的なスタイルを保ち続けている。	フォ/ル/ク/ス/ /ワ/ー/ゲ/ン/ノ/ /ビ/ー/ト/ル/ワ/、/ドク/トク/ノ/ /マル/ミ/ヲ/ /オ/ビ/タ/ /デ/ザ/イ/ン/ト/ /コ/ン/パ/ク/ト/ナ/ /サ/イ/ズ/デ/ /セ/カイ/ジュー/ニ/ /アイ/サ/レ/ル/ /クルマ/デ/ /ア/リ/、/ショ/ダイ/ /モ/デ/ル/ワ/ /1938/ネン/ニ/ /ド/イ/ツ/デ/ /ハツ/バイ/ /サ/レ/テ/ /イ/ライ/、/カズ /オオ/ク/ノ/ /バ/リ/エ/ー/ショ/ン/ガ/ /ウ/マ/レ/ナ/ガ/ラ/モ/ /ソ/ノ/ /キ/ホン/テキ/ナ/ /ス/タ/イ/ル/ヲ/ /タモ/チ/ツヅ/ケ/テ/ /イ/ル/。
バウムクーヘンは、ドイツ発祥の伝統的な焼き菓子であり、薄く重ねた生地を回転させながら焼き上げることで特徴的な年輪模様ができることから「木のケーキ」とも呼ばれ、しっとりとした食感と甘さが人気のスイーツである。	バ/ウ/ム/ /ク/ー/ヘ/ン/ワ/、/ド/イ/ツ/ /ハッ/ショー/ノ/ /デン/トー/テキ/ナ/ /ヤ/キ/ガ/シ/デ/ /ア/リ/、/ウス/ク/ /カサ/ネ/タ/ /キ/ジ/ヲ/ /カイ/テン/ /サ/セ/ナ/ガ/ラ/ /ヤ/キ/ア/ゲ/ル/ /コ/ト/デ/ /トク/チョー/テキ/ナ/ /ネン/リン/ /モ/ヨー/ガ/ /デ/キ/ル/ /コ/ト/カ/ラ/ /「/キ/ノ/ /ケ/ー/キ/」/ト/モ/ /ヨ/バ/レ/、/シ/ッ/ト/リ/ト/ /シ/タ/ /ショッ/カン/ト/ /アマ/サ/ガ/ /ニン/キ/ノ/ /ス/イ/ー/ツ/デ/ /ア/ル/。
クランケンハウスは、ドイツ語で「病院」を意味する言葉であり、医療施設や病院を指す一般的な用語として使われるが、特にドイツの医療システムにおいては、患者の治療やケアを提供する重要な役割を果たしている施設である。	ク/ラ/ン/ケ/ン/ /ハ/ウ/ス/ワ/、/ド/イ/ツ/ゴ/デ/ /「/ビョー/イン/」/ヲ/ /イ/ミ/ /ス/ル/ /コト/バ/デ/ /ア/リ/、/イ/リョー/ /シ/セツ/ヤ/ /ビョー/イン/ヲ/ /サ/ス/ /イッ/パン/テキ/ナ/ /ヨー/ゴ/ト/ /シ/テ/ /ツカ/ワ/レ/ル/ガ/、/トク/ニ/ /ド/イ/ツ/ノ/ /イ/リョー/ /シ/ス/テ/ム/ニ/ /オ/イ/テ/ワ/、/カン/ジャ/ノ/ /チ/リョー/ヤ/ /ケ/ア/ヲ/ /テイ/キョー/ /ス/ル/ /ジュー/ヨー/ナ/ /ヤク/ワリ/ヲ/ /ハ/タ/シ/テ/ /イ/ル/ /シ/セツ/デ/ /ア/ル/。
えっ？これ知らなかったの？そうなんだよ！実は、最近知ったんだけど、結構驚いたんだ。	エ/ッ/?/コ/レ/ /シ/ラ/ナ/カ/ッ/タ/ノ/?/ソ/ー/ナ/ン/ダ/ヨ/!/ジツ/ワ/、/サイ/キン/ /シ/ッ/タ/ン/ダ/ケ/ド/、/ケッ/コー/ /オドロ/イ/タ/ン/ダ/。
[今日]学校に行かなかったの？うん、ちょっと体調が悪くてね。でも、[明日]は行く予定だよ。心配してくれてありがとう！	キョー/ /ガッ/コー/ニ/ /イ/カ/ナ/カ/ッ/タ/ノ/?/ウ/ン/、/チョ/ッ/ト/ /タイ/チョー/ガ/ /ワル/ク/テ/ネ/。/デ/モ/、/アス/ワ/ /イ/ク/ /ヨ/テイ/ダ/ヨ/。/シン/パイ/ /シ/テ/ /ク/レ/テ/ /ア/リ/ガ/ト/ー/!
[今日]のご飯は何を食べたの？[今日]はカレーライスを作ったんだ。とても美味しかったよ！[明日]は何を食べようかな？	キョー/ノ/ /ゴ/ハン/ワ/ /ナニ/ヲ/ /タ/ベ/タ/ノ/?/キョー/ハ/カ/レ/ー/ /ラ/イ/ス/ヲ/ /ツク/ッ/タ/ン/ダ/。/ト/テ/モ/ /オ/イ/シ/カ/ッ/タ/ヨ/!/アス/ワ/ /ナン/ヲ/ /タ/ベ/ヨ/ー/カ/ナ/?
最近、何か面白いことあった？うーん、特に大きなことはないけど、友達と映画を見に行ったり、ゲームをしたりして楽しい時間を過ごしてるよ。最近は新しいゲームも買ったんだ。すごく面白いよ！今度一緒にやろうね！	サイ/キン/、/ナン/カ/ /オモ/シロ/イ/ /コ/ト/ /ア/ッ/タ/?/ウ/ー/ン/、/トク/ニ/ /オオ/キ/ナ/ /コ/ト/ワ/ /ナ/イ/ケ/ド/、/トモ/ダチ/ト/ /エイ/ガ/ヲ/ /ミ/ニ/ /イ/ッ/タ/リ/、/ゲ/ー/ム/ヲ/ /シ/タ/リ/ /シ/テ/ /タノ/シ/イ/ /ジ/カン/ヲ/ /ス/ゴ/シ/テ/ル/ヨ/。/サイ/キン/ワ/ /アタラ/シ/イ/ /ゲ/ー/ム/モ/ /カ/ッ/タ/ン/ダ/。/ス/ゴ/ク/ /オモ/シロ/イ/ヨ/!/コン/ド/ /イッ/ショ/ニ/ /ヤ/ロ/ー/ネ/!
朝ごはんは食べたの？えっ、忘れちゃった。朝は時間がなくってさ。でも昼は食べるから大丈夫だよ。	アサ/ゴ/ハ/ン/ワ/ /タ/ベ/タ/ノ/?/エ/ッ/、/ワス/レ/チャ/ッ/タ/。/アサ/ワ/ /ジ/カン/ガ/ /ナ/ク/ッ/テ/サ/。/デ/モ/ /ヒル/ワ/ /タ/ベ/ル/カ/ラ/ /ダイ/ジョー/ブ/ダ/ヨ/。
この本読んだことある？いや、まだ読んでないんだ。あの作者の本は面白いって聞いたけど。今度借りてみようかな。	コ/ノ/ /ホン/ /ヨ/ン/ダ/ /コ/ト/ /ア/ル/?/イ/ヤ/、/マ/ダ/ /ヨ/ン/デ/ナ/イ/ン/ダ/。/ア/ノ/ /サク/シャ/ノ/ /ホン/ワ/ /オモ/シロ/イ/ッ/テ/ /キ/イ/タ/ケ/ド/。/コン/ド/ /カ/リ/テ/ /ミ/ヨ/ー/カ/ナ/。
週末は何してたの？えーと、ずっと家にいたんだよ。天気が悪かったからね。でも家でしっかり休めたから良かったよ。	シュー/マツ/ワ/ /ナニ/ /シ/テ/タ/ノ/?/エ/ー/ト/、/ズ/ッ/ト/ /イエ/ニ/ /イ/タ/ン/ダ/ヨ/。/テン/キ/ガ/ /ワル/カ/ッ/タ/カ/ラ/ネ/。/デ/モ/ /イエ/デ/ /シ/ッ/カ/リ/ /ヤス/メ/タ/カ/ラ/ /ヨ/カ/ッ/タ/ヨ/。
新しい靴を買ったの？そうなんだ！この間のセールで見つけたんだ。色も形も気に入ってるよ。歩き心地も良いしね。	アタラ/シ/イ/ /クツ/ヲ/ /カ/ッ/タ/ノ/?/ソ/ー/ナ/ン/ダ/!/コ/ノ/ /アイダ/ノ/ /セ/ー/ル/デ/ /ミ/ツ/ケ/タ/ン/ダ/。/イロ/モ/ /カタチ/モ/ /キ/ニ/ /イ/ッ/テ/ル/ヨ/。/アル/キ/ゴコ/チ/モ/ /ヨ/イ/シ/ネ/。
[昨日]のドラマ見た？うん、見たよ！すごく面白かったね。次週はどうなるのか気になるよ。	キノー/ノ/ /ド/ラ/マ/ /ミ/タ/?/ウ/ン/、/ミ/タ/ヨ/!/ス/ゴ/ク/ /オモ/シロ/カ/ッ/タ/ネ/。/ジ/シュー/ワ/ /ド/ー/ /ナ/ル/ノ/カ/ /キ/ニ/ /ナ/ル/ヨ/。
この場所に来たことある？いや、初めてだよ。噂には聞いてたけど、こんなに素敵なところだとは思わなかった。	コ/ノ/ /バ/ショ/ニ/ /キ/タ/ /コ/ト/ /ア/ル/?/イ/ヤ/、/ハジ/メ/テ/ダ/ヨ/。/ウワサ/ニ/ワ/ /キ/イ/テ/タ/ケ/ド/、/コ/ン/ナ/ニ/ /ス/テキ/ナ/ /ト/コ/ロ/ダ/ト/ワ/ /オモ/ワ/ナ/カ/ッ/タ/。
友達は元気？元気だよ！先週会ったんだけど、相変わらず元気にしてた。また今度一緒に遊ぼうって約束したよ。	トモ/ダチ/ワ/ /ゲン/キ/?/ゲン/キ/ダ/ヨ/!/セン/シュー/ /ア/ッ/タ/ン/ダ/ケ/ド/、/アイ/カ/ワ/ラ/ズ/ /ゲン/キ/ニ/ /シ/テ/タ/。/マ/タ/ /コン/ド/ /イッ/ショ/ニ/ /アソ/ボ/ー/ッ/テ/ /ヤク/ソク/ /シ/タ/ヨ/。
今年の目標は何ですか？えーと、毎日運動することと、本をいっぱい読むことかな。小さなことだけど、続けたいんだ。	コ/トシ/ノ/ /モク/ヒョー/ワ/ /ナン/デ/ス/カ/?/エ/ー/ト/、/マイ/ニチ/ /ウン/ドー/ /ス/ル/ /コ/ト/ト/、/ホン/ヲ/ /イ/ッ/パ/イ/ /ヨ/ム/ /コ/ト/カ/ナ/。/チイ/サ/ナ/ /コ/ト/ダ/ケ/ド/、/ツヅ/ケ/タ/イ/ン/ダ/。
このケーキおいしいね。そうでしょ？これは母が焼いたんだ。母の手作りケーキはほんとに美味しいんだよ。	コ/ノ/ /ケ/ー/キ/ /オ/イ/シ/イ/ネ/。/ソ/ー/デ/ショ/?/コ/レ/ワ/ /ハハ/ガ/ /ヤ/イ/タ/ン/ダ/。/ハハ/ノ/ /テ/ヅク/リ/ /ケ/ー/キ/ワ/ /ホ/ン/ト/ニ/ /オ/イ/シ/イ/ン/ダ/ヨ/。
その仕事難しくない？難しいけど、やりやすくなってきたよ。最初は大変だったけどね。今は楽しくやってるよ。	ソ/ノ/ /シ/ゴト/ /ムズカ/シ/ク/ /ナ/イ/?/ムズカ/シ/イ/ケ/ド/、/ヤ/リ/ヤ/ス/ク/ /ナ/ッ/テ/ /キ/タ/ヨ/。/サイ/ショ/ワ/ /タイ/ヘン/ダ/ッ/タ/ケ/ド/ネ/。/イマ/ワ/ /タノ/シ/ク/ /ヤ/ッ/テ/ル/ヨ/。
冬のコートはもう買った？いや、まだなんだ。来月くらいには買おうと思ってるんだ。良いのが見つかるといいな。	フユ/ノ/ /コ/ー/ト/ワ/ /モ/ー/ /カ/ッ/タ/?/イ/ヤ/、/マ/ダ/ナ/ン/ダ/。/ライ/ゲツ/ク/ラ/イ/ニ/ワ/ /カ/オ/ー/ト/ /オモ/ッ/テ/ル/ン/ダ/。/ヨ/イ/ノ/ガ/ /ミ/ツ/カ/ル/ト/ /イ/イ/ナ/。
この曲好き？すごく好きだよ！最近ずっと聞いてるんだ。リズムが良いし、歌詞も素敵だよね。	コ/ノ/ /キョク/ /ス/キ/?/ス/ゴ/ク/ /ス/キ/ダ/ヨ/!/サイ/キン/ /ズ/ッ/ト/ /キ/イ/テ/ル/ン/ダ/。/リ/ズ/ム/ガ/ /ヨ/イ/シ/、/カ/シ/モ/ /ス/テキ/ダ/ヨ/ネ/。
寝不足じゃない？少し眠いけど、大丈夫だよ。早く寝たいとは思うけど、やることがいっぱいあってさ。	ネ/ブ/ソク/ジャ/ /ナ/イ/?/スコ/シ/ /ネム/イ/ケ/ド/、/ダイ/ジョー/ブ/ダ/ヨ/。/ハヤ/ク/ /ネ/タ/イ/ト/ワ/ /オモ/ウ/ケ/ド/、/ヤ/ル/ /コ/ト/ガ/ /イ/ッ/パ/イ/ /ア/ッ/テ/サ/。
好きな教科は何？数学かな。問題を解くのが楽しいんだ。他の教科も頑張るけど、数学が一番好きだよ。	ス/キ/ナ/ /キョー/カ/ワ/ /ナニ/?/スー/ガク/カ/ナ/。/モン/ダイ/ヲ/ /ト/ク/ノ/ガ/ /タノ/シ/イ/ン/ダ/。/ホカ/ノ/ /キョー/カ/モ/ /ガン/バ/ル/ケ/ド/、/スー/ガク/ガ/ /イチ/バン/ /ス/キ/ダ/ヨ/。
一日は、元旦で祝日です。一年の始まりを祝う日であり、多くの人が家族や友人と過ごしたり、初詣に行ったりします。	ツイ/タチ/ワ/、/ガン/タン/デ/ /シュク/ジツ/デ/ス/。/1/ネン/ノ/ /ハジ/マ/リ/ヲ/ /イワ/ウ/ /ヒ/デ/ /ア/リ/、/オオ/ク/ノ/ /ヒト/ガ/ /カ/ゾク/ヤ/ /ユー/ジン/ト/ /ス/ゴ/シ/タ/リ/、/ハツ/モーデ/ニ/ /イ/ッ/タ/リ/ /シ/マ/ス/。
二日は初夢の日とされ、初夢で見た内容がその年の運勢を占うとされています。	フツ/カ/ワ/ /ハツ/ユメ/ノ/ /ヒ/ト/ /サ/レ/、/ハツ/ユメ/デ/ /ミ/タ/ /ナイ/ヨー/ガ/ /ソ/ノ/ /トシ/ノ/ /ウン/セイ/ヲ/ /ウラナ/ウ/ト/ /サ/レ/テ/ /イ/マ/ス/。
三日は節分で、豆まきをして邪気を払う行事が行われます。	ミッ/カ/ワ/ /セツ/ブン/デ/、/マメ/マ/キ/ヲ/ /シ/テ/ /ジャ/キ/ヲ/ /ハラ/ウ/ /ギョー/ジ/ガ/ /オコナ/ワ/レ/マ/ス/。
四日は立春で、暦の上では春の始まりとされます。	ヨッ/カ/ワ/ /リッ/シュン/デ/、/コヨミ/ノ/ /ウエ/デ/ワ/ /ハル/ノ/ /ハジ/マ/リ/ト/ /サ/レ/マ/ス/。
5日は、啓蟄で、冬眠していた虫が地上に出てくるとされる日です。	イツ/カ/ワ/、/ケイ/チツ/デ/、/トー/ミン/ /シ/テ/ /イ/タ/ /ムシ/ガ/ /チ/ジョー/ニ/ /デ/テ/ /ク/ル/ト/ /サ/レ/ル/ /ヒ/デ/ス/。
６日は、世界一周記念日で、1967年のこの日、日本航空（JAL）が世界一周路線の営業を開始したことを記念して制定されました。	ムイ/カ/ワ/、/セ/カイ/ /1/シュー/ /キ/ネン/ビ/デ/、/1967/ネン/ノ/ /コ/ノ/ /ヒ/、/ニ/ホン/ /コー/クー/(/JAL/)/ガ/ /セ/カイ/ /1/シュー/ /ロ/セン/ノ/ /エイ/ギョー/ヲ/ /カイ/シ/ /シ/タ/ /コ/ト/ヲ/ /キ/ネン/ /シ/テ/ /セイ/テイ/ /サ/レ/マ/シ/タ/。
七日は、世界保健デーで、世界保健機関（WHO）が健康に関する啓発活動を行う日です。	ナノ/カ/ワ/、/セ/カイ/ /ホ/ケン/ /デ/ー/デ/、/セ/カイ/ /ホ/ケン/ /キ/カン/(/WHO/)/ガ/ /ケン/コー/ニ/ /カン/ス/ル/ /ケイ/ハツ/ /カツ/ドー/ヲ/ /オコナ/ウ/ /ヒ/デ/ス/。
八日は、花祭りで、仏教の開祖である釈迦の誕生日を祝う行事が行われます。	ヨー/カ/ワ/、/ハナ/マツ/リ/デ/、/ブッ/キョー/ノ/ /カイ/ソ/デ/ /ア/ル/ /シャ/カ/ノ/ /タン/ジョー/ビ/ヲ/ /イワ/ウ/ /ギョー/ジ/ガ/ /オコナ/ワ/レ/マ/ス/。
九日は、重陽の節句で、菊の花を飾り、長寿を願う行事が行われます。	ココノ/カ/ワ/、/チョー/ヨー/ノ/ /セッ/ク/デ/、/キク/ノ/ /ハナ/ヲ/ /カザ/リ/、/チョー/ジュ/ヲ/ /ネガ/ウ/ /ギョー/ジ/ガ/ /オコナ/ワ/レ/マ/ス/。
十日は、1964年のこの日、東京オリンピックの開会式が行われました。	トオ/カ/ワ/、/1964/ネン/ノ/ /コ/ノ/ /ヒ/、/トー/キョー/ /オ/リ/ン/ピ/ッ/ク/ノ/ /カイ/カイ/シキ/ガ/ /オコナ/ワ/レ/マ/シ/タ/。
一四日は、赤穂義士祭で、赤穂浪士が討ち入りを行ったことを記念して開催される祭りです。	1/4/カ/ワ/、/ア/コー/ /ギ/シ/サイ/デ/、/ア/コー/ /ロー/シ/ガ/ /ウ/チ/イ/リ/ヲ/ /オコナ/ッ/タ/ /コ/ト/ヲ/ /キ/ネン/ /シ/テ/ /カイ/サイ/ /サ/レ/ル/ /マツ/リ/デ/ス/。
二四日は、クリスマスイブで、クリスマスの前夜を祝う日です。多くの人が家族や友人と過ごしたり、プレゼントを交換したりします。	2/4/カ/ワ/、/ク/リ/ス/マ/ス/ /イ/ブ/デ/、/ク/リ/ス/マ/ス/ノ/ /ゼン/ヤ/ヲ/ /イワ/ウ/ /ヒ/デ/ス/。/オオ/ク/ノ/ /ヒト/ガ/ /カ/ゾク/ヤ/ /ユー/ジン/ト/ /ス/ゴ/シ/タ/リ/、/プ/レ/ゼ/ン/ト/ヲ/ /コー/カン/ /シ/タ/リ/ /シ/マ/ス/。
そのパソコン古くない？そろそろ買い替えたいんだ。もう四年も使ってるからね。でもまだ動いてるから大丈夫だよ。	ソ/ノ/ /パ/ソ/コ/ン/ /フル/ク/ /ナ/イ/?/ソ/ロ/ソ/ロ/ /カ/イ/カ/エ/タ/イ/ン/ダ/。/モ/ー/ /4/ネン/モ/ /ツカ/ッ/テ/ル/カ/ラ/ネ/。/デ/モ/ /マ/ダ/ /ウゴ/イ/テ/ル/カ/ラ/ /ダイ/ジョー/ブ/ダ/ヨ/。
今月の給料はどう？まあまあだね。前月より少し多かったから嬉しいよ。来月に期待だね。	コン/ゲツ/ノ/ /キュー/リョー/ワ/ /ド/ー/?/マ/ア/マ/ア/ダ/ネ/。/ゼン/ゲツ/ヨ/リ/ /スコ/シ/ /オオ/カ/ッ/タ/カ/ラ/ /ウレ/シ/イ/ヨ/。/ライ/ゲツ/ニ/ /キ/タイ/ダ/ネ/。
花見に行きたい？行きたいね！春になったら桜を見に行きたいんだ。毎年恒例にしたいくらいだよ。	ハナ/ミ/ニ/ /イ/キ/タ/イ/?/イ/キ/タ/イ/ネ/!/ハル/ニ/ /ナ/ッ/タ/ラ/ /サクラ/ヲ/ /ミ/ニ/ /イ/キ/タ/イ/ン/ダ/。/マイ/トシ/ /コー/レイ/ニ/ /シ/タ/イ/ク/ラ/イ/ダ/ヨ/。
この店いつもの場所？そうだよ。ここはいつも来る店なんだ。店員さんも顔を覚えてくれてるしね。	コ/ノ/ /ミセ/ /イ/ツ/モ/ノ/ /バ/ショ/?/ソ/ー/ダ/ヨ/。/コ/コ/ワ/ /イ/ツ/モ/ /ク/ル/ /ミセ/ナ/ン/ダ/。/テン/イン/サ/ン/モ/ /カオ/ヲ/ /オボ/エ/テ/ /ク/レ/テ/ル/シ/ネ/。
その髪型変えたの？え、わかった？最近伸ばし始めたんだ。どう思う？	ソ/ノ/ /カミ/ガタ/ /カ/エ/タ/ノ/?/エ/、/ワ/カ/ッ/タ/?/サイ/キン/ /ノ/バ/シ/ハジ/メ/タ/ン/ダ/。/ド/ー/ /オモ/ウ/?
試験の時間割でた？もう出たよ。来週の月曜日からだね。そろそろ勉強を始めないと。	シ/ケン/ノ/ /ジ/カン/ワリ/ /デ/タ/?/モ/ー/ /デ/タ/ヨ/。/ライ/シュー/ノ/ /ゲツ/ヨー/ビ/カ/ラ/ダ/ネ/。/ソ/ロ/ソ/ロ/ /ベン/キョー/ヲ/ /ハジ/メ/ナ/イ/ト/。
最近飲んでるコーヒー美味しい？ほんとに美味しいよ！近所の新しいカフェで見つけたんだ。毎朝飲みたいくらいだよ。	サイ/キン/ /ノ/ン/デ/ル/ /コ/ー/ヒ/ー/ /オ/イ/シ/イ/?/ホ/ン/ト/ニ/ /オ/イ/シ/イ/ヨ/!/キン/ジョ/ノ/ /アタラ/シ/イ/ /カ/フェ/デ/ /ミ/ツ/ケ/タ/ン/ダ/。/マイ/アサ/ /ノ/ミ/タ/イ/ク/ラ/イ/ダ/ヨ/。
そのメガネいつ買ったの？この間ね。前のメガネが古くなったからさ。今のほうが見やすいよ。	ソ/ノ/ /メ/ガ/ネ/ /イ/ツ/ /カ/ッ/タ/ノ/?/コ/ノ/ /アイダ/ネ/。/マエ/ノ/ /メ/ガ/ネ/ガ/ /フル/ク/ /ナ/ッ/タ/カ/ラ/サ/。/イマ/ノ/ /ホ/ー/ガ/ /ミ/ヤ/ス/イ/ヨ/。
このお店何回目？えー、三回目かな。毎回何か新しい発見があるんだ。いいお店だよね。	コ/ノ/ /オ/ミセ/ /ナン/カイ/メ/?/エ/ー/、/3/カイ/メ/カ/ナ/。/マイ/カイ/ /ナニ/カ/ /アタラ/シ/イ/ /ハッ/ケン/ガ/ /ア/ル/ン/ダ/。/イ/イ/ /オ/ミセ/ダ/ヨ/ネ/。
きょうの授業どうだった？退屈だったな。でも先生の説明は分かりやすかったよ。	キョ/ー/ノ/ /ジュ/ギョー/ /ド/ー/ダ/ッ/タ/?/タイ/クツ/ダ/ッ/タ/ナ/。/デ/モ/ /セン/セイ/ノ/ /セツ/メイ/ワ/ /ワ/カ/リ/ヤ/ス/カ/ッ/タ/ヨ/。
夜更かしした？してしまった。つい、ゲームをやっちゃってさ。反省してるよ。	ヨ/フ/カ/シ/ /シ/タ/?/シ/テ/ /シ/マ/ッ/タ/。/ツ/イ/、/ゲ/ー/ム/ヲ/ /ヤ/ッ/チャ/ッ/テ/サ/。/ハン/セイ/ /シ/テ/ル/ヨ/。
このアイス好き？大好きだよ！毎夏食べてるんだ。このメロン味が最高だね。	コ/ノ/ /ア/イ/ス/ /ス/キ/?/ダイ/ス/キ/ダ/ヨ/!/マイ/ナツ/ /タ/ベ/テ/ル/ン/ダ/。/コ/ノ/ /メ/ロ/ン/アジ/ガ/ /サイ/コー/ダ/ネ/。
友達と喧嘩した？ちょっと言い合ったけど、後で謝ってくれたから大丈夫だよ。また仲良くなったしね。	トモ/ダチ/ト/ /ケン/カ/ /シ/タ/?/チョ/ッ/ト/ /イ/イ/ア/ッ/タ/ケ/ド/、/アト/デ/ /アヤマ/ッ/テ/ /ク/レ/タ/カ/ラ/ /ダイ/ジョー/ブ/ダ/ヨ/。/マ/タ/ /ナカ/ヨ/ク/ /ナ/ッ/タ/シ/ネ/。
今週のスケジュール楽？いや、結構詰まってるよ。でも頑張るしかないね。	コン/シュー/ノ/ /ス/ケ/ジュ/ー/ル/ /ラク/?/イ/ヤ/、/ケッ/コー/ /ツ/マ/ッ/テ/ル/ヨ/。/デ/モ/ /ガン/バ/ル/シ/カ/ /ナ/イ/ネ/。
この映画つまらなかった？いや、面白かったよ。最後の展開は予想外だったね。	コ/ノ/ /エイ/ガ/ /ツ/マ/ラ/ナ/カ/ッ/タ/?/イ/ヤ/、/オモ/シロ/カ/ッ/タ/ヨ/。/サイ/ゴ/ノ/ /テン/カイ/ワ/ /ヨ/ソー/ガイ/ダ/ッ/タ/ネ/。
バイト行ってきた？うん、さっき帰ってきたところ。[今日]は客が多くて疲れたよ。	バ/イ/ト/ /イ/ッ/テ/ /キ/タ/?/ウ/ン/、/サ/ッ/キ/ /カエ/ッ/テ/ /キ/タ/ /ト/コ/ロ/。/キョー/ワ/ /キャク/ガ/ /オオ/ク/テ/ /ツカ/レ/タ/ヨ/。
新しいシャンプー買った？そうなんだ。香りがいいんだ。髪の毛の調子も良くなった気がするよ。	アタラ/シ/イ/ /シャ/ン/プ/ー/ /カ/ッ/タ/?/ソ/ー/ナ/ン/ダ/。/カオ/リ/ガ/ /イ/イ/ン/ダ/。/カミ/ノ/ケ/ノ/ /チョー/シ/モ/ /ヨ/ク/ /ナ/ッ/タ/ /キ/ガ/ /ス/ル/ヨ/。
朝は混んでた？めっちゃ混んでたよ。駅もバスも満員だったね。	アサ/ワ/ /コ/ン/デ/タ/?/メ/ッ/チャ/ /コ/ン/デ/タ/ヨ/。/エキ/モ/ /バ/ス/モ/ /マン/イン/ダ/ッ/タ/ネ/。
この本のストーリーどう？すごく面白いね。ページをめくるのが止まらないよ。	コ/ノ/ /ホン/ノ/ /ス/ト/ー/リ/ー/ /ド/ー/?/ス/ゴ/ク/ /オモ/シロ/イ/ネ/。/ペ/ー/ジ/ヲ/ /メ/ク/ル/ノ/ガ/ /ト/マ/ラ/ナ/イ/ヨ/。
親には報告した？あ、まだなんだ。そろそろ話さないといけないな。	オヤ/ニ/ワ/ /ホー/コク/ /シ/タ/?/ア/、/マ/ダ/ナ/ン/ダ/。/ソ/ロ/ソ/ロ/ /ハナ/サ/ナ/イ/ト/ /イ/ケ/ナ/イ/ナ/。
週末のバーベキュー参加する？行くつもりだよ。誰が来るの？	シュー/マツ/ノ/ /バ/ー/ベ/キュ/ー/ /サン/カ/ /ス/ル/?/イ/ク/ /ツ/モ/リ/ダ/ヨ/。/ダレ/ガ/ /ク/ル/ノ/?
このドレス似合ってる？ありがとう！新しく買ったんだ。試しに着てみたんだけど、どう思う？	コ/ノ/ /ド/レ/ス/ /ニ/ア/ッ/テ/ル/?/ア/リ/ガ/ト/ー/!/アタラ/シ/ク/ /カ/ッ/タ/ン/ダ/。/タメ/シ/ニ/ /キ/テ/ /ミ/タ/ン/ダ/ケ/ド/、/ド/ー/ /オモ/ウ/?
朝ジョギングした？[今日]も走ってきたよ。天気も良かったしね。	アサ/ /ジョ/ギ/ン/グ/ /シ/タ/?/キョー/モ/ /ハシ/ッ/テ/ /キ/タ/ヨ/。/テン/キ/モ/ /ヨ/カ/ッ/タ/シ/ネ/。
その映画館新しくない？すごく新しいんだ。設備も最新だからいいよ。	ソ/ノ/ /エイ/ガ/カン/ /アタラ/シ/ク/ /ナ/イ/?/ス/ゴ/ク/ /アタラ/シ/イ/ン/ダ/。/セツ/ビ/モ/ /サイ/シン/ダ/カ/ラ/ /イ/イ/ヨ/。
[今日]の天気は晴れです。[明日]は曇る予報です。	キョー/ノ/ /テン/キ/ワ/ /ハ/レ/デ/ス/。/アス/ワ/ /クモ/ル/ /ヨ/ホー/デ/ス/。
来週は雨が降る可能性がありますので、傘を持って出かけることをおすすめします。	ライ/シュー/ワ/ /アメ/ガ/ /フ/ル/ /カ/ノー/セイ/ガ/ /ア/リ/マ/ス/ノ/デ/、/カサ/ヲ/ /モ/ッ/テ/ /デ/カ/ケ/ル/ /コ/ト/ヲ/ /オ/ス/ス/メ/ /シ/マ/ス/。
日本語入力システムは、一九八〇年代の初めに開発されました。現在では、様々な日本語入力システムが利用されています	ニ/ホン/ゴ/ /ニュー/リョク/ /シ/ス/テ/ム/ワ/、/1/9/8/0/ネン/ダイ/ノ/ /ハジ/メ/ニ/ /カイ/ハツ/ /サ/レ/マ/シ/タ/。/ゲン/ザイ/デ/ワ/、/サマ/ザマ/ナ/ /ニ/ホン/ゴ/ /ニュー/リョク/ /シ/ス/テ/ム/ガ/ /リ/ヨー/ /サ/レ/テ/ /イ/マ/ス
ユーザーがローマ字やカタカナを入力すると、それを漢字やひらがなに変換する機能を持っています。これにより、ユーザーは効率的に日本語を入力することができます。	ユ/ー/ザ/ー/ガ/ /ロ/ー/マ/ジ/ヤ/ /カ/タ/カ/ナ/ヲ/ /ニュー/リョク/ /ス/ル/ト/、/ソ/レ/ヲ/ /カン/ジ/ヤ/ /ヒ/ラ/ガ/ナ/ニ/ /ヘン/カン/ /ス/ル/ /キ/ノー/ヲ/ /モ/ッ/テ/ /イ/マ/ス/。/コ/レ/ニ/ /ヨ/リ/、/ユ/ー/ザ/ー/ワ/ /コー/リツ/テキ/ニ/ /ニ/ホン/ゴ/ヲ/ /ニュー/リョク/ /ス/ル/ /コ/ト/ガ/ /デ/キ/マ/ス/。

このスープ塩辛くない？大丈夫だよ。ちょうどいい味だと思うよ。	コ/ノ/ /ス/ー/プ/ /シオ/カラ/ク/ /ナ/イ/?/ダイ/ジョー/ブ/ダ/ヨ/。/チョ/ー/ド/ /イ/イ/ /アジ/ダ/ト/ /オモ/ウ/ヨ/。
いま忙しい？少し忙しいけど、手伝えることはあるかな。	イ/マ/ /イソガ/シ/イ/?/スコ/シ/ /イソガ/シ/イ/ケ/ド/、/テ/ツダ/エ/ル/ /コ/ト/ワ/ /ア/ル/カ/ナ/。
そのペン使いやすい？ほんとに使いやすいよ！字も書きやすいんだ。	ソ/ノ/ /ペ/ン/ /ツカ/イ/ヤ/ス/イ/?/ホ/ン/ト/ニ/ /ツカ/イ/ヤ/ス/イ/ヨ/!/ジ/モ/ /カ/キ/ヤ/ス/イ/ン/ダ/。
[昨日]寝た？ちゃんと寝たよ。だから[今日]は元気だね。	キノー/ /ネ/タ/?/チャ/ン/ト/ /ネ/タ/ヨ/。/ダ/カ/ラ/ /キョー/ワ/ /ゲン/キ/ダ/ネ/。
来月の予定は？まだ決めてないんだ。どこか行きたいとこある？	ライ/ゲツ/ノ/ /ヨ/テイ/ワ/?/マ/ダ/ /キ/メ/テ/ナ/イ/ン/ダ/。/ド/コ/カ/ /イ/キ/タ/イ/ /ト/コ/ /ア/ル/?
次の文章を読んでアトの問いに答えなさい。	ツギ/ノ/ /ブン/ショー/ヲ/ /ヨ/ン/デ/ /ア/ト/ノ/ /ト/イ/ニ/ /コタ/エ/ナ/サ/イ/。
毎日健康的な食事をしなさい。そうすれば、体が丈夫になるだろう。	マイ/ニチ/ /ケン/コー/テキ/ナ/ /ショク/ジ/ヲ/ /シ/ナ/サ/イ/。/ソ/ー/ /ス/レ/バ/、/カラダ/ガ/ /ジョー/ブ/ニ/ /ナ/ル/ダ/ロ/ー/。
朝食を絶対に抜かないようにしなさい。朝食は一日の活力になるからだ。	チョー/ショク/ヲ/ /ゼッ/タイ/ニ/ /ヌ/カ/ナ/イ/ヨ/ー/ニ/ /シ/ナ/サ/イ/。/チョー/ショク/ワ/ /1/ニチ/ノ/ /カツ/リョク/ニ/ /ナ/ル/カ/ラ/ダ/。
運動を習慣にしなさい。毎日の運動は心身の健康に欠かせないものだ。	ウン/ドー/ヲ/ /シュー/カン/ニ/ /シ/ナ/サ/イ/。/マイ/ニチ/ノ/ /ウン/ドー/ワ/ /シン/シン/ノ/ /ケン/コー/ニ/ /カ/カ/セ/ナ/イ/ /モ/ノ/ダ/。
十分な睡眠を取るようにしなさい。良い睡眠は[明日]の活力につながるぞ。	ジュー/ブン/ナ/ /スイ/ミン/ヲ/ /ト/ル/ヨ/ー/ニ/ /シ/ナ/サ/イ/。/ヨ/イ/ /スイ/ミン/ワ/ /アス/ノ/ /カツ/リョク/ニ/ /ツ/ナ/ガ/ル/ゾ/。
水をたくさん飲みなさい。体の水分補給は健康の基本だからな。	ミズ/ヲ/ /タ/ク/サ/ン/ /ノ/ミ/ナ/サ/イ/。/カラダ/ノ/ /スイ/ブン/ /ホ/キュー/ワ/ /ケン/コー/ノ/ /キ/ホン/ダ/カ/ラ/ナ/。
清潔に生活しなさい。清潔さは病気を予防する最善の方法である。	セイ/ケツ/ニ/ /セイ/カツ/ /シ/ナ/サ/イ/。/セイ/ケツ/サ/ワ/ /ビョー/キ/ヲ/ /ヨ/ボー/ /ス/ル/ /サイ/ゼン/ノ/ /ホー/ホー/デ/ /ア/ル/。
規則正しい生活を心がけなさい。毎日同じ時間に起きて寝ることが大切だ。	キ/ソク/ /タダ/シ/イ/ /セイ/カツ/ヲ/ /ココロ/ガ/ケ/ナ/サ/イ/。/マイ/ニチ/ /オナ/ジ/ /ジ/カン/ニ/ /オ/キ/テ/ /ネ/ル/ /コ/ト/ガ/ /タイ/セツ/ダ/。
無理をするなよ。体に無理をかけると病気になるからだ。	ム/リ/ヲ/ /ス/ル/ナ/ヨ/。/カラダ/ニ/ /ム/リ/ヲ/ /カ/ケ/ル/ト/ /ビョー/キ/ニ/ /ナ/ル/カ/ラ/ダ/。
周りの人を大切にしなさい。人間関係は生きる基本になるものだ。	マワ/リ/ノ/ /ヒト/ヲ/ /タイ/セツ/ニ/ /シ/ナ/サ/イ/。/ニン/ゲン/ /カン/ケイ/ワ/ /イ/キ/ル/ /キ/ホン/ニ/ /ナ/ル/ /モ/ノ/ダ/。
友達の話をよく聞きなさい。相手の話を聞くことは信頼を築くことになるよ。	トモ/ダチ/ノ/ /ハナシ/ヲ/ /ヨ/ク/ /キ/キ/ナ/サ/イ/。/アイ/テ/ノ/ /ハナシ/ヲ/ /キ/ク/ /コ/ト/ワ/ /シン/ライ/ヲ/ /キズ/ク/ /コ/ト/ニ/ /ナ/ル/ヨ/。
親の言うことに耳を傾けなさい。親の言葉には人生の知恵が詰まっているのだ。	オヤ/ノ/ /イ/ウ/ /コ/ト/ニ/ /ミミ/ヲ/ /カタム/ケ/ナ/サ/イ/。/オヤ/ノ/ /コト/バ/ニ/ワ/ /ジン/セイ/ノ/ /チ/エ/ガ/ /ツ/マ/ッ/テ/ /イ/ル/ノ/ダ/。
他人の気持ちを考えなさい。相手のことを思いやることが優しさだ。	タ/ニン/ノ/ /キ/モ/チ/ヲ/ /カンガ/エ/ナ/サ/イ/。/アイ/テ/ノ/ /コ/ト/ヲ/ /オモ/イ/ヤ/ル/ /コ/ト/ガ/ /ヤサ/シ/サ/ダ/。
勉強を頑張りなさい。教育は将来の可能性を広げるためのものだからな。	ベン/キョー/ヲ/ /ガン/バ/リ/ナ/サ/イ/。/キョー/イク/ワ/ /ショー/ライ/ノ/ /カ/ノー/セイ/ヲ/ /ヒロ/ゲ/ル/ /タ/メ/ノ/ /モ/ノ/ダ/カ/ラ/ナ/。
新しいことに挑戦しなさい。新しい経験は人を成長させるぞ。	アタラ/シ/イ/ /コ/ト/ニ/ /チョー/セン/ /シ/ナ/サ/イ/。/アタラ/シ/イ/ /ケイ/ケン/ワ/ /ヒト/ヲ/ /セイ/チョー/ /サ/セ/ル/ゾ/。
失敗を恐れるなよ。失敗から学ぶことで成長するんだ。	シッ/パイ/ヲ/ /オソ/レ/ル/ナ/ヨ/。/シッ/パイ/カ/ラ/ /マナ/ブ/ /コ/ト/デ/ /セイ/チョー/ /ス/ル/ン/ダ/。
本をたくさん読みなさい。読書は知識の宝庫である。	ホン/ヲ/ /タ/ク/サ/ン/ /ヨ/ミ/ナ/サ/イ/。/ドク/ショ/ワ/ /チ/シキ/ノ/ /ホー/コ/デ/ /ア/ル/。
分からないことは聞きなさい。分からないまま進むと後で困ることになるぜ。	ワ/カ/ラ/ナ/イ/ /コ/ト/ワ/ /キ/キ/ナ/サ/イ/。/ワ/カ/ラ/ナ/イ/ /マ/マ/ /スス/ム/ト/ /アト/デ/ /コマ/ル/ /コ/ト/ニ/ /ナ/ル/ゼ/。
目標を立てなさい。明確な目標があれば努力がより実ったものになる。	モク/ヒョー/ヲ/ /タ/テ/ナ/サ/イ/。/メイ/カク/ナ/ /モク/ヒョー/ガ/ /ア/レ/バ/ /ド/リョク/ガ/ /ヨ/リ/ /ミノ/ッ/タ/ /モ/ノ/ニ/ /ナ/ル/。
計画を立てて行動しなさい。計画がなければ成功は難しいだろう。	ケイ/カク/ヲ/ /タ/テ/テ/ /コー/ドー/ /シ/ナ/サ/イ/。/ケイ/カク/ガ/ /ナ/ケ/レ/バ/ /セイ/コー/ワ/ /ムズカ/シ/イ/ダ/ロ/ー/。
毎日の記録をつけなさい。記録を見返すことで自分の成長が分かるのだ。	マイ/ニチ/ノ/ /キ/ロク/ヲ/ /ツ/ケ/ナ/サ/イ/。/キ/ロク/ヲ/ /ミ/カエ/ス/ /コ/ト/デ/ /ジ/ブン/ノ/ /セイ/チョー/ガ/ /ワ/カ/ル/ノ/ダ/。
ものを大切にしなさい。無駄なく使うことが社会人の責任である。	モ/ノ/ヲ/ /タイ/セツ/ニ/ /シ/ナ/サ/イ/。/ム/ダ/ /ナ/ク/ /ツカ/ウ/ /コ/ト/ガ/ /シャ/カイ/ジン/ノ/ /セキ/ニン/デ/ /ア/ル/。
お金の使い方を賢くしなさい。計画的な支出は将来の安定につながるぞ。	オ/カネ/ノ/ /ツカ/イ/カタ/ヲ/ /カシコ/ク/ /シ/ナ/サ/イ/。/ケイ/カク/テキ/ナ/ /シ/シュツ/ワ/ /ショー/ライ/ノ/ /アン/テイ/ニ/ /ツ/ナ/ガ/ル/ゾ/。
時間を大切にしなさい。時間は誰にでも平等に与えられた最も貴重なものだ。	ジ/カン/ヲ/ /タイ/セツ/ニ/ /シ/ナ/サ/イ/。/ジ/カン/ワ/ /ダレ/ニ/デ/モ/ /ビョー/ドー/ニ/ /アタ/エ/ラ/レ/タ/ /モット/モ/ /キ/チョー/ナ/ /モ/ノ/ダ/。
約束を守りなさい。約束を守ることは信用の基本だからな。	ヤク/ソク/ヲ/ /マモ/リ/ナ/サ/イ/。/ヤク/ソク/ヲ/ /マモ/ル/ /コ/ト/ワ/ /シン/ヨー/ノ/ /キ/ホン/ダ/カ/ラ/ナ/。
嘘をつくなよ。嘘をつくと信頼を失うことになる。	ウソ/ヲ/ /ツ/ク/ナ/ヨ/。/ウソ/ヲ/ /ツ/ク/ト/ /シン/ライ/ヲ/ /ウシナ/ウ/ /コ/ト/ニ/ /ナ/ル/。
ポジティブに考えなさい。良い考え方が良い結果を生むのだ。	ポ/ジ/ティ/ブ/ニ/ /カンガ/エ/ナ/サ/イ/。/ヨ/イ/ /カンガ/エ/カタ/ガ/ /ヨ/イ/ /ケッ/カ/ヲ/ /ウ/ム/ノ/ダ/。
前向きに努力しなさい。努力なくして成功はあり得ないぞ。	マエ/ム/キ/ニ/ /ド/リョク/ /シ/ナ/サ/イ/。/ド/リョク/ /ナ/ク/ /シ/テ/ /セイ/コー/ワ/ /ア/リ/エ/ナ/イ/ゾ/。
感謝の気持ちを忘れるなよ。感謝することで心が豊かになるんだ。	カン/シャ/ノ/ /キ/モ/チ/ヲ/ /ワス/レ/ル/ナ/ヨ/。/カン/シャ/ /ス/ル/ /コ/ト/デ/ /ココロ/ガ/ /ユタ/カ/ニ/ /ナ/ル/ン/ダ/。
毎日工夫をしなさい。小さな工夫が大きな改善につながることもあるぞ。	マイ/ニチ/ /ク/フー/ヲ/ /シ/ナ/サ/イ/。/チイ/サ/ナ/ /ク/フー/ガ/ /オオ/キ/ナ/ /カイ/ゼン/ニ/ /ツ/ナ/ガ/ル/ /コ/ト/モ/ /ア/ル/ゾ/。
自分を信じなさい。自分を信じることが成功への第一歩だ。	ジ/ブン/ヲ/ /シン/ジ/ナ/サ/イ/。/ジ/ブン/ヲ/ /シン/ジ/ル/ /コ/ト/ガ/ /セイ/コー/エ/ノ/ /ダイ/1/ポ/ダ/。
焦らずに進みなさい。急いては事を仕損じるからな。	アセ/ラ/ズ/ニ/ /スス/ミ/ナ/サ/イ/。/セ/イ/テ/ワ/ /コト/ヲ/ /シ/ソン/ジ/ル/カ/ラ/ナ/。
継続することを大切にしなさい。継続は力なり、これは真実である。	ケイ/ゾク/ /ス/ル/ /コ/ト/ヲ/ /タイ/セツ/ニ/ /シ/ナ/サ/イ/。/ケイ/ゾク/ワ/ /チカラ/ナ/リ/、/コ/レ/ワ/ /シン/ジツ/デ/ /ア/ル/。
毎日の小さなことを大事にしなさい。小さなことの積み重ねが大きなものになるんだ。	マイ/ニチ/ノ/ /チイ/サ/ナ/ /コ/ト/ヲ/ /ダイ/ジ/ニ/ /シ/ナ/サ/イ/。/チイ/サ/ナ/ /コ/ト/ノ/ /ツ/ミ/カサ/ネ/ガ/ /オオ/キ/ナ/ /モ/ノ/ニ/ /ナ/ル/ン/ダ/。
気配りを忘れるなよ。周りの人への気配りが人間関係を良くするぞ。	キ/クバ/リ/ヲ/ /ワス/レ/ル/ナ/ヨ/。/マワ/リ/ノ/ /ヒト/エ/ノ/ /キ/クバ/リ/ガ/ /ニン/ゲン/ /カン/ケイ/ヲ/ /ヨ/ク/ /ス/ル/ゾ/。
相手を尊重しなさい。すべての人には尊重される権利があるのだ。	アイ/テ/ヲ/ /ソン/チョー/ /シ/ナ/サ/イ/。/ス/ベ/テ/ノ/ /ヒト/ニ/ワ/ /ソン/チョー/ /サ/レ/ル/ /ケン/リ/ガ/ /ア/ル/ノ/ダ/。
難しいことにも挑戦しなさい。難しいことこそが成長の機会だからな。	ムズカ/シ/イ/ /コ/ト/ニ/モ/ /チョー/セン/ /シ/ナ/サ/イ/。/ムズカ/シ/イ/ /コ/ト/コ/ソ/ガ/ /セイ/チョー/ノ/ /キ/カイ/ダ/カ/ラ/ナ/。
自分の得意なことを伸ばしなさい。得意なことを伸ばすことが才能につながるぞ。	ジ/ブン/ノ/ /トク/イ/ナ/ /コ/ト/ヲ/ /ノ/バ/シ/ナ/サ/イ/。/トク/イ/ナ/ /コ/ト/ヲ/ /ノ/バ/ス/ /コ/ト/ガ/ /サイ/ノー/ニ/ /ツ/ナ/ガ/ル/ゾ/。
苦手なことも克服しなさい。苦手を克服することで自信が生まれるんだ。	ニガ/テ/ナ/ /コ/ト/モ/ /コク/フク/ /シ/ナ/サ/イ/。/ニガ/テ/ヲ/ /コク/フク/ /ス/ル/ /コ/ト/デ/ /ジ/シン/ガ/ /ウ/マ/レ/ル/ン/ダ/。
話をするときは相手の目を見なさい。相手を見つめることが誠実さを示すのだ。	ハナシ/ヲ/ /ス/ル/ /ト/キ/ワ/ /アイ/テ/ノ/ /メ/ヲ/ /ミ/ナ/サ/イ/。/アイ/テ/ヲ/ /ミ/ツ/メ/ル/ /コ/ト/ガ/ /セイ/ジツ/サ/ヲ/ /シメ/ス/ノ/ダ/。
言葉遣いに気をつけなさい。丁寧な言葉遣いは相手への尊重を示すぞ。	コト/バ/ヅカ/イ/ニ/ /キ/ヲ/ /ツ/ケ/ナ/サ/イ/。/テイ/ネイ/ナ/ /コト/バ/ヅカ/イ/ワ/ /アイ/テ/エ/ノ/ /ソン/チョー/ヲ/ /シメ/ス/ゾ/。
やさしい言葉をかけなさい。やさしい言葉は人を幸せにする力を持っているんだ。	ヤ/サ/シ/イ/ /コト/バ/ヲ/ /カ/ケ/ナ/サ/イ/。/ヤ/サ/シ/イ/ /コト/バ/ワ/ /ヒト/ヲ/ /シアワ/セ/ニ/ /ス/ル/ /チカラ/ヲ/ /モ/ッ/テ/ /イ/ル/ン/ダ/。
批判ばかりするなよ。批判ばかりではなく建設的な意見を述べなさい。	ヒ/ハン/バ/カ/リ/ /ス/ル/ナ/ヨ/。/ヒ/ハン/バ/カ/リ/デ/ワ/ /ナ/ク/ /ケン/セツ/テキ/ナ/ /イ/ケン/ヲ/ /ノ/ベ/ナ/サ/イ/。
失礼なことをするなよ。失礼な振る舞いは人間関係を壊すからだ。	シツ/レイ/ナ/ /コ/ト/ヲ/ /ス/ル/ナ/ヨ/。/シツ/レイ/ナ/ /フ/ル/マ/イ/ワ/ /ニン/ゲン/ /カン/ケイ/ヲ/ /コワ/ス/カ/ラ/ダ/。
環境を大事にしなさい。環境保全は将来の世代のためのものである。	カン/キョー/ヲ/ /ダイ/ジ/ニ/ /シ/ナ/サ/イ/。/カン/キョー/ /ホ/ゼン/ワ/ /ショー/ライ/ノ/ /セ/ダイ/ノ/ /タ/メ/ノ/ /モ/ノ/デ/ /ア/ル/。
ごみを捨てるなよ。ごみを拾う気持ちで環境を大切にしなさい。	ゴ/ミ/ヲ/ /ス/テ/ル/ナ/ヨ/。/ゴ/ミ/ヲ/ /ヒロ/ウ/ /キ/モ/チ/デ/ /カン/キョー/ヲ/ /タイ/セツ/ニ/ /シ/ナ/サ/イ/。
お手伝いをしなさい。家族のためにすることが家族の絆を深めるのだ。	オ/テ/ツダ/イ/ヲ/ /シ/ナ/サ/イ/。/カ/ゾク/ノ/ /タ/メ/ニ/ /ス/ル/ /コ/ト/ガ/ /カ/ゾク/ノ/ /キズナ/ヲ/ /フカ/メ/ル/ノ/ダ/。
笑顔を忘れるなよ。笑顔は最高のコミュニケーション手段なんだ。	エ/ガオ/ヲ/ /ワス/レ/ル/ナ/ヨ/。/エ/ガオ/ワ/ /サイ/コー/ノ/ /コ/ミュ/ニ/ケ/ー/ショ/ン/ /シュ/ダン/ナ/ン/ダ/。
毎日を大切に過ごしなさい。今この瞬間が最も大切な時間なのだ。	マイ/ニチ/ヲ/ /タイ/セツ/ニ/ /ス/ゴ/シ/ナ/サ/イ/。/イマ/ /コ/ノ/ /シュン/カン/ガ/ /モット/モ/ /タイ/セツ/ナ/ /ジ/カン/ナ/ノ/ダ/。
朝は速く起きなさい。夜は遅くまで起きていないで、早く寝なさい。そうすれば、毎日元気に過ごせるよ。	アサ/ワ/ /ハヤ/ク/ /オ/キ/ナ/サ/イ/。/ヨル/ワ/ /オソ/ク/マ/デ/ /オ/キ/テ/ /イ/ナ/イ/デ/、/ハヤ/ク/ /ネ/ナ/サ/イ/。/ソ/ー/ /ス/レ/バ/、/マイ/ニチ/ /ゲン/キ/ニ/ /ス/ゴ/セ/ル/ヨ/。
速くしろ。時間がないんだぞ。準備は事前にやっておけ。そうすれば、焦らずに行動できるからな。	ハヤ/ク/ /シ/ロ/。/ジ/カン/ガ/ /ナ/イ/ン/ダ/ゾ/。/ジュン/ビ/ワ/ /ジ/ゼン/ニ/ /ヤ/ッ/テ/ /オ/ケ/。/ソ/ー/ /ス/レ/バ/、/アセ/ラ/ズ/ニ/ /コー/ドー/ /デ/キ/ル/カ/ラ/ナ/。
[明日]から３日間合宿だってさ。合宿の準備はできてる？うん、もう全部準備したよ。必要なものはリストにしてチェックしたから大丈夫だよ。	アス/カ/ラ/ /ミッ/カ/カン/ /ガッ/シュク/ダ/ッ/テ/サ/。/ガッ/シュク/ノ/ /ジュン/ビ/ワ/ /デ/キ/テ/ル/?/ウ/ン/、/モ/ー/ /ゼン/ブ/ /ジュン/ビ/ /シ/タ/ヨ/。/ヒツ/ヨー/ナ/ /モ/ノ/ワ/ /リ/ス/ト/ニ/ /シ/テ/ /チェ/ッ/ク/ /シ/タ/カ/ラ/ /ダイ/ジョー/ブ/ダ/ヨ/。
休みは５日間。どこか行くの？うーん、まだ決めてないんだ。どこかおすすめの場所ある？	ヤス/ミ/ワ/ /イツ/カ/カン/。/ド/コ/カ/ /イ/ク/ノ/?/ウ/ー/ン/、/マ/ダ/ /キ/メ/テ/ナ/イ/ン/ダ/。/ド/コ/カ/ /オ/ス/ス/メ/ノ/ /バ/ショ/ /ア/ル/?
四日は独立記念日だね。何か特別なことするの？うん、家族でバーベキューをする予定だよ。花火も見に行くつもりだし、楽しみだね。	ヨッ/カ/ワ/ /ドク/リツ/ /キ/ネン/ビ/ダ/ネ/。/ナニ/カ/ /トク/ベツ/ナ/ /コ/ト/ /ス/ル/ノ/?/ウ/ン/、/カ/ゾク/デ/ /バ/ー/ベ/キュ/ー/ヲ/ /ス/ル/ /ヨ/テイ/ダ/ヨ/。/ハナ/ビ/モ/ /ミ/ニ/ /イ/ク/ /ツ/モ/リ/ダ/シ/、/タノ/シ/ミ/ダ/ネ/。
６日は友達の誕生日だよ。何かプレゼント買った？うん、もう買ったよ。友達が好きなものをリサーチして、ぴったりのプレゼントを見つけたんだ。喜んでくれるといいな。	ムイ/カ/ワ/ /トモ/ダチ/ノ/ /タン/ジョー/ビ/ダ/ヨ/。/ナニ/カ/ /プ/レ/ゼ/ン/ト/ /カ/ッ/タ/?/ウ/ン/、/モ/ー/ /カ/ッ/タ/ヨ/。/トモ/ダチ/ガ/ /ス/キ/ナ/ /モ/ノ/ヲ/ /リ/サ/ー/チ/ /シ/テ/、/ピ/ッ/タ/リ/ノ/ /プ/レ/ゼ/ン/ト/ヲ/ /ミ/ツ/ケ/タ/ン/ダ/。/ヨロコ/ン/デ/ /ク/レ/ル/ト/ /イ/イ/ナ/。
七日は学校のイベントがあるんだって。何か準備することある？うん、クラスで出し物をするから、その練習をしないといけないんだ。みんなで協力していいものにしたいな。	ナノ/カ/ワ/ /ガッ/コー/ノ/ /イ/ベ/ン/ト/ガ/ /ア/ル/ン/ダ/ッ/テ/。/ナニ/カ/ /ジュン/ビ/ /ス/ル/ /コ/ト/ /ア/ル/?/ウ/ン/、/ク/ラ/ス/デ/ /ダ/シ/モノ/ヲ/ /ス/ル/カ/ラ/、/ソ/ノ/ /レン/シュー/ヲ/ /シ/ナ/イ/ト/ /イ/ケ/ナ/イ/ン/ダ/。/ミ/ン/ナ/デ/ /キョー/リョク/ /シ/テ/ /イ/イ/ /モ/ノ/ニ/ /シ/タ/イ/ナ/。
八日は家族で旅行に行くんだって。どこに行くの？うん、温泉に行く予定だよ。ゆっくり温まってリフレッシュしてきたいな。	ヨー/カ/ワ/ /カ/ゾク/デ/ /リョ/コー/ニ/ /イ/ク/ン/ダ/ッ/テ/。/ド/コ/ニ/ /イ/ク/ノ/?/ウ/ン/、/オン/セン/ニ/ /イ/ク/ /ヨ/テイ/ダ/ヨ/。/ユ/ッ/ク/リ/ /アタタ/マ/ッ/テ/ /リ/フ/レ/ッ/シュ/ /シ/テ/ /キ/タ/イ/ナ/。
九日は友達と遊ぶ約束があるんだって。何するの？うん、映画を見に行く予定だよ。最近話題の映画があるから楽しみだね。	ココノ/カ/ワ/ /トモ/ダチ/ト/ /アソ/ブ/ /ヤク/ソク/ガ/ /ア/ル/ン/ダ/ッ/テ/。/ナニ/ /ス/ル/ノ/?/ウ/ン/、/エイ/ガ/ヲ/ /ミ/ニ/ /イ/ク/ /ヨ/テイ/ダ/ヨ/。/サイ/キン/ /ワ/ダイ/ノ/ /エイ/ガ/ガ/ /ア/ル/カ/ラ/ /タノ/シ/ミ/ダ/ネ/。
十日は大事な試験があるんだって。勉強は順調？うん、毎日少しずつ勉強してるよ。過去問も解いてみたし、準備は万全だと思うんだ。頑張るぞ！	トオ/カ/ワ/ /ダイ/ジ/ナ/ /シ/ケン/ガ/ /ア/ル/ン/ダ/ッ/テ/。/ベン/キョー/ワ/ /ジュン/チョー/?/ウ/ン/、/マイ/ニチ/ /スコ/シ/ズ/ツ/ /ベン/キョー/ /シ/テ/ル/ヨ/。/カ/コ/モン/モ/ /ト/イ/テ/ /ミ/タ/シ/、/ジュン/ビ/ワ/ /バン/ゼン/ダ/ト/ /オモ/ウ/ン/ダ/。/ガン/バ/ル/ゾ/!
数え歌って知ってる？うん、知ってるよ。数を数えるときに歌うやつだよね。子供の頃によく歌ったな。	カゾ/エ/ウタ/ッ/テ/ /シ/ッ/テ/ル/?/ウ/ン/、/シ/ッ/テ/ル/ヨ/。/カズ/ヲ/ /カゾ/エ/ル/ /ト/キ/ニ/ /ウタ/ウ/ /ヤ/ツ/ダ/ヨ/ネ/。/コ/ドモ/ノ/ /コロ/ニ/ /ヨ/ク/ /ウタ/ッ/タ/ナ/。
一四日はバレンタインデーだね。チョコレートはあげるの？うん、友達にチョコレートをあげる予定だよ。手作りのチョコも用意してるんだ。喜んでくれるといいな。	1/4/カ/ワ/ /バ/レ/ン/タ/イ/ン/ /デ/ー/ダ/ネ/。/チョ/コ/レ/ー/ト/ワ/ /ア/ゲ/ル/ノ/?/ウ/ン/、/トモ/ダチ/ニ/ /チョ/コ/レ/ー/ト/ヲ/ /ア/ゲ/ル/ /ヨ/テイ/ダ/ヨ/。/テ/ヅク/リ/ノ/ /チョ/コ/モ/ /ヨー/イ/ /シ/テ/ル/ン/ダ/。/ヨロコ/ン/デ/ /ク/レ/ル/ト/ /イ/イ/ナ/。
二四日ってなにかあった？うーん、特に大きなイベントはないけど、クリスマスイブだね。家族で過ごす予定だよ。プレゼント交換もするから楽しみだね。	2/4/カ/ッ/テ/ /ナ/ニ/カ/ /ア/ッ/タ/?/ウ/ー/ン/、/トク/ニ/ /オオ/キ/ナ/ /イ/ベ/ン/ト/ワ/ /ナ/イ/ケ/ド/、/ク/リ/ス/マ/ス/ /イ/ブ/ダ/ネ/。/カ/ゾク/デ/ /ス/ゴ/ス/ /ヨ/テイ/ダ/ヨ/。/プ/レ/ゼ/ン/ト/ /コー/カン/モ/ /ス/ル/カ/ラ/ /タノ/シ/ミ/ダ/ネ/。
今私が聞いているお話について書こう。なにを話すかは、その時の気分で決まるな。	イマ/ /ワタシ/ガ/ /キ/イ/テ/ /イ/ル/ /オ/ハナシ/ニ/ /ツ/イ/テ/ /カ/コ/ー/。/ナ/ニ/ヲ/ /ハナ/ス/カ/ワ/、/ソ/ノ/ /トキ/ノ/ /キ/ブン/デ/ /キ/マ/ル/ナ/。
宇宙の謎だ。光の速さは、宇宙の中で最も速いものだと言われている。もし光の速さを超えることができるなら、時間を逆行することも可能になるかもしれない。そうすれば、過去に戻って歴史を変えることもできるかもしれない。でも、そんなことが本当に可能なのかはわからない。科学者たちはまだその謎を解明しようとしているところだ。	ウ/チュー/ノ/ /ナゾ/ダ/。/ヒカリ/ノ/ /ハヤ/サ/ワ/、/ウ/チュー/ノ/ /ナカ/デ/ /モット/モ/ /ハヤ/イ/ /モ/ノ/ダ/ト/ /イ/ワ/レ/テ/ /イ/ル/。/モ/シ/ /ヒカリ/ノ/ /ハヤ/サ/ヲ/ /コ/エ/ル/ /コ/ト/ガ/ /デ/キ/ル/ナ/ラ/、/ジ/カン/ヲ/ /ギャッ/コー/ /ス/ル/ /コ/ト/モ/ /カ/ノー/ニ/ /ナ/ル/カ/モ/ /シ/レ/ナ/イ/。/ソ/ー/ /ス/レ/バ/、/カ/コ/ニ/ /モド/ッ/テ/ /レキ/シ/ヲ/ /カ/エ/ル/ /コ/ト/モ/ /デ/キ/ル/カ/モ/ /シ/レ/ナ/イ/。/デ/モ/、/ソ/ン/ナ/ /コ/ト/ガ/ /ホン/トー/ニ/ /カ/ノー/ナ/ノ/カ/ワ/ /ワ/カ/ラ/ナ/イ/。/カ/ガク/シャ/タ/チ/ワ/ /マ/ダ/ /ソ/ノ/ /ナゾ/ヲ/ /カイ/メイ/ /シ/ヨ/ー/ト/ /シ/テ/ /イ/ル/ /ト/コ/ロ/ダ/。
また、宇宙にはダークマターやダークエネルギーという謎の物質が存在すると考えられている。これらは宇宙の大部分を占めているとされているが、まだその正体はわかっていない。もしこれらの謎が解明されれば、宇宙の成り立ちや進化についての理解が深まるかもしれない。	マ/タ/、/ウ/チュー/ニ/ワ/ /ダ/ー/ク/ /マ/タ/ー/ヤ/ /ダ/ー/ク/ /エ/ネ/ル/ギ/ー/ト/ /イ/ウ/ /ナゾ/ノ/ /ブッ/シツ/ガ/ /ソン/ザイ/ /ス/ル/ト/ /カンガ/エ/ラ/レ/テ/ /イ/ル/。/コ/レ/ラ/ワ/ /ウ/チュー/ノ/ /ダイ/ブ/ブン/ヲ/ /シ/メ/テ/ /イ/ル/ト/ /サ/レ/テ/ /イ/ル/ガ/、/マ/ダ/ /ソ/ノ/ /ショー/タイ/ワ/ /ワ/カ/ッ/テ/ /イ/ナ/イ/。/モ/シ/ /コ/レ/ラ/ノ/ /ナゾ/ガ/ /カイ/メイ/ /サ/レ/レ/バ/、/ウ/チュー/ノ/ /ナ/リ/タ/チ/ヤ/ /シン/カ/ニ/ /ツ/イ/テ/ノ/ /リ/カイ/ガ/ /フカ/マ/ル/カ/モ/ /シ/レ/ナ/イ/。
さらに、宇宙には多くの銀河が存在しているが、その中には地球のような生命が存在する可能性もある。もし他の惑星に生命が存在するなら、私たちは宇宙の中で孤独ではないことになる。宇宙の広大さを考えると、他の生命体が存在する可能性は十分にあると思う。もしそうなら、私たちは宇宙の中でどのように交流することができるのか、また、どのような文化や技術を持っているのかも興味深い問題だ。	サ/ラ/ニ/、/ウ/チュー/ニ/ワ/ /オオ/ク/ノ/ /ギン/ガ/ガ/ /ソン/ザイ/ /シ/テ/ /イ/ル/ガ/、/ソ/ノ/ /ナカ/ニ/ワ/ /チ/キュー/ノ/ヨ/ー/ナ/ /セイ/メイ/ガ/ /ソン/ザイ/ /ス/ル/ /カ/ノー/セイ/モ/ /ア/ル/。/モ/シ/ /ホカ/ノ/ /ワク/セイ/ニ/ /セイ/メイ/ガ/ /ソン/ザイ/ /ス/ル/ナ/ラ/、/ワタシ/タ/チ/ワ/ /ウ/チュー/ノ/ /ナカ/デ/ /コ/ドク/デ/ワ/ /ナ/イ/ /コ/ト/ニ/ /ナ/ル/。/ウ/チュー/ノ/ /コー/ダイ/サ/ヲ/ /カンガ/エ/ル/ト/、/タ/ノ/ /セイ/メイ/タイ/ガ/ /ソン/ザイ/ /ス/ル/ /カ/ノー/セイ/ワ/ /ジュー/ブン/ニ/ /ア/ル/ト/ /オモ/ウ/。/モ/シ/ /ソ/ー/ナ/ラ/、/ワタシ/タ/チ/ワ/ /ウ/チュー/ノ/ /ナカ/デ/ /ド/ノ/ヨ/ー/ニ/ /コー/リュー/ /ス/ル/ /コ/ト/ガ/ /デ/キ/ル/ノ/カ/、/マ/タ/、/ド/ノ/ヨ/ー/ナ/ /ブン/カ/ヤ/ /ギ/ジュツ/ヲ/ /モ/ッ/テ/ /イ/ル/ノ/カ/モ/ /キョー/ミ/ /フカ/イ/ /モン/ダイ/ダ/。
宇宙の謎は尽きることがない。私たちはまだ多くのことを知らないし、これからも新しい発見があるかもしれない。宇宙の謎を解明することは、私たちの存在や宇宙の成り立ちについての理解を深めることにつながるかもしれない。だから、私は宇宙の謎について考えることが好きだし、これからも興味を持ち続けたいと思う。	ウ/チュー/ノ/ /ナゾ/ワ/ /ツ/キ/ル/ /コ/ト/ガ/ /ナ/イ/。/ワタシ/タ/チ/ワ/ /マ/ダ/ /オオ/ク/ノ/ /コ/ト/ヲ/ /シ/ラ/ナ/イ/シ/、/コ/レ/カ/ラ/モ/ /アタラ/シ/イ/ /ハッ/ケン/ガ/ /ア/ル/カ/モ/ /シ/レ/ナ/イ/。/ウ/チュー/ノ/ /ナゾ/ヲ/ /カイ/メイ/ /ス/ル/ /コ/ト/ワ/、/ワタシ/タ/チ/ノ/ /ソン/ザイ/ヤ/ /ウ/チュー/ノ/ /ナ/リ/タ/チ/ニ/ /ツ/イ/テ/ノ/ /リ/カイ/ヲ/ /フカ/メ/ル/ /コ/ト/ニ/ /ツ/ナ/ガ/ル/カ/モ/ /シ/レ/ナ/イ/。/ダ/カ/ラ/、/ワタシ/ワ/ /ウ/チュー/ノ/ /ナゾ/ニ/ /ツ/イ/テ/ /カンガ/エ/ル/ /コ/ト/ガ/ /ス/キ/ダ/シ/、/コ/レ/カ/ラ/モ/ /キョー/ミ/ヲ/ /モ/チ/ツヅ/ケ/タ/イ/ト/ /オモ/ウ/。
宇宙をテーマにしたアニメ作品はたくさんあるけれど、私が特に好きなのは「宇宙兄弟」という作品だ。これは、宇宙飛行士を目指す兄弟の物語で、宇宙の謎や人間の夢について描かれている。主人公たちが宇宙に挑戦する姿はとても感動的で、私も宇宙に興味を持つきっかけになった作品だ。	ウ/チュー/ヲ/ /テ/ー/マ/ニ/ /シ/タ/ /ア/ニ/メ/ /サク/ヒン/ワ/ /タ/ク/サ/ン/ /ア/ル/ケ/レ/ド/、/ワタシ/ガ/ /トク/ニ/ /ス/キ/ナ/ノ/ワ/ /「/ウ/チュー/ /キョー/ダイ/」/ト/ /イ/ウ/ /サク/ヒン/ダ/。/コ/レ/ワ/、/ウ/チュー/ /ヒ/コー/シ/ヲ/ /メ/ザ/ス/ /キョー/ダイ/ノ/ /モノ/ガタリ/デ/、/ウ/チュー/ノ/ /ナゾ/ヤ/ /ニン/ゲン/ノ/ /ユメ/ニ/ /ツ/イ/テ/ /エガ/カ/レ/テ/ /イ/ル/。/シュ/ジン/コー/タ/チ/ガ/ /ウ/チュー/ニ/ /チョー/セン/ /ス/ル/ /スガタ/ワ/ /ト/テ/モ/ /カン/ドー/テキ/デ/、/ワタシ/モ/ /ウ/チュー/ニ/ /キョー/ミ/ヲ/ /モ/ツ/ /キ/ッ/カ/ケ/ニ/ /ナ/ッ/タ/ /サク/ヒン/ダ/。
日本のアニメーションの歴史はとても豊かで、多くの素晴らしい作品が生まれてきました。特に、宇宙をテーマにしたアニメは、私たちの想像力を刺激し、宇宙の謎について考えるきっかけを与えてくれます。例えば、「銀河鉄道の夜」や「宇宙戦艦ヤマト」などは、宇宙の広大さや未知の世界への冒険を描いています。これらの作品は、私たちに宇宙への興味を持たせるだけでなく、宇宙の謎について考えることも促してくれます。	ニ/ホン/ノ/ /ア/ニ/メ/ー/ショ/ン/ノ/ /レキ/シ/ワ/ /ト/テ/モ/ /ユタ/カ/デ/、/オオ/ク/ノ/ /ス/バ/ラ/シ/イ/ /サク/ヒン/ガ/ /ウ/マ/レ/テ/ /キ/マ/シ/タ/。/トク/ニ/、/ウ/チュー/ヲ/ /テ/ー/マ/ニ/ /シ/タ/ /ア/ニ/メ/ワ/、/ワタシ/タ/チ/ノ/ /ソー/ゾー/リョク/ヲ/ /シ/ゲキ/ /シ/、/ウ/チュー/ノ/ /ナゾ/ニ/ /ツ/イ/テ/ /カンガ/エ/ル/ /キ/ッ/カ/ケ/ヲ/ /アタ/エ/テ/ /ク/レ/マ/ス/。/タト/エ/バ/、/「/ギン/ガ/ /テツ/ドー/ノ/ /ヨル/」/ヤ/ /「/ウ/チュー/ /セン/カン/ /ヤ/マ/ト/」/ナ/ド/ワ/、/ウ/チュー/ノ/ /コー/ダイ/サ/ヤ/ /ミ/チ/ノ/ /セ/カイ/エ/ノ/ /ボー/ケン/ヲ/ /エガ/イ/テ/ /イ/マ/ス/。/コ/レ/ラ/ノ/ /サク/ヒン/ワ/、/ワタシ/タ/チ/ニ/ /ウ/チュー/エ/ノ/ /キョー/ミ/ヲ/ /モ/タ/セ/ル/ダ/ケ/デ/ /ナ/ク/、/ウ/チュー/ノ/ /ナゾ/ニ/ /ツ/イ/テ/ /カンガ/エ/ル/ /コ/ト/モ/ /ウナガ/シ/テ/ /ク/レ/マ/ス/。
さらに、宇宙をテーマにしたアニメは、科学的な要素も取り入れていることが多いです。例えば、「宇宙兄弟」では、宇宙飛行士の訓練や宇宙の環境についての描写がリアルで、科学的な知識を学ぶこともできます。これらの作品は、私たちに宇宙の謎について考えるだけでなく、科学的な視点からも宇宙を理解することを促してくれます。	サ/ラ/ニ/、/ウ/チュー/ヲ/ /テ/ー/マ/ニ/ /シ/タ/ /ア/ニ/メ/ワ/、/カ/ガク/テキ/ナ/ /ヨー/ソ/モ/ /ト/リ/イ/レ/テ/ /イ/ル/ /コ/ト/ガ/ /オオ/イ/デ/ス/。/タト/エ/バ/、/「/ウ/チュー/ /キョー/ダイ/」/デ/ワ/、/ウ/チュー/ /ヒ/コー/シ/ノ/ /クン/レン/ヤ/ /ウ/チュー/ノ/ /カン/キョー/ニ/ /ツ/イ/テ/ノ/ /ビョー/シャ/ガ/ /リ/ア/ル/デ/、/カ/ガク/テキ/ナ/ /チ/シキ/ヲ/ /マナ/ブ/ /コ/ト/モ/ /デ/キ/マ/ス/。/コ/レ/ラ/ノ/ /サク/ヒン/ワ/、/ワタシ/タ/チ/ニ/ /ウ/チュー/ノ/ /ナゾ/ニ/ /ツ/イ/テ/ /カンガ/エ/ル/ダ/ケ/デ/ /ナ/ク/、/カ/ガク/テキ/ナ/ /シ/テン/カ/ラ/モ/ /ウ/チュー/ヲ/ /リ/カイ/ /ス/ル/ /コ/ト/ヲ/ /ウナガ/シ/テ/ /ク/レ/マ/ス/。
宇宙の謎は、私たちの想像力を刺激し、私たちの存在や宇宙の成り立ちについての理解を深めることにつながります。アニメ作品は、その謎を描くことで、私たちに宇宙への興味を持たせるだけでなく、科学的な視点からも宇宙を理解することを促してくれます。	ウ/チュー/ノ/ /ナゾ/ワ/、/ワタシ/タ/チ/ノ/ /ソー/ゾー/リョク/ヲ/ /シ/ゲキ/ /シ/、/ワタシ/タ/チ/ノ/ /ソン/ザイ/ヤ/ /ウ/チュー/ノ/ /ナ/リ/タ/チ/ニ/ /ツ/イ/テ/ノ/ /リ/カイ/ヲ/ /フカ/メ/ル/ /コ/ト/ニ/ /ツ/ナ/ガ/リ/マ/ス/。/ア/ニ/メ/ /サク/ヒン/ワ/、/ソ/ノ/ /ナゾ/ヲ/ /エガ/ク/ /コ/ト/デ/、/ワタシ/タ/チ/ニ/ /ウ/チュー/エ/ノ/ /キョー/ミ/ヲ/ /モ/タ/セ/ル/ダ/ケ/デ/ /ナ/ク/、/カ/ガク/テキ/ナ/ /シ/テン/カ/ラ/モ/ /ウ/チュー/ヲ/ /リ/カイ/ /ス/ル/ /コ/ト/ヲ/ /ウナガ/シ/テ/ /ク/レ/マ/ス/。
アニメーションという芸術形式は、静止画を連続して表示することで動きを表現する方法であり、人間の目の錯覚を巧みに利用しています。この技術は100年以上前から存在していますが、今でもアニメーションの魅力は色褪せることなく、むしろ進化を続けています。	ア/ニ/メ/ー/ショ/ン/ト/ /イ/ウ/ /ゲイ/ジュツ/ /ケイ/シキ/ワ/、/セイ/シ/ガ/ヲ/ /レン/ゾク/ /シ/テ/ /ヒョー/ジ/ /ス/ル/ /コ/ト/デ/ /ウゴ/キ/ヲ/ /ヒョー/ゲン/ /ス/ル/ /ホー/ホー/デ/ /ア/リ/、/ニン/ゲン/ノ/ /メ/ノ/ /サッ/カク/ヲ/ /タク/ミ/ニ/ /リ/ヨー/ /シ/テ/ /イ/マ/ス/。/コ/ノ/ /ギ/ジュツ/ワ/ /イチレイレイ/ネン/ /イ/ジョー/ /マエ/カ/ラ/ /ソン/ザイ/ /シ/テ/ /イ/マ/ス/ガ/、/イマ/デ/モ/ /ア/ニ/メ/ー/ショ/ン/ノ/ /ミ/リョク/ワ/ /イロ/ア/セ/ル/ /コ/ト/ /ナ/ク/、/ム/シ/ロ/ /シン/カ/ヲ/ /ツヅ/ケ/テ/ /イ/マ/ス/。
日本のアニメーション技術は世界的に高く評価されており、その精密さと表現力は他の国の作品と比較しても引けを取りません。キャラクターの動きや背景の描写、光と影の使い方など、すべての要素が完璧に計算されて作られています。	ニ/ホン/ノ/ /ア/ニ/メ/ー/ショ/ン/ /ギ/ジュツ/ワ/ /セ/カイ/テキ/ニ/ /タカ/ク/ /ヒョー/カ/ /サ/レ/テ/ /オ/リ/、/ソ/ノ/ /セイ/ミツ/サ/ト/ /ヒョー/ゲン/リョク/ワ/ /タ/ノ/ /クニ/ノ/ /サク/ヒン/ト/ /ヒ/カク/ /シ/テ/モ/ /ヒ/ケ/ヲ/ /ト/リ/マ/セ/ン/。/キャ/ラ/ク/タ/ー/ノ/ /ウゴ/キ/ヤ/ /ハイ/ケイ/ノ/ /ビョー/シャ/、/ヒカリ/ト/ /カゲ/ノ/ /ツカ/イ/カタ/ナ/ド/、/ス/ベ/テ/ノ/ /ヨー/ソ/ガ/ /カン/ペキ/ニ/ /ケイ/サン/ /サ/レ/テ/ /ツク/ラ/レ/テ/ /イ/マ/ス/。
アニメーションの色彩表現は、作品の雰囲気や感情を大きく左右する重要な要素です。暖色系の色を使えば温かみのある場面が表現でき、冷色系を使えば緊張感のある場面を演出することができます。色彩設計者の工夫次第で作品全体の印象が大きく変わります。	ア/ニ/メ/ー/ショ/ン/ノ/ /シキ/サイ/ /ヒョー/ゲン/ワ/、/サク/ヒン/ノ/ /フン/イ/キ/ヤ/ /カン/ジョー/ヲ/ /オオ/キ/ク/ /サ/ユー/ /ス/ル/ /ジュー/ヨー/ナ/ /ヨー/ソ/デ/ス/。/ダン/ショク/ケイ/ノ/ /イロ/ヲ/ /ツカ/エ/バ/ /アタタ/カ/ミ/ノ/ /ア/ル/ /バ/メン/ガ/ /ヒョー/ゲン/ /デ/キ/、/レイ/ショク/ケイ/ヲ/ /ツカ/エ/バ/ /キン/チョー/カン/ノ/ /ア/ル/ /バ/メン/ヲ/ /エン/シュツ/ /ス/ル/ /コ/ト/ガ/ /デ/キ/マ/ス/。/シキ/サイ/ /セッ/ケイ/シャ/ノ/ /ク/フー/ /シ/ダイ/デ/ /サク/ヒン/ /ゼン/タイ/ノ/ /イン/ショー/ガ/ /オオ/キ/ク/ /カ/ワ/リ/マ/ス/。
アニメーション作品を作るためには、多くの職人的な技術と創造性が必要とされます。原画から動画への過程には、数千枚の絵が必要とされることもあり、それぞれのアニメーターが細かい部分まで丁寧に描き込むことが求められます。	ア/ニ/メ/ー/ショ/ン/ /サク/ヒン/ヲ/ /ツク/ル/ /タ/メ/ニ/ワ/、/オオ/ク/ノ/ /ショク/ニン/テキ/ナ/ /ギ/ジュツ/ト/ /ソー/ゾー/セイ/ガ/ /ヒツ/ヨー/ト/ /サ/レ/マ/ス/。/ゲン/ガ/カ/ラ/ /ドー/ガ/エ/ノ/ /カ/テイ/ニ/ワ/、/スー/セン/マイ/ノ/ /エ/ガ/ /ヒツ/ヨー/ト/ /サ/レ/ル/ /コ/ト/モ/ /ア/リ/、/ソ/レ/ゾ/レ/ノ/ /ア/ニ/メ/ー/タ/ー/ガ/ /コマ/カ/イ/ /ブ/ブン/マ/デ/ /テイ/ネイ/ニ/ /カ/キ/コ/ム/ /コ/ト/ガ/ /モト/メ/ラ/レ/マ/ス/。
デジタル化により、アニメーション制作の方法は大きく変わりました。従来の手描きアニメーションもデジタルペンとタブレットで制作されるようになり、修正や調整がより簡単になりました。しかし、アニメーターの技術と感性は変わらず重要であり続けています。	デ/ジ/タ/ル/カ/ニ/ /ヨ/リ/、/ア/ニ/メ/ー/ショ/ン/ /セイ/サク/ノ/ /ホー/ホー/ワ/ /オオ/キ/ク/ /カ/ワ/リ/マ/シ/タ/。/ジュー/ライ/ノ/ /テ/ガ/キ/ /ア/ニ/メ/ー/ショ/ン/モ/ /デ/ジ/タ/ル/ペ/ン/ト/ /タ/ブ/レ/ッ/ト/デ/ /セイ/サク/ /サ/レ/ル/ヨ/ー/ニ/ /ナ/リ/、/シュー/セイ/ヤ/ /チョー/セイ/ガ/ /ヨ/リ/ /カン/タン/ニ/ /ナ/リ/マ/シ/タ/。/シ/カ/シ/、/ア/ニ/メ/ー/タ/ー/ノ/ /ギ/ジュツ/ト/ /カン/セイ/ワ/ /カ/ワ/ラ/ズ/ /ジュー/ヨー/デ/ /ア/リ/ツヅ/ケ/テ/ /イ/マ/ス/。
音声のタイミングとアニメーションの動きを合わせることは非常に難しい作業です。声優の演技録音の後、それに合わせてアニメーターが口の動きやアクションを調整します。このシンクロニゼーションが完璧に達成されることで、作品全体の完成度が大きく高まります。	オン/セイ/ノ/ /タ/イ/ミ/ン/グ/ト/ /ア/ニ/メ/ー/ショ/ン/ノ/ /ウゴ/キ/ヲ/ /ア/ワ/セ/ル/ /コ/ト/ワ/ /ヒ/ジョー/ニ/ /ムズカ/シ/イ/ /サ/ギョー/デ/ス/。/セイ/ユー/ノ/ /エン/ギ/ /ロク/オン/ノ/ /アト/、/ソ/レ/ニ/ /ア/ワ/セ/テ/ /ア/ニ/メ/ー/タ/ー/ガ/ /クチ/ノ/ /ウゴ/キ/ヤ/ /ア/ク/ショ/ン/ヲ/ /チョー/セイ/ /シ/マ/ス/。/コ/ノ/ /シ/ン/ク/ロ/ニ/ゼ/ー/ショ/ン/ガ/ /カン/ペキ/ニ/ /タッ/セイ/ /サ/レ/ル/ /コ/ト/デ/、/サク/ヒン/ /ゼン/タイ/ノ/ /カン/セイ/ド/ガ/ /オオ/キ/ク/ /タカ/マ/リ/マ/ス/。
人間の心理や感情を正確に表現することは、アニメーション制作において最も難しい課題の一つです。キャラクターの目線の動きや表情の微妙な変化が視聴者の心に深く響き、その瞬間の感情を伝える力を持っています。	ニン/ゲン/ノ/ /シン/リ/ヤ/ /カン/ジョー/ヲ/ /セイ/カク/ニ/ /ヒョー/ゲン/ /ス/ル/ /コ/ト/ワ/、/ア/ニ/メ/ー/ショ/ン/ /セイ/サク/ニ/ /オ/イ/テ/ /モット/モ/ /ムズカ/シ/イ/ /カ/ダイ/ノ/ /ヒト/ツ/デ/ス/。/キャ/ラ/ク/タ/ー/ノ/ /メ/セン/ノ/ /ウゴ/キ/ヤ/ /ヒョー/ジョー/ノ/ /ビ/ミョー/ナ/ /ヘン/カ/ガ/ /シ/チョー/シャ/ノ/ /ココロ/ニ/ /フカ/ク/ /ヒビ/キ/、/ソ/ノ/ /シュン/カン/ノ/ /カン/ジョー/ヲ/ /ツタ/エ/ル/ /チカラ/ヲ/ /モ/ッ/テ/ /イ/マ/ス/。
アニメーション業界の発展は、視聴者の多様なニーズに応えることで実現されています。子供向けから大人向けまで、様々なジャンルと深さの作品が制作されており、それぞれが独自の表現方法と美学を追求し続けています。	ア/ニ/メ/ー/ショ/ン/ /ギョー/カイ/ノ/ /ハッ/テン/ワ/、/シ/チョー/シャ/ノ/ /タ/ヨー/ナ/ /ニ/ー/ズ/ニ/ /コタ/エ/ル/ /コ/ト/デ/ /ジツ/ゲン/ /サ/レ/テ/ /イ/マ/ス/。/コ/ドモ/ム/ケ/カ/ラ/ /オト/ナ/ム/ケ/マ/デ/、/サマ/ザマ/ナ/ /ジャ/ン/ル/ト/ /フカ/サ/ノ/ /サク/ヒン/ガ/ /セイ/サク/ /サ/レ/テ/ /オ/リ/、/ソ/レ/ゾ/レ/ガ/ /ドク/ジ/ノ/ /ヒョー/ゲン/ /ホー/ホー/ト/ /ビ/ガク/ヲ/ /ツイ/キュー/ /シ/ツヅ/ケ/テ/ /イ/マ/ス/。
とりあえず千行入力してみたんだけど、まだ足りないみたいね。	ト/リ/ア/エ/ズ/ /セン/ギョー/ /ニュー/リョク/ /シ/テ/ /ミ/タ/ン/ダ/ケ/ド/、/マ/ダ/ /タ/リ/ナ/イ/ミ/タ/イ/ネ/。
もっと入力してみるわ。２千行くらいは必要かもね。	モ/ッ/ト/ /ニュー/リョク/ /シ/テ/ /ミ/ル/ワ/。/2/セン/ギョー/ク/ラ/イ/ワ/ /ヒツ/ヨー/カ/モ/ネ/。
ああ、そうだね。千行じゃ足りないかもしれないね。	ア/ア/、/ソ/ー/ダ/ネ/。/セン/ギョー/ジャ/ /タ/リ/ナ/イ/カ/モ/ /シ/レ/ナ/イ/ネ/。
でも、これだけ入力すれば、かなりの量のテキストデータができるから、いいスタートになると思うよ。	デ/モ/、/コ/レ/ダ/ケ/ /ニュー/リョク/ /ス/レ/バ/、/カ/ナ/リ/ノ/ /リョー/ノ/ /テ/キ/ス/ト/ /デ/ー/タ/ガ/ /デ/キ/ル/カ/ラ/、/イ/イ/ /ス/タ/ー/ト/ニ/ /ナ/ル/ト/ /オモ/ウ/ヨ/。
で、何について入力してるの？何か特定のテーマとかあるの？	デ/、/ナン/ニ/ /ツ/イ/テ/ /ニュー/リョク/ /シ/テ/ル/ノ/?/ナニ/カ/ /トク/テイ/ノ/ /テ/ー/マ/ト/カ/ /ア/ル/ノ/?
うーん、特にテーマは決めてないんだけど、いろんなジャンルのテキストを入力してみようと思ってるの。小説とか、専門書とか、ニュース記事とか、いろいろね。	ウ/ー/ン/、/トク/ニ/ /テ/ー/マ/ワ/ /キ/メ/テ/ナ/イ/ン/ダ/ケ/ド/、/イ/ロ/ン/ナ/ /ジャ/ン/ル/ノ/ /テ/キ/ス/ト/ヲ/ /ニュー/リョク/ /シ/テ/ /ミ/ヨ/ー/ト/ /オモ/ッ/テ/ル/ノ/。/ショー/セツ/ト/カ/、/セン/モン/ショ/ト/カ/、/ニュ/ー/ス/ /キ/ジ/ト/カ/、/イ/ロ/イ/ロ/ネ/。
それはいいアイデアだね。多様なジャンルのテキストを入力することで、モデルが幅広い知識を学習できるからね。	ソ/レ/ワ/ /イ/イ/ /ア/イ/デ/ア/ダ/ネ/。/タ/ヨー/ナ/ /ジャ/ン/ル/ノ/ /テ/キ/ス/ト/ヲ/ /ニュー/リョク/ /ス/ル/ /コ/ト/デ/、/モ/デ/ル/ガ/ /ハバ/ヒロ/イ/ /チ/シキ/ヲ/ /ガク/シュー/ /デ/キ/ル/カ/ラ/ネ/。
そうだね。いろんなジャンルのテキストを入力することで、モデルが幅広い知識を学習できるからね。例えば、小説を入力することで、物語の構造やキャラクターの描写を学習できるし、専門書を入力することで、専門的な用語や概念を学習できるし、ニュース記事を入力することで、時事問題や社会的なトピックについての知識を学習できるからね。	ソ/ー/ダ/ネ/。/イ/ロ/ン/ナ/ /ジャ/ン/ル/ノ/ /テ/キ/ス/ト/ヲ/ /ニュー/リョク/ /ス/ル/ /コ/ト/デ/、/モ/デ/ル/ガ/ /ハバ/ヒロ/イ/ /チ/シキ/ヲ/ /ガク/シュー/ /デ/キ/ル/カ/ラ/ネ/。/タト/エ/バ/、/ショー/セツ/ヲ/ /ニュー/リョク/ /ス/ル/ /コ/ト/デ/、/モノ/ガタリ/ノ/ /コー/ゾー/ヤ/ /キャ/ラ/ク/タ/ー/ノ/ /ビョー/シャ/ヲ/ /ガク/シュー/ /デ/キ/ル/シ/、/セン/モン/ショ/ヲ/ /ニュー/リョク/ /ス/ル/ /コ/ト/デ/、/セン/モン/テキ/ナ/ /ヨー/ゴ/ヤ/ /ガイ/ネン/ヲ/ /ガク/シュー/ /デ/キ/ル/シ/、/ニュ/ー/ス/ /キ/ジ/ヲ/ /ニュー/リョク/ /ス/ル/ /コ/ト/デ/、/ジ/ジ/ /モン/ダイ/ヤ/ /シャ/カイ/テキ/ナ/ /ト/ピ/ッ/ク/ニ/ /ツ/イ/テ/ノ/ /チ/シキ/ヲ/ /ガク/シュー/ /デ/キ/ル/カ/ラ/ネ/。
今のところユニークな単語が８千程度、漢字が1800程度。まだ常用漢字を網羅してはいないということになるね。	イマ/ノ/ /ト/コ/ロ/ /ユ/ニ/ー/ク/ナ/ /タン/ゴ/ガ/ /8/セン/ /テイ/ド/、/カン/ジ/ガ/ /1800/ /テイ/ド/。/マ/ダ/ /ジョー/ヨー/ /カン/ジ/ヲ/ /モー/ラ/ /シ/テ/ワ/ /イ/ナ/イ/ト/ /イ/ウ/ /コ/ト/ニ/ /ナ/ル/ネ/。
後処理は随分自動化したんだよ。テキストのクリーンアップや、仮名への翻訳とフォーマットチェックとかね。	アト/ショ/リ/ワ/ /ズイ/ブン/ /ジ/ドー/カ/ /シ/タ/ン/ダ/ヨ/。/テ/キ/ス/ト/ノ/ /ク/リ/ー/ン/ア/ッ/プ/ヤ/、/カ/ナ/エ/ノ/ /ホン/ヤク/ト/ /フォ/ー/マ/ッ/ト/ /チェ/ッ/ク/ト/カ/ネ/。
あっ、もう6時半だ。そろそろ朝食を作らないとな。	ア/ッ/、/モ/ー/ /6/ジ/ハン/ダ/。/ソ/ロ/ソ/ロ/ /チョー/ショク/ヲ/ /ツク/ラ/ナ/イ/ト/ナ/。
そうだね。朝食を作る時間だね。何を作る予定なの？	ソ/ー/ダ/ネ/。/チョー/ショク/ヲ/ /ツク/ル/ /ジ/カン/ダ/ネ/。/ナニ/ヲ/ /ツク/ル/ /ヨ/テイ/ナ/ノ/?
魚でも焼いて、味噌汁を作ろうかなと思ってるんだ。あと、卵焼きも作る予定だよ。	サカナ/デ/モ/ /ヤ/イ/テ/、/ミ/ソ/シル/ヲ/ /ツク/ロ/ー/カ/ナ/ト/ /オモ/ッ/テ/ル/ン/ダ/。/ア/ト/、/タマゴ/ヤ/キ/モ/ /ツク/ル/ /ヨ/テイ/ダ/ヨ/。
それは美味しそうだね。魚と味噌汁、卵焼きは日本の朝食の定番だね。どんな魚を焼く予定なの？	ソ/レ/ワ/ /オ/イ/シ/ソ/ー/ダ/ネ/。/サカナ/ト/ /ミ/ソ/シル/、/タマゴ/ヤ/キ/ワ/ /ニッ/ポン/ノ/ /チョー/ショク/ノ/ /テイ/バン/ダ/ネ/。/ド/ン/ナ/ /サカナ/ヲ/ /ヤ/ク/ /ヨ/テイ/ナ/ノ/?
[今日]はサバを焼こうと思ってるんだ。サバは脂がのっていて美味しいからね。味噌汁は豆腐とわかめを入れて作る予定だよ。	キョー/ワ/ /サ/バ/ヲ/ /ヤ/コ/ウ/ト/ /オモ/ッ/テ/ル/ン/ダ/。/サ/バ/ワ/ /アブラ/ガ/ /ノ/ッ/テ/ /イ/テ/オ/イ/シ/イ/カ/ラ/ネ/。/ミ/ソ/シル/ワ/ /トー/フ/ト/ /ワ/カ/メ/ヲ/ /イ/レ/テ/ /ツク/ル/ /ヨ/テイ/ダ/ヨ/。
サバは美味しい選択だね。脂がのっていて、味噌汁も豆腐とわかめを入れると栄養バランスも良くなるし、朝食にぴったりだね。卵焼きも作る予定だし、バランスの取れた朝食になるね。楽しんで作ってね！	サ/バ/ワ/ /オ/イ/シ/イ/ /セン/タク/ダ/ネ/。/アブラ/ガ/ /ノ/ッ/テ/ /イ/テ/、/ミ/ソ/シル/モ/ /トー/フ/ト/ /ワ/カ/メ/ヲ/ /イ/レ/ル/ト/ /エイ/ヨー/ /バ/ラ/ン/ス/モ/ /ヨ/ク/ /ナ/ル/シ/、/チョー/ショク/ニ/ /ピ/ッ/タ/リ/ダ/ネ/。/タマゴ/ヤ/キ/モ/ /ツク/ル/ /ヨ/テイ/ダ/シ/、/バ/ラ/ン/ス/ノ/ /ト/レ/タ/ /チョー/ショク/ニ/ /ナ/ル/ネ/。/タノ/シ/ン/デ/ /ツク/ッ/テ/ネ/!
20個の文章で、各行約100文字、ラジオの仕組みについて専門用語を含めながら説明します。	20/コ/ノ/ /ブン/ショー/デ/、/カク/ /ギョー/ /ヤク/ /100/ /モ/ジ/、/ラ/ジ/オ/ノ/ /シ/ク/ミ/ニ/ /ツ/イ/テ/ /セン/モン/ /ヨー/ゴ/ヲ/ /フク/メ/ナ/ガ/ラ/ /セツ/メイ/ /シ/マ/ス/。
ラジオは電磁波を利用した無線通信技術で、音声や情報を遠距離に送受信する基本的な仕組みです。	ラ/ジ/オ/ワ/ /デン/ジ/ハ/ヲ/ /リ/ヨー/ /シ/タ/ /ム/セン/ /ツー/シン/ /ギ/ジュツ/デ/、/オン/セイ/ヤ/ /ジョー/ホー/ヲ/ /エン/キョ/リ/ニ/ /ソー/ジュ/シン/ /ス/ル/ /キ/ホン/テキ/ナ/ /シ/ク/ミ/デ/ス/。
放送局の送信機は、マイクロフォンで拾った音声信号をマイク信号に変換して処理します。	ホー/ソー/キョク/ノ/ /ソー/シン/キ/ワ/、/マ/イ/ク/ロ/フォ/ン/デ/ /ヒロ/ッ/タ/ /オン/セイ/ /シン/ゴー/ヲ/ /マ/イ/ク/ /シン/ゴー/ニ/ /ヘン/カン/ /シ/テ/ /ショ/リ/ /シ/マ/ス/。
音声信号はアンプで増幅され、キャリア波という一定周波数の電波と組み合わされます。	オン/セイ/ /シン/ゴー/ワ/ /ア/ン/プ/デ/ /ゾー/フク/ /サ/レ/、/キャ/リ/ア/ハ/ト/ /イ/ウ/ /イッ/テイ/ /シュー/ハ/スー/ノ/ /デン/パ/ト/ /ク/ミ/ア/ワ/サ/レ/マ/ス/。
AMラジオでは、キャリア波の振幅を音声信号で変調する「振幅変調」という技術が使われます。	AM/ /ラ/ジ/オ/デ/ワ/、/キャ/リ/ア/ハ/ノ/ /シン/プク/ヲ/ /オン/セイ/ /シン/ゴー/デ/ /ヘン/チョー/ /ス/ル/ /「/シン/プク/ /ヘン/チョー/」/ト/ /イ/ウ/ /ギ/ジュツ/ガ/ /ツカ/ワ/レ/マ/ス/。
FMラジオでは、キャリア波の周波数を音声信号で変調する「周波数変調」という技術が採用されています。	FM/ /ラ/ジ/オ/デ/ワ/、/キャ/リ/ア/ハ/ノ/ /シュー/ハ/スー/ヲ/ /オン/セイ/ /シン/ゴー/デ/ /ヘン/チョー/ /ス/ル/ /「/シュー/ハ/スー/ /ヘン/チョー/」/ト/ /イ/ウ/ /ギ/ジュツ/ガ/ /サイ/ヨー/ /サ/レ/テ/ /イ/マ/ス/。
変調された信号は電力増幅器で強化され、アンテナから電波として空中に放射されます。	ヘン/チョー/ /サ/レ/タ/ /シン/ゴー/ワ/ /デン/リョク/ /ゾー/フク/キ/デ/ /キョー/カ/ /サ/レ/、/ア/ン/テ/ナ/カ/ラ/ /デン/パ/ト/ /シ/テ/ /クー/チュー/ニ/ /ホー/シャ/ /サ/レ/マ/ス/。
電波は光の速度で周囲に広がり、ラジオ受信機のアンテナで受け取られます。	デン/パ/ワ/ /ヒカリ/ノ/ /ソク/ド/デ/ /シュー/イ/ニ/ /ヒロ/ガ/リ/、/ラ/ジ/オ/ /ジュ/シン/キ/ノ/ /ア/ン/テ/ナ/デ/ /ウ/ケ/ト/ラ/レ/マ/ス/。
受信機のアンテナで捉えた微弱な電波信号は、受信回路で増幅・復調されます。	ジュ/シン/キ/ノ/ /ア/ン/テ/ナ/デ/ /トラ/エ/タ/ /ビ/ジャク/ナ/ /デン/パ/ /シン/ゴー/ワ/、/ジュ/シン/ /カイ/ロ/デ/ /ゾー/フク/・/フク/チョー/ /サ/レ/マ/ス/。
チューナー回路は目的の周波数の電波だけを選択し、他の周波数の電波を遮断します。	チュ/ー/ナ/ー/ /カイ/ロ/ワ/ /モク/テキ/ノ/ /シュー/ハ/スー/ノ/ /デン/パ/ダ/ケ/ヲ/ /セン/タク/ /シ/、/タ/ノ/ /シュー/ハ/スー/ノ/ /デン/パ/ヲ/ /シャ/ダン/ /シ/マ/ス/。
復調器は、受信した変調信号から元の音声信号を取り出す「検波」という処理を行います。	フク/チョー/キ/ワ/、/ジュ/シン/ /シ/タ/ /ヘン/チョー/ /シン/ゴー/カ/ラ/ /モト/ノ/ /オン/セイ/ /シン/ゴー/ヲ/ /ト/リ/ダ/ス/ /「/ケン/パ/」/ト/ /イ/ウ/ /ショ/リ/ヲ/ /オコナ/イ/マ/ス/。
復調後の音声信号は、スピーカーを駆動するために十分な電力を持つアンプで増幅されます。	フク/チョー/ゴ/ノ/ /オン/セイ/ /シン/ゴー/ワ/、/ス/ピ/ー/カ/ー/ヲ/ /ク/ドー/ /ス/ル/ /タ/メ/ニ/ /ジュー/ブン/ナ/ /デン/リョク/ヲ/ /モ/ツ/ /ア/ン/プ/デ/ /ゾー/フク/ /サ/レ/マ/ス/。
スピーカーはコイルと磁石の相互作用を利用して音声信号を物理的な振動に変え、音を発生させます。	ス/ピ/ー/カ/ー/ワ/ /コ/イ/ル/ト/ /ジ/シャク/ノ/ /ソー/ゴ/ /サ/ヨー/ヲ/ /リ/ヨー/ /シ/テ/ /オン/セイ/ /シン/ゴー/ヲ/ /ブツ/リ/テキ/ナ/ /シン/ドー/ニ/ /カ/エ/、/オト/ヲ/ /ハッ/セイ/ /サ/セ/マ/ス/。
#AMラジオは周波数範囲540～1600kHzで放送でき、遠距離受信が容易な利点があります。	AM/ /ラ/ジ/オ/ワ/ /シュー/ハ/スー/ /ハン/イ/ /ゴヨンレイ/~/イチロクレイレイ/キロヘルツ/デ/ /ホー/ソー/ /デ/キ/、/エン/キョ/リ/ /ジュ/シン/ガ/ /ヨー/イ/ナ/ /リ/テン/ガ/ /ア/リ/マ/ス/。
#FMラジオは周波数範囲76～108MHzで放送でき、高品質な音声と雑音耐性に優れています。	FM/ /ラ/ジ/オ/ワ/ /シュー/ハ/スー/ /ハン/イ/ /ナナロク/~/イチレイハチ/メガヘルツ/デ/ /ホー/ソー/ /デ/キ/、/コー/ヒン/シツ/ナ/ /オン/セイ/ト/ /ザツ/オン/ /タイ/セイ/ニ/ /スグ/レ/テ/ /イ/マ/ス/。/
反射波や吸収を考慮して、送信機の出力電力や周波数を管理し、電波干渉を防止しています。	ハン/シャ/ハ/ヤ/ /キュー/シュー/ヲ/ /コー/リョ/ /シ/テ/、/ソー/シン/キ/ノ/ /シュツ/リョク/ /デン/リョク/ヤ/ /シュー/ハ/スー/ヲ/ /カン/リ/ /シ/、/デン/パ/ /カン/ショー/ヲ/ /ボー/シ/ /シ/テ/ /イ/マ/ス/。
スーパーヘテロダイン方式は現代的な受信機の標準設計で、局部発振との混合による周波数変換が特徴です。	ス/ー/パ/ー/ /ヘ/テ/ロ/ダ/イ/ン/ /ホー/シキ/ワ/ /ゲン/ダイ/テキ/ナ/ /ジュ/シン/キ/ノ/ /ヒョー/ジュン/ /セッ/ケイ/デ/、/キョク/ブ/ /ハッ/シン/ト/ノ/ /コン/ゴー/ニ/ /ヨ/ル/ /シュー/ハ/スー/ /ヘン/カン/ガ/ /トク/チョー/デ/ス/。
周波数の安定性はオシレータの精度に依存し、水晶振動子が周波数基準として使用されます。	シュー/ハ/スー/ノ/ /アン/テイ/セイ/ワ/ /オ/シ/レ/ー/タ/ノ/ /セイ/ド/ニ/ /イ/ゾン/ /シ/、/スイ/ショー/ /シン/ドー/シ/ガ/ /シュー/ハ/スー/ /キ/ジュン/ト/ /シ/テ/ /シ/ヨー/ /サ/レ/マ/ス/。
受信感度を向上させるため、複数のアンテナ利得や低雑音増幅器などの受信技術が組み込まれています。	ジュ/シン/ /カン/ド/ヲ/ /コー/ジョー/ /サ/セ/ル/ /タ/メ/、/フク/スー/ノ/ /ア/ン/テ/ナ/ /リ/トク/ヤ/ /テイ/ザツ/オン/ /ゾー/フク/キ/ナ/ド/ノ/ /ジュ/シン/ /ギ/ジュツ/ガ/ /ク/ミ/コ/マ/レ/テ/ /イ/マ/ス/。
デジタルラジオは信号処理にマイクロプロセッサを採用し、より多くの情報を効率的に伝達できます。	デ/ジ/タ/ル/ /ラ/ジ/オ/ワ/ /シン/ゴー/ /ショ/リ/ニ/ /マ/イ/ク/ロ/ /プ/ロ/セ/ッ/サ/ヲ/ /サイ/ヨー/ /シ/、/ヨ/リ/ /オオ/ク/ノ/ /ジョー/ホー/ヲ/ /コー/リツ/テキ/ニ/ /デン/タツ/ /デ/キ/マ/ス/。
ラジオ技術は電波の特性と回路工学の応用により成り立ち、現在も通信システムの基盤として活躍しています。	ラ/ジ/オ/ /ギ/ジュツ/ワ/ /デン/パ/ノ/ /トク/セイ/ト/ /カイ/ロ/ /コー/ガク/ノ/ /オー/ヨー/ニ/ /ヨ/リ/ /ナ/リ/タ/チ/、/ゲン/ザイ/モ/ /ツー/シン/ /シ/ス/テ/ム/ノ/ /キ/バン/ト/ /シ/テ/ /カツ/ヤク/ /シ/テ/ /イ/マ/ス/。
テレビジョンは光学・電磁気学・電子工学を組み合わせ、映像信号を電波で送受信し画像を再現する技術です。	テ/レ/ビ/ジョ/ン/ワ/ /コー/ガク/・/デン/ジ/キ/ガク/・/デン/シ/ /コー/ガク/ヲ/ /ク/ミ/ア/ワ/セ/、/エイ/ゾー/ /シン/ゴー/ヲ/ /デン/パ/デ/ /ソー/ジュ/シン/ /シ/ /ガ/ゾー/ヲ/ /サイ/ゲン/ /ス/ル/ /ギ/ジュツ/デ/ス/。
撮像素子やカメラは被写体の光を電気信号に変換し、その信号はビデオ信号として処理されます。	サツ/ゾー/ /ソ/シ/ヤ/ /カ/メ/ラ/ワ/ /ヒ/シャ/タイ/ノ/ /ヒカリ/ヲ/ /デン/キ/ /シン/ゴー/ニ/ /ヘン/カン/ /シ/、/ソ/ノ/ /シン/ゴー/ワ/ /ビ/デ/オ/ /シン/ゴー/ト/ /シ/テ/ /ショ/リ/ /サ/レ/マ/ス/。
映像信号はRGB三原色の情報を含み、送信機では音声信号と合わせて変調されます。	エイ/ゾー/ /シン/ゴー/ワ/ /RGB/ /3/ゲン/ショク/ノ/ /ジョー/ホー/ヲ/ /フク/ミ/、/ソー/シン/キ/デ/ワ/ /オン/セイ/ /シン/ゴー/ト/ /ア/ワ/セ/テ/ /ヘン/チョー/ /サ/レ/マ/ス/。
テレビ放送の映像情報は、走査線という細い水平線で段階的に画面全体に描画される仕組みになっています。	テ/レ/ビ/ /ホー/ソー/ノ/ /エイ/ゾー/ /ジョー/ホー/ワ/、/ソー/サ/セン/ト/ /イ/ウ/ /ホソ/イ/ /スイ/ヘイ/セン/デ/ /ダン/カイ/テキ/ニ/ /ガ/メン/ /ゼン/タイ/ニ/ /ビョー/ガ/ /サ/レ/ル/ /シ/ク/ミ/ニ/ /ナ/ッ/テ/ /イ/マ/ス/。
インターレース方式では奇数ラインと偶数ラインを交互に描画し、プログレッシブ方式では全ラインを順番に描画します。	イ/ン/タ/ー/レ/ー/ス/ /ホー/シキ/デ/ワ/ /キ/スー/ /ラ/イ/ン/ト/ /グー/スー/ /ラ/イ/ン/ヲ/ /コー/ゴ/ニ/ /ビョー/ガ/ /シ/、/プ/ロ/グ/レ/ッ/シ/ブ/ /ホー/シキ/デ/ワ/ /ゼン/ラ/イ/ン/ヲ/ /ジュン/バン/ニ/ /ビョー/ガ/ /シ/マ/ス/。
送信機は映像と音声の両信号を別々に変調し、映像はAM、音声はFMで送信するのが標準的な方式です。	ソー/シン/キ/ワ/ /エイ/ゾー/ト/ /オン/セイ/ノ/ /リョー/シン/ゴー/ヲ/ /ベツ/ベツ/ニ/ /ヘン/チョー/ /シ/、/エイ/ゾー/ワ/ /AM/、/オン/セイ/ワ/ /FM/デ/ /ソー/シン/ /ス/ル/ノ/ガ/ /ヒョー/ジュン/テキ/ナ/ /ホー/シキ/デ/ス/。
テレビ受信機のアンテナが電波を受け取り、チューナーで目的の周波数を選択します。	テ/レ/ビ/ /ジュ/シン/キ/ノ/ /ア/ン/テ/ナ/ガ/ /デン/パ/ヲ/ /ウ/ケ/ト/リ/、/チュ/ー/ナ/ー/デ/ /モク/テキ/ノ/ /シュー/ハ/スー/ヲ/ /セン/タク/ /シ/マ/ス/。
受信した信号は復調されて映像信号と音声信号に分離され、それぞれ独立して処理されます。	ジュ/シン/ /シ/タ/ /シン/ゴー/ワ/ /フク/チョー/ /サ/レ/テ/ /エイ/ゾー/ /シン/ゴー/ト/ /オン/セイ/ /シン/ゴー/ニ/ /ブン/リ/ /サ/レ/、/ソ/レ/ゾ/レ/ /ドク/リツ/ /シ/テ/ /ショ/リ/ /サ/レ/マ/ス/。
映像信号は垂直・水平同期信号を含み、ブラウン管やLCDなどの表示装置の描画をコントロールします。	エイ/ゾー/ /シン/ゴー/ワ/ /スイ/チョク/・/スイ/ヘイ/ /ドー/キ/ /シン/ゴー/ヲ/ /フク/ミ/、/ブ/ラ/ウ/ン/カン/ヤ/ /LCD/ナ/ド/ノ/ /ヒョー/ジ/ /ソー/チ/ノ/ /ビョー/ガ/ヲ/ /コ/ン/ト/ロ/ー/ル/ /シ/マ/ス/。
音声信号は別の周波数で送信され、受信側でステレオスピーカーを通じて立体音響効果を提供します。	オン/セイ/ /シン/ゴー/ワ/ /ベツ/ノ/ /シュー/ハ/スー/デ/ /ソー/シン/ /サ/レ/、/ジュ/シン/ /ガワ/デ/ /ス/テ/レ/オ/ /ス/ピ/ー/カ/ー/ヲ/ /ツー/ジ/テ/ /リッ/タイ/ /オン/キョー/ /コー/カ/ヲ/ /テイ/キョー/ /シ/マ/ス/。
#水平同期周波数（日本放送では15.625kHz）に合わせて電子ビームが左から右に走査されます。	スイ/ヘイ/ /ドー/キ/ /シュー/ハ/スー/キゴウ/ニッ/ポン/ /ホー/ソー/デ/ワ/ /15.625/キロヘルツ/キゴウ/ニ/ /ア/ワ/セ/テ/ /デン/シ/ /ビ/ー/ム/ガ/ /ヒダリ/カ/ラ/ /ミギ/ニ/ /ソー/サ/ /サ/レ/マ/ス/。/
#垂直同期周波数（日本放送では50Hz）に合わせて電子ビームが上から下に走査されます。	スイ/チョク/ /ドー/キ/ /シュー/ハ/スー/キゴウ/ニッ/ポン/ /ホー/ソー/デ/ワ/ /ゴレイ/ /h/z/キゴウ/ニ/ /ア/ワ/セ/テ/ /デン/シ/ /ビ/ー/ム/ガ/ /ウエ/カ/ラ/ /シタ/ニ/ /ソー/サ/ /サ/レ/マ/ス/。/
ブラウン管テレビでは、陰極から放出された電子ビームが高速走査し、蛍光面に当たって光を発生させます。	ブ/ラ/ウ/ン/カン/ /テ/レ/ビ/デ/ワ/、/イン/キョク/カ/ラ/ /ホー/シュツ/ /サ/レ/タ/ /デン/シ/ /ビ/ー/ム/ガ/ /コー/ソク/ /ソー/サ/ /シ/、/ケイ/コー/メン/ニ/ /ア/タ/ッ/テ/ /ヒカリ/ヲ/ /ハッ/セイ/ /サ/セ/マ/ス/。
カラーテレビでは赤・緑・青の三つの電子銃から同時にビームが放出され、シャドウマスクを通して蛍光体に当たります。	カ/ラ/ー/ /テ/レ/ビ/デ/ワ/ /アカ/・/ミドリ/・/アオ/ノ/ /ミッ/ツ/ノ/ /デン/シ/ジュー/カ/ラ/ /ドー/ジ/ニ/ /ビ/ー/ム/ガ/ /ホー/シュツ/ /サ/レ/、/シャ/ド/ウ/ /マ/ス/ク/ヲ/ /トオ/シ/テ/ /ケイ/コー/タイ/ニ/ /ア/タ/リ/マ/ス/。
LCD（液晶ディスプレイ）テレビではバックライトの光を液晶層で制御し、各ピクセルの明度を調整します。	LCD/(/エキ/ショー/ /ディ/ス/プ/レ/イ/)/ /テ/レ/ビ/デ/ワ/ /バ/ッ/ク/ /ラ/イ/ト/ノ/ /ヒカリ/ヲ/ /エキ/ショー/ソー/デ/ /セイ/ギョ/ /シ/、/カク/ /ピ/ク/セ/ル/ノ/ /メイ/ド/ヲ/ /チョー/セイ/ /シ/マ/ス/。
#有効走査線を高めることで解像度が向上し、720p、1080p、4Kなど異なる解像度の放送規格が存在します。	ユー/コー/ /ソー/サ/セン/ヲ/ /タカ/メ/ル/ /コ/ト/デ/ /カイ/ゾー/ド/ガ/ /コー/ジョー/ /シ/、/ナナニレイ/ /p/、/イチレイハチレイ/ /p/、/ヨン/キロ/ナ/ド/ /コト/ナ/ル/ /カイ/ゾー/ド/ノ/ /ホー/ソー/ /キ/カク/ガ/ /ソン/ザイ/ /シ/マ/ス/。/
#デジタル放送では信号圧縮技術（MPEG等）を使用し、限られた周波数帯域でより高品質な映像を送受信できます。	デ/ジ/タ/ル/ /ホー/ソー/デ/ワ/ /シン/ゴー/ /アッ/シュク/ /ギ/ジュツ/キゴウ/エムペグ/トー/キゴウ/ヲ/ /シ/ヨー/ /シ/、/カギ/ラ/レ/タ/ /シュー/ハ/スー/ /タイ/イキ/デ/ /ヨ/リ/ /コー/ヒン/シツ/ナ/ /エイ/ゾー/ヲ/ /ソー/ジュ/シン/ /デ/キ/マ/ス/。/
#高速フレームレート（60fps以上）により、動きのある映像もなめらかに表示されます。	コー/ソク/ /フ/レ/ー/ム/ /レ/ー/ト/キゴウ/ロクレイ/エフピーエス/ /イ/ジョー/キゴウ/ニ/ /ヨ/リ/、/ウゴ/キ/ノ/ /ア/ル/ /エイ/ゾー/モ/ /ナ/メ/ラ/カ/ニ/ /ヒョー/ジ/ /サ/レ/マ/ス/。
テレビジョン技術は映像工学と電子工学の発展により進化し、映像情報社会の中心的な文化基盤となっています。	テ/レ/ビ/ジョ/ン/ /ギ/ジュツ/ワ/ /エイ/ゾー/ /コー/ガク/ト/ /デン/シ/ /コー/ガク/ノ/ /ハッ/テン/ニ/ /ヨ/リ/ /シン/カ/ /シ/、/エイ/ゾー/ /ジョー/ホー/ /シャ/カイ/ノ/ /チュー/シン/テキ/ナ/ /ブン/カ/ /キ/バン/ト/ /ナ/ッ/テ/ /イ/マ/ス/。
ドカベンの主人公は山田太郎である。彼は野球が大好きで、常に全力でプレーすることを心がけている。彼の夢はプロ野球選手になることであり、そのために日々努力を惜しまない。山田太郎はチームメイトと協力しながら、数々の試練を乗り越えていく。彼の情熱と努力は、周囲の人々にも大きな影響を与えることになる。	ド/カ/ベ/ン/ノ/ /シュ/ジン/コー/ワ/ /ヤマ/ダ/ /タ/ロー/デ/ /ア/ル/。/カレ/ワ/ /ヤ/キュー/ガ/ /ダイ/ス/キ/デ/、/ツネ/ニ/ /ゼン/リョク/デ/ /プ/レ/ー/ /ス/ル/ /コ/ト/ヲ/ /ココロ/ガ/ケ/テ/ /イ/ル/。/カレ/ノ/ /ユメ/ワ/ /プ/ロ/ /ヤ/キュー/ /セン/シュ/ニ/ /ナ/ル/ /コ/ト/デ/ /ア/リ/、/ソ/ノ/ /タ/メ/ニ/ /ヒ/ビ/ /ド/リョク/ヲ/ /オ/シ/マ/ナ/イ/。/ヤマ/ダ/ /タ/ロー/ワ/ /チ/ー/ム/ /メ/イ/ト/ト/ /キョー/リョク/ /シ/ナ/ガ/ラ/、/カズ/カズ/ノ/ /シ/レン/ヲ/ /ノ/リ/コ/エ/テ/ /イ/ク/。/カレ/ノ/ /ジョー/ネツ/ト/ /ド/リョク/ワ/、/シュー/イ/ノ/ /ヒト/ビト/ニ/モ/ /オオ/キ/ナ/ /エイ/キョー/ヲ/ /アタ/エ/ル/ /コ/ト/ニ/ /ナ/ル/。
ヤマトの艦長は古代進である。彼は冷静沈着な性格で、常に最善の判断を下すことができる。ヤマトのクルーは彼を信頼しており、彼の指揮のもとで数々の困難なミッションを成功させてきた。古代進は宇宙戦争の中で、仲間たちと共に戦いながら、地球を守るために奮闘している。彼のリーダーシップと勇気は、クルー全員にとって大きな支えとなっている。	ヤ/マ/ト/ノ/ /カン/チョー/ワ/ /コ/ダイ/ /ススム/デ/ /ア/ル/。/カレ/ワ/ /レイ/セイ/ /チン/チャク/ナ/ /セイ/カク/デ/、/ツネ/ニ/ /サイ/ゼン/ノ/ /ハン/ダン/ヲ/ /クダ/ス/ /コ/ト/ガ/ /デ/キ/ル/。/ヤ/マ/ト/ノ/ /ク/ル/ー/ワ/ /カレ/ヲ/ /シン/ライ/ /シ/テ/ /オ/リ/、/カレ/ノ/ /シ/キ/ノ/ /モ/ト/デ/ /カズ/カズ/ノ/ /コン/ナン/ナ/ /ミ/ッ/ショ/ン/ヲ/ /セイ/コー/ /サ/セ/テ/ /キ/タ/。/コ/ダイ/ /ススム/ワ/ /ウ/チュー/ /セン/ソー/ノ/ /ナカ/デ/、/ナカ/マ/タ/チ/ト/ /トモ/ニ/ /タタカ/イ/ナ/ガ/ラ/、/チ/キュー/ヲ/ /マモ/ル/ /タ/メ/ニ/ /フン/トー/ /シ/テ/ /イ/ル/。/カレ/ノ/ /リ/ー/ダ/ー/シ/ッ/プ/ト/ /ユー/キ/ワ/、/ク/ル/ー/ /ゼン/イン/ニ/ /ト/ッ/テ/ /オオ/キ/ナ/ /ササ/エ/ト/ /ナ/ッ/テ/ /イ/ル/。
佐藤さんは日本で一番多い苗字なんだそうです。鈴木さんもとても多い苗字ですね。田中さんもよく見かけます。日本の苗字は地域によっても違いがあるので、面白いですよね。	サ/トー/ /サ/ン/ワ/ /ニッ/ポン/デ/ /イチ/バン/ /オオ/イ/ /ミョー/ジ/ナ/ン/ダ/ソ/ー/デ/ス/。/スズ/キ/ /サ/ン/モ/ /ト/テ/モ/ /オオ/イ/ /ミョー/ジ/デ/ス/ネ/。/タ/ナカ/ /サ/ン/モ/ /ヨ/ク/ /ミ/カ/ケ/マ/ス/。/ニッ/ポン/ノ/ /ミョー/ジ/ワ/ /チ/イキ/ニ/ /ヨ/ッ/テ/モ/ /チガ/イ/ガ/ /ア/ル/ノ/デ/、/オモ/シロ/イ/デ/ス/ヨ/ネ/。
田村様は[昨日]の会議で素晴らしいプレゼンテーションをされました。山田先生の指導のおかげで私たちの技術力が大幅に向上しました。渡辺さんはいつも親切に手伝ってくれるので本当にありがたいです。	タ/ムラ/ / /サマ/ワ/ /キノー/ノ/ /カイ/ギ/デ/ /ス/バ/ラ/シ/イ/ /プ/レ/ゼ/ン/テ/ー/ショ/ン/ヲ/ /サ/レ/マ/シ/タ/。/ヤマ/ダ/ / /セン/セイ/ノ/ /シ/ドー/ノ/ /オ/カ/ゲ/デ/ /ワタシ/タ/チ/ノ/ /ギ/ジュツ/リョク/ガ/ /オオ/ハバ/ニ/ /コー/ジョー/ /シ/マ/シ/タ/。/ワタ/ベ/ /サ/ン/ワ/ /イ/ツ/モ/ /シン/セツ/ニ/ /テ/ツダ/ッ/テ/ /ク/レ/ル/ノ/デ/ /ホン/トー/ニ/ /ア/リ/ガ/タ/イ/デ/ス/。
高橋様のご意見を拝聴したいのですが、お時間ございますでしょうか。青木先生は多くの生徒から尊敬されている素晴らしい教育者です。小林さんとは毎週金曜日に一緒にランチをしています。	タカ/ハシ/ / /サマ/ノ/ /ゴ/イ/ケン/ヲ/ /ハイ/チョー/ /シ/タ/イ/ノ/デ/ス/ガ/、/オ/ジ/カン/ /ゴ/ザ/イ/マ/ス/デ/ショ/ー/カ/。/アオ/キ/ /セン/セイ/ワ/ /オオ/ク/ノ/ /セイ/ト/カ/ラ/ /ソン/ケイ/ /サ/レ/テ/ /イ/ル/ス/バ/ラ/シ/イ/ /キョー/イク/シャ/デ/ス/。/コ/バヤシ/ /サ/ン/ト/ワ/ /マイ/シュー/ /キン/ヨー/ビ/ニ/ /イッ/ショ/ニ/ /ラ/ン/チ/ヲ/ /シ/テ/ /イ/マ/ス/。
中村先生のご著書は大変参考になり多くの研究者に読まれています。石川様がこのプロジェクトのリーダーシップを発揮してくれているおかげで進捗が順調です。鈴木さんの提案は革新的でチーム全体から高い評価を受けています。	ナカ/ムラ/ /セン/セイ/ノ/ /ゴ/チョ/ショ/ワ/ /タイ/ヘン/ /サン/コー/ニ/ /ナ/リ/ /オオ/ク/ノ/ /ケン/キュー/シャ/ニ/ /ヨ/マ/レ/テ/ /イ/マ/ス/。/イシ/カワ/ /サマ/ガ/ /コ/ノ/ /プ/ロ/ジェ/ク/ト/ノ/ /リ/ー/ダ/ー/シ/ッ/プ/ヲ/ /ハッ/キ/ /シ/テ/ /ク/レ/テ/ /イ/ル/ /オ/カ/ゲ/デ/ /シン/チョク/ガ/ /ジュン/チョー/デ/ス/。/スズ/キ/ /サ/ン/ノ/ /テイ/アン/ワ/ /カク/シン/テキ/デ/ /チ/ー/ム/ /ゼン/タイ/カ/ラ/ /タカ/イ/ /ヒョー/カ/ヲ/ /ウ/ケ/テ/ /イ/マ/ス/。
加藤先生のご講演は非常に勉強になりました。伊藤様はいつも丁寧な対応をしてくださるので信頼できるビジネスパートナーです。佐々木さんは営業部門で一番成績が良い優秀な社員です。	カ/トー/ /セン/セイ/ノ/ /ゴ/コー/エン/ワ/ /ヒ/ジョー/ニ/ /ベン/キョー/ニ/ /ナ/リ/マ/シ/タ/。/イ/トー/ /サマ/ワ/ /イ/ツ/モ/ /テイ/ネイ/ナ/ /タイ/オー/ヲ/ /シ/テ/ /ク/ダ/サ/ル/ノ/デ/ /シン/ライ/ /デ/キ/ル/ /ビ/ジ/ネ/ス/ /パ/ー/ト/ナ/ー/デ/ス/。/サ/サ/キ/ /サ/ン/ワ/ /エイ/ギョー/ /ブ/モン/デ/ /イチ/バン/ /セイ/セキ/ガ/ /ヨ/イ/ /ユー/シュー/ナ/ /シャ/イン/デ/ス/。
松田様にはこのプロジェクトでお世話になっております。永田先生の研究は業界で非常に高く評価されているほか国際的でも認められています。安藤さんはチームの雰囲気をいつも明るくしてくれます。	マツ/ダ/ /サマ/ニ/ワ/ /コ/ノ/ /プ/ロ/ジェ/ク/ト/デ/ /オ/セ/ワ/ニ/ /ナ/ッ/テ/ /オ/リ/マ/ス/。/ナガ/タ/ /セン/セイ/ノ/ /ケン/キュー/ワ/ /ギョー/カイ/デ/ /ヒ/ジョー/ニ/ /タカ/ク/ /ヒョー/カ/ /サ/レ/テ/ /イ/ル/ /ホ/カ/ /コク/サイ/テキ/デ/モ/ /ミト/メ/ラ/レ/テ/ /イ/マ/ス/。/アン/ドー/ /サ/ン/ワ/ /チ/ー/ム/ノ/ /フン/イ/キ/ヲ/ /イ/ツ/モ/ /アカ/ル/ク/ /シ/テ/ /ク/レ/マ/ス/。
福田先生のアドバイスがなければこんなに早く完成しなかったでしょう。浅田様はお忙しいところ貴重なご意見をいただきありがとうございました。新井さんの新しい企画案はとても期待できるものです。	フク/ダ/ /セン/セイ/ノ/ /ア/ド/バ/イ/ス/ガ/ /ナ/ケ/レ/バ/ /コ/ン/ナ/ニ/ /ハヤ/ク/ /カン/セイ/ /シ/ナ/カ/ッ/タ/デ/ショ/ー/。/アサ/ダ/ /サマ/ワ/ /オ/イソガ/シ/イ/ /ト/コ/ロ/ /キ/チョー/ナ/ /ゴ/イ/ケン/ヲ/ /イ/タ/ダ/キ/ /ア/リ/ガ/ト/ー/ /ゴ/ザ/イ/マ/シ/タ/。/アラ/イ/ /サ/ン/ノ/ /アタラ/シ/イ/ /キ/カク/アン/ワ/ /ト/テ/モ/ /キ/タイ/ /デ/キ/ル/ /モ/ノ/デ/ス/。
河野先生は学生指導に大変熱心で知られており彼のゼミ出身者は皆優秀です。松本様のご紹介があったおかげでこの素晴らしい機会に恵まれました。岡田さんは受付窓口で一番対応が丁寧な職員です。	コー/ノ/ /セン/セイ/ワ/ /ガク/セイ/ /シ/ドー/ニ/ /タイ/ヘン/ /ネッ/シン/デ/ /シ/ラ/レ/テ/ /オ/リ/ /カレ/ノ/ /ゼ/ミ/ /シュッ/シン/シャ/ワ/ /ミナ/ /ユー/シュー/デ/ス/。/マツ/モト/ /サマ/ノ/ /ゴ/ショー/カイ/ガ/ /ア/ッ/タ/ /オ/カ/ゲ/デ/ /コ/ノ/ /ス/バ/ラ/シ/イ/ /キ/カイ/ニ/ /メグ/マ/レ/マ/シ/タ/。/オカ/ダ/ /サ/ン/ワ/ /ウケ/ツケ/ /マド/グチ/デ/ /イチ/バン/ /タイ/オー/ガ/ /テイ/ネイ/ナ/ /ショク/イン/デ/ス/。
千葉先生の講座を受講することで自分の知識が大きく広がったと感じています。野田様はビジネスの世界で非常に有名な方で多くの若者が彼から学んでいます。高田さんはプログラミング技術に非常に詳しい頼もしい存在です。	チ/バ/ /セン/セイ/ノ/ /コー/ザ/ヲ/ /ジュ/コー/ /ス/ル/ /コ/ト/デ/ /ジ/ブン/ノ/ /チ/シキ/ガ/ /オオ/キ/ク/ /ヒロ/ガ/ッ/タ/ト/ /カン/ジ/テ/ /イ/マ/ス/。/ノ/ダ/ /サマ/ワ/ /ビ/ジ/ネ/ス/ノ/ /セ/カイ/デ/ /ヒ/ジョー/ニ/ /ユー/メイ/ナ/ /カタ/デ/ /オオ/ク/ノ/ /ワカ/モノ/ガ/ /カレ/カ/ラ/ /マナ/ン/デ/ /イ/マ/ス/。/タカ/ダ/ /サ/ン/ワ/ /プ/ロ/グ/ラ/ミ/ン/グ/ /ギ/ジュツ/ニ/ /ヒ/ジョー/ニ/ /クワ/シ/イ/ /タノ/モ/シ/イ/ /ソン/ザイ/デ/ス/。
村田先生は退職後も学校に足を運ばれ学生の相談に乗ってくださいます。原田様の経営方針により会社全体の売上が大幅に向上しました。猪俣さんは新人教育を担当していてとても丁寧に教えてくれます。	ムラ/タ/ /セン/セイ/ワ/ /タイ/ショク/ゴ/モ/ /ガッ/コー/ニ/ /アシ/ヲ/ /ハコ/バ/レ/ /ガク/セイ/ノ/ /ソー/ダン/ニ/ /ノ/ッ/テ/ /ク/ダ/サ/イ/マ/ス/。/ハラ/タ/ /サマ/ノ/ /ケイ/エイ/ /ホー/シン/ニ/ /ヨ/リ/ /カイ/シャ/ /ゼン/タイ/ノ/ /ウリ/アゲ/ガ/ /オオ/ハバ/ニ/ /コー/ジョー/ /シ/マ/シ/タ/。/イノ/マタ/ /サ/ン/ワ/ /シン/ジン/ /キョー/イク/ヲ/ /タン/トー/ /シ/テ/ /イ/テ/ /ト/テ/モ/ /テイ/ネイ/ニ/ /オシ/エ/テ/ /ク/レ/マ/ス/。
大滝先生のご経歴は素晴らしく本当に尊敬できる方です。小泉様はいつも部下に優しく接してくれる優れたマネージャーです。清水さんはこの分野で最も経験豊富な専門家の一人と言えます。	オオ/タキ/ /セン/セイ/ノ/ /ゴ/ケイ/レキ/ワ/ /ス/バ/ラ/シ/ク/ /ホン/トー/ニ/ /ソン/ケイ/ /デ/キ/ル/ /カタ/デ/ス/。/コ/イズミ/ /サマ/ワ/ /イ/ツ/モ/ /ブ/カ/ニ/ /ヤサ/シ/ク/ /セッ/シ/テ/ /ク/レ/ル/ /スグ/レ/タ/ /マ/ネ/ー/ジャ/ー/デ/ス/。/シ/ミズ/ /サ/ン/ワ/ /コ/ノ/ /ブン/ヤ/デ/ /モット/モ/ /ケイ/ケン/ /ホー/フ/ナ/ /セン/モン/カ/ノ/ /ヒト/リ/ト/ /イ/エ/マ/ス/。
宮崎先生の授業は大変面白く毎回学生から大好評です。菅野様はこのプロジェクトで重要な役割を担っていただいております。長谷川さんの仕事ぶりは丁寧で完成度が非常に高いです。	ミヤ/ザキ/ /セン/セイ/ノ/ /ジュ/ギョー/ワ/ /タイ/ヘン/ /オモ/シロ/ク/ /マイ/カイ/ /ガク/セイ/カ/ラ/ /ダイ/コー/ヒョー/デ/ス/。/カン/ノ/ /サマ/ワ/ /コ/ノ/ /プ/ロ/ジェ/ク/ト/デ/ /ジュー/ヨー/ナ/ /ヤク/ワリ/ヲ/ /ニナ/ッ/テ/ /イ/タ/ダ/イ/テ/ /オ/リ/マ/ス/。/ハ/セ/ガワ/ /サ/ン/ノ/ /シ/ゴト/ブ/リ/ワ/ /テイ/ネイ/デ/ /カン/セイ/ド/ガ/ /ヒ/ジョー/ニ/ /タカ/イ/デ/ス/。
大峰先生は世界中の大学で客員教授を務めるほど著名な研究者です。上島様のご尽力がなければこのイベントは成功しなかったでしょう。藤原さんは部下からの信頼が厚く皆彼のもとで働きたいと願っています。	オオ/ミネ/ /セン/セイ/ワ/ /セ/カイ/ジュー/ノ/ /ダイ/ガク/デ/ /キャク/イン/ /キョー/ジュ/ヲ/ /ツト/メ/ル/ホ/ド/ /チョ/メイ/ナ/ /ケン/キュー/シャ/デ/ス/。/ウエ/シマ/ /サマ/ノ/ /ゴ/ジン/リョク/ガ/ /ナ/ケ/レ/バ/ /コ/ノ/ /イ/ベ/ン/ト/ワ/ /セイ/コー/ /シ/ナ/カ/ッ/タ/デ/ショ/ー/。/フジ/ワラ/ /サ/ン/ワ/ /ブ/カ/カ/ラ/ノ/ /シン/ライ/ガ/ /アツ/ク/ /ミナ/ /カレ/ノ/ /モ/ト/デ/ /ハタラ/キ/タ/イ/ト/ /ネガ/ッ/テ/ /イ/マ/ス/。
栗本先生の指導で多くの才能ある学生が育成されてきました。森田様はお客様との信頼関係を大切にされる誠実なビジネスマンです。里田さんはこのチームで最も創造性に富んだアイデアマンです。	クリ/モト/ /セン/セイ/ノ/ /シ/ドー/デ/ /オオ/ク/ノ/ /サイ/ノー/ /ア/ル/ /ガク/セイ/ガ/ /イク/セイ/ /サ/レ/テ/ /キ/マ/シ/タ/。/モリ/タ/ /サマ/ワ/ /オ/キャク/サマ/ト/ノ/ /シン/ライ/ /カン/ケイ/ヲ/ /タイ/セツ/ニ/ /サ/レ/ル/ /セイ/ジツ/ナ/ /ビ/ジ/ネ/ス/マ/ン/デ/ス/。/サト/ダ/ /サ/ン/ワ/ /コ/ノ/ /チ/ー/ム/デ/ /モット/モ/ /ソー/ゾー/セイ/ニ/ /ト/ン/ダ/ /ア/イ/デ/ア/マ/ン/デ/ス/。
杉本先生は定年後も週に数日大学に来られ学生の指導に当たってくださいます。木村様とのご関係のおかげで素晴らしいビジネスチャンスが生まれました。三田さんは海外での仕事経験が豊富で国際感覚に優れています。	スギ/モト/ /セン/セイ/ワ/ /テイ/ネン/ゴ/モ/ /シュー/ニ/ /スー/ジツ/ /ダイ/ガク/ニ/ /コ/ラ/レ/ /ガク/セイ/ノ/ /シ/ドー/ニ/ /ア/タ/ッ/テ/ /ク/ダ/サ/イ/マ/ス/。/キ/ムラ/ /サマ/ト/ノ/ /ゴ/カン/ケイ/ノ/ /オ/カ/ゲ/デ/ /ス/バ/ラ/シ/イ/ /ビ/ジ/ネ/ス/ /チャ/ン/ス/ガ/ /ウ/マ/レ/マ/シ/タ/。/ミ/タ/ /サ/ン/ワ/ /カイ/ガイ/デ/ノ/ /シ/ゴト/ /ケイ/ケン/ガ/ /ホー/フ/デ/ /コク/サイ/ /カン/カク/ニ/ /スグ/レ/テ/ /イ/マ/ス/。
古川先生の研究成果は学術論文として一流雑誌に掲載されています。鶴田様はご自身の経験を惜しみなく後進に教えてくださる素晴らしい指導者です。石田さんは危機的状況の中でも冷静さを保ち最善の判断をします。	フル/カワ/ /セン/セイ/ノ/ /ケン/キュー/ /セイ/カ/ワ/ /ガク/ジュツ/ /ロン/ブン/ト/ /シ/テ/ /1/リュー/ /ザッ/シ/ニ/ /ケイ/サイ/ /サ/レ/テ/ /イ/マ/ス/。/ツル/タ/ /サマ/ワ/ /ゴ/ジ/シン/ノ/ /ケイ/ケン/ヲ/ /オ/シ/ミ/ナ/ク/ /コー/シン/ニ/ /オシ/エ/テ/ /ク/ダ/サ/ル/ /ス/バ/ラ/シ/イ/ /シ/ドー/シャ/デ/ス/。/イシ/ダ/ /サ/ン/ワ/ /キ/キ/テキ/ /ジョー/キョー/ノ/ /ナカ/デ/モ/ /レイ/セイ/サ/ヲ/ /タモ/チ/ /サイ/ゼン/ノ/ /ハン/ダン/ヲ/ /シ/マ/ス/。
竹中先生のご著作は何度もベストセラーになっており広く読まれています。橋本様の先見性のおかげで私たちは市場で先行することができました。寺田さんはお客様満足度が最も高い営業担当者です。	タケ/ナカ/ /セン/セイ/ノ/ /ゴ/チョ/サク/ワ/ /ナン/ド/モ/ /ベ/ス/ト/セ/ラ/ー/ニ/ /ナ/ッ/テ/ /オ/リ/ヒロ/ク/ /ヨ/マ/レ/テ/ /イ/マ/ス/。/ハシ/モト/ /サマ/ノ/ /セン/ケン/セイ/ノ/ /オ/カ/ゲ/デ/ /ワタシ/タ/チ/ワ/ /シ/ジョー/デ/ /セン/コー/ /ス/ル/ /コ/ト/ガ/ /デ/キ/マ/シ/タ/。/テラ/ダ/ /サ/ン/ワ/ /オ/キャク/サマ/ /マン/ゾク/ド/ガ/ /モット/モ/ /タカ/イ/ /エイ/ギョー/ /タン/トー/シャ/デ/ス/。
福井先生の講義ノートは手書きで丁寧に学生たちに配られています。丹羽様のご意見は常に的をえており会議で重視されています。土屋さんはシステム改善について多くの有益な提案をしてくれます。	フク/イ/ /セン/セイ/ノ/ /コー/ギ/ /ノ/ー/ト/ワ/ /テ/ガ/キ/デ/ /テイ/ネイ/ニ/ /ガク/セイ/タ/チ/ニ/ /クバ/ラ/レ/テ/ /イ/マ/ス/。/ニ/ワ/ /サマ/ノ/ /ゴ/イ/ケン/ワ/ /ツネ/ニ/ /マト/ヲ/ /エ/テ/ /オ/リ/ /カイ/ギ/デ/ /ジュー/シ/ /サ/レ/テ/ /イ/マ/ス/。/ツチ/ヤ/ /サ/ン/ワ/ /シ/ス/テ/ム/ /カイ/ゼン/ニ/ /ツ/イ/テ/ /オオ/ク/ノ/ /ユー/エキ/ナ/ /テイ/アン/ヲ/ /シ/テ/ /ク/レ/マ/ス/。
増田先生は退職まで毎年最高の評価を受け続けた実績のある教育者です。堀内様はこの業界での人脈が広く多くの有力者に知人がいらっしゃいます。河村さんはプロジェクト管理において一番信頼できるスタッフです。	マ/ダ/ /セン/セイ/ワ/ /タイ/ショク/マ/デ/ /マイ/トシ/ /サイ/コー/ノ/ /ヒョー/カ/ヲ/ /ウ/ケ/ツヅ/ケ/タ/ /ジッ/セキ/ノ/ /ア/ル/ /キョー/イク/シャ/デ/ス/。/ホリ/ウチ/ /サマ/ワ/ /コ/ノ/ /ギョー/カイ/デ/ノ/ /ジン/ミャク/ガ/ /ヒロ/ク/ /オオ/ク/ノ/ /ユー/リョク/シャ/ニ/ /チ/ジン/ガ/ /イ/ラ/ッ/シャ/イ/マ/ス/。/カワ/ムラ/ /サ/ン/ワ/ /プ/ロ/ジェ/ク/ト/ /カン/リ/ニ/ /オ/イ/テ/ /イチ/バン/ /シン/ライ/ /デ/キ/ル/ /ス/タ/ッ/フ/デ/ス/。
田島先生は現在も大学院で博士課程の学生を指導しており研究が続いています。矢吹様のご助言をいただきながら私たちは事業を発展させています。山口さんのカスタマーサービスはいつも心からのおもてなしが感じられます。	タ/ジマ/ /セン/セイ/ワ/ /ゲン/ザイ/モ/ /ダイ/ガク/イン/デ/ /ハク/シ/ /カ/テイ/ノ/ /ガク/セイ/ヲ/ /シ/ドー/ /シ/テ/ /オ/リ/ /ケン/キュー/ガ/ /ツヅ/イ/テ/ /イ/マ/ス/。/ヤ/ブキ/ /サマ/ノ/ /ゴ/ジョ/ゲン/ヲ/ /イ/タ/ダ/キ/ナ/ガ/ラ/ /ワタシ/タ/チ/ワ/ /ジ/ギョー/ヲ/ /ハッ/テン/ /サ/セ/テ/ /イ/マ/ス/。/ヤマ/グチ/ /サ/ン/ノ/ /カ/ス/タ/マ/ー/ /サ/ー/ビ/ス/ワ/ /イ/ツ/モ/ /ココロ/カ/ラ/ノ/ /オ/モ/テ/ナ/シ/ガ/ /カン/ジ/ラ/レ/マ/ス/。
鈴木先生の講演会には毎回多くの参加者が集まり大変好評を得ています。赤岡様は社員教育に力を入れており若手の育成に定評があります。葉山さんはこのテーマについて最も深い知識を持っている人物です。	スズ/キ/ /セン/セイ/ノ/ /コー/エン/カイ/ニ/ワ/ /マイ/カイ/ /オオ/ク/ノ/ /サン/カ/シャ/ガ/ /アツ/マ/リ/ /タイ/ヘン/ /コー/ヒョー/ヲ/ /エ/テ/ /イ/マ/ス/。/アカ/オカ/ /サマ/ワ/ /シャ/イン/ /キョー/イク/ニ/ /チカラ/ヲ/ /イ/レ/テ/ /オ/リ/ /ワカ/テ/ノ/ /イク/セイ/ニ/ /テイ/ヒョー/ガ/ /ア/リ/マ/ス/。/ハ/ヤマ/ /サ/ン/ワ/ /コ/ノ/ /テ/ー/マ/ニ/ /ツ/イ/テ/ /モット/モ/ /フカ/イ/ /チ/シキ/ヲ/ /モ/ッ/テ/ /イ/ル/ /ジン/ブツ/デ/ス/。
児玉先生のご研究は国際学会でも認められており海外からの招待講演も多いです。芦田様のお力添えがあったからこそ[今日]の成功があるのです。片岡さんはいつも周りのことを気遣い協調性に富んだ人材です。	コ/ダマ/ /セン/セイ/ノ/ /ゴ/ケン/キュー/ワ/ /コク/サイ/ /ガッ/カイ/デ/モ/ /ミト/メ/ラ/レ/テ/ /オ/リ/ /カイ/ガイ/カ/ラ/ノ/ /ショー/タイ/ /コー/エン/モ/ /オオ/イ/デ/ス/。/アシ/ダ/ /サマ/ノ/ /オ/チカラ/ゾ/エ/ガ/ /ア/ッ/タ/カ/ラ/コ/ソ/ /キョー/ノ/ /セイ/コー/ガ/ /ア/ル/ノ/デ/ス/。/カタ/オカ/ /サ/ン/ワ/ /イ/ツ/モ/ /マワ/リ/ノ/ /コ/ト/ヲ/ /キ/ヅカ/イ/ /キョー/チョー/セイ/ニ/ /ト/ン/ダ/ /ジン/ザイ/デ/ス/。
森先生は退職後も出版活動を続けており最新著書も好評です。宮本様はご自分の経験と知識をフルに活かした指導をされています。武田さんは流行に敏感で市場トレンドを見極める能力に長けています。	モリ/ /セン/セイ/ワ/ /タイ/ショク/ゴ/モ/ /シュッ/パン/ /カツ/ドー/ヲ/ /ツヅ/ケ/テ/ /オ/リ/ /サイ/シン/ /チョ/ショ/モ/ /コー/ヒョー/デ/ス/。/ミヤ/モト/ /サマ/ワ/ /ゴ/ジ/ブン/ノ/ /ケイ/ケン/ト/ /チ/シキ/ヲ/ /フ/ル/ニ/ /イ/カ/シ/タ/ /シ/ドー/ヲ/ /サ/レ/テ/ /イ/マ/ス/。/タケ/ダ/ /サ/ン/ワ/ /リュー/コー/ニ/ /ビン/カン/デ/ /シ/ジョー/ /ト/レ/ン/ド/ヲ/ /ミ/キワ/メ/ル/ /ノー/リョク/ニ/ /タ/ケ/テ/ /イ/マ/ス/。
横山先生のゼミから多くの優秀な研究者が輩出されました。	ヨコ/ヤマ/ /セン/セイ/ノ/ /ゼ/ミ/カ/ラ/ /オオ/ク/ノ/ /ユー/シュー/ナ/ /ケン/キュー/シャ/ガ/ /ハイ/シュツ/ /サ/レ/マ/シ/タ/。
金子様はお客様のニーズを的確に把握し最適なソリューションを提案されます。	カネ/コ/ /サマ/ワ/ /オ/キャク/サマ/ノ/ /ニ/ー/ズ/ヲ/ /テキ/カク/ニ/ /ハ/アク/ /シ/ /サイ/テキ/ナ/ /ソ/リュ/ー/ショ/ン/ヲ/ /テイ/アン/ /サ/レ/マ/ス/。
林さんはこの部門で最も実績を上げている営業パーソンです。	ハヤシ/ /サ/ン/ワ/ /コ/ノ/ /ブ/モン/デ/ /モット/モ/ /ジッ/セキ/ヲ/ /ア/ゲ/テ/ /イ/ル/ /エイ/ギョー/ /パ/ー/ソ/ン/デ/ス/。
斎藤先生の著作は世界中で翻訳され多くの人に読まれています。	サイ/トー/ /セン/セイ/ノ/ /チョ/サク/ワ/ /セ/カイ/ジュー/デ/ /ホン/ヤク/ /サ/レ/ /オオ/ク/ノ/ /ヒト/ニ/ /ヨ/マ/レ/テ/ /イ/マ/ス/。
南様のリーダーシップのもとチームの生産性が大幅に向上しました。	ミナミ/ /サマ/ノ/ /リ/ー/ダ/ー/シ/ッ/プ/ノ/ /モ/ト/ /チ/ー/ム/ノ/ /セイ/サン/セイ/ガ/ /オオ/ハバ/ニ/ /コー/ジョー/ /シ/マ/シ/タ/。
川端さんは複雑な問題を分析し最適なプランを立案するのが得意です。	カワ/バタ/ /サ/ン/ワ/ /フク/ザツ/ナ/ /モン/ダイ/ヲ/ /ブン/セキ/ /シ/ /サイ/テキ/ナ/ /プ/ラ/ン/ヲ/ /リツ/アン/ /ス/ル/ノ/ガ/ /トク/イ/デ/ス/。
中西先生は学生時代から注目されていた才能ある研究者です。	ナカ/ニシ/ /セン/セイ/ワ/ /ガク/セイ/ /ジ/ダイ/カ/ラ/ /チュー/モク/ /サ/レ/テ/ /イ/タ/ /サイ/ノー/ /ア/ル/ /ケン/キュー/シャ/デ/ス/。
川口様とのネットワークを通じて多くのビジネスチャンスが生まれました。	カワ/グチ/ /サマ/ト/ノ/ /ネ/ッ/ト/ /ワ/ー/ク/ヲ/ /ツー/ジ/テ/ /オオ/ク/ノ/ /ビ/ジ/ネ/ス/ /チャ/ン/ス/ガ/ /ウ/マ/レ/マ/シ/タ/。
岡本さんは細部にこだわり完成度の高い仕事をされます。	オカ/モト/ /サ/ン/ワ/ /サイ/ブ/ニ/ /コ/ダ/ワ/リ/ /カン/セイ/ド/ノ/ /タカ/イ/ /シ/ゴト/ヲ/ /サ/レ/マ/ス/。
前田先生の講義は実践的で学生から高い評価を受けています。	マエ/ダ/ /セン/セイ/ノ/ /コー/ギ/ワ/ /ジッ/セン/テキ/デ/ /ガク/セイ/カ/ラ/ /タカ/イ/ /ヒョー/カ/ヲ/ /ウ/ケ/テ/ /イ/マ/ス/。
近藤様はご自身の経験をもとに後進の育成に力を入れておられます。	コン/ドー/ /サマ/ワ/ /ゴ/ジ/シン/ノ/ /ケイ/ケン/ヲ/ /モ/ト/ニ/ /コー/シン/ノ/ /イク/セイ/ニ/ /チカラ/ヲ/ /イ/レ/テ/ /オ/ラ/レ/マ/ス/。
関さんはストレスの多い環境でも冷静沈着に対応できます。	セキ/ /サ/ン/ワ/ /ス/ト/レ/ス/ノ/ /オオ/イ/ /カン/キョー/デ/モ/ /レイ/セイ/ /チン/チャク/ニ/ /タイ/オー/ /デ/キ/マ/ス/。
中上先生は論文の引用数が業界で最も多い著名な研究者です。	ナカ/ガミ/ /セン/セイ/ワ/ /ロン/ブン/ノ/ /イン/ヨー/スー/ガ/ /ギョー/カイ/デ/ /モット/モ/ /オオ/イ/ /チョ/メイ/ナ/ /ケン/キュー/シャ/デ/ス/。
江藤様はビジネス倫理を大切にされながら事業を展開されています。	エ/トー/ /サマ/ワ/ /ビ/ジ/ネ/ス/ /リン/リ/ヲ/ /タイ/セツ/ニ/ /サ/レ/ナ/ガ/ラ/ /ジ/ギョー/ヲ/ /テン/カイ/ /サ/レ/テ/ /イ/マ/ス/。
白鳥さんはお客様からの信頼が厚く多くのリピーターがいます。	シラ/トリ/ /サ/ン/ワ/ /オ/キャク/サマ/カ/ラ/ノ/ /シン/ライ/ガ/ /アツ/ク/ /オオ/ク/ノ/ /リ/ピ/ー/タ/ー/ガ/ /イ/マ/ス/。
村上先生の授業は毎年満員でキャンセル待ちが出るほど人気があります。	ムラ/カミ/ /セン/セイ/ノ/ /ジュ/ギョー/ワ/ /マイ/トシ/ /マン/イン/デ/ /キャ/ン/セ/ル/ /マ/チ/ガ/ /デ/ル/ホ/ド/ /ニン/キ/ガ/ /ア/リ/マ/ス/。
小森様のご提案により新規事業が成功いたしました。	コ/モリ/ /サマ/ノ/ /ゴ/テイ/アン/ニ/ /ヨ/リ/ /シン/キ/ /ジ/ギョー/ガ/ /セイ/コー/ /イ/タ/シ/マ/シ/タ/。
有賀さんはITスキルに優れており最新技術の導入に貢献しています。	アリ/ガ/ /サ/ン/ワ/ /IT/ /ス/キ/ル/ニ/ /スグ/レ/テ/ /オ/リ/ /サイ/シン/ /ギ/ジュツ/ノ/ /ドー/ニュー/ニ/ /コー/ケン/ /シ/テ/ /イ/マ/ス/。
星野先生は大学在籍中から起業し大成功した異彩な教育者です。	ホシ/ノ/ /セン/セイ/ワ/ /ダイ/ガク/ /ザイ/セキ/チュー/カ/ラ/ /キ/ギョー/ /シ/ /ダイ/セイ/コー/ /シ/タ/ /イ/サイ/ナ/ /キョー/イク/シャ/デ/ス/。
島田様はお忙しい中でも後進の指導に時間を割いてくださいます。	シマ/ダ/ /サマ/ワ/ /オ/イソガ/シ/イ/ /ナカ/デ/モ/ /コー/シン/ノ/ /シ/ドー/ニ/ /ジ/カン/ヲ/ /サ/イ/テ/ /ク/ダ/サ/イ/マ/ス/。
毛利さんは営業目標を毎回達成し社内で表彰されています。	モー/リ/ /サ/ン/ワ/ /エイ/ギョー/ /モク/ヒョー/ヲ/ /マイ/カイ/ /タッ/セイ/ /シ/ /シャ/ナイ/デ/ /ヒョー/ショー/ /サ/レ/テ/ /イ/マ/ス/。
中原先生の研究室は設備が充実しており多くの学生が志望しています。	ナカ/ハラ/ /セン/セイ/ノ/ /ケン/キュー/シツ/ワ/ /セツ/ビ/ガ/ /ジュー/ジツ/ /シ/テ/ /オ/リ/ /オオ/ク/ノ/ /ガク/セイ/ガ/ /シ/ボー/ /シ/テ/ /イ/マ/ス/。
弟子丸様はこのプロジェクトで多大なご尽力をいただいております。	デ/シ/マル/ /サマ/ワ/ /コ/ノ/ /プ/ロ/ジェ/ク/ト/デ/ /タ/ダイ/ナ/ /ゴ/ジン/リョク/ヲ/ /イ/タ/ダ/イ/テ/ /オ/リ/マ/ス/。
宮島さんは顧客対応における言葉遣いが丁寧で好感度が高いです。	ミヤ/ジマ/ /サ/ン/ワ/ /コ/キャク/ /タイ/オー/ニ/ /オ/ケ/ル/ /コト/バ/ヅカ/イ/ガ/ /テイ/ネイ/デ/ /コー/カン/ド/ガ/ /タカ/イ/デ/ス/。
篠原先生の指導を受けた学生たちは各地で活躍しております。	シノ/ハラ/ /セン/セイ/ノ/ /シ/ドー/ヲ/ /ウ/ケ/タ/ /ガク/セイ/タ/チ/ワ/ /カク/チ/デ/ /カツ/ヤク/ /シ/テ/ /オ/リ/マ/ス/。
戸塚様のご経験が今回の事業戦略に大いに役立っております。	ト/ツカ/ /サマ/ノ/ /ゴ/ケイ/ケン/ガ/ /コン/カイ/ノ/ /ジ/ギョー/ /セン/リャク/ニ/ /オオ/イ/ニ/ /ヤク/ダ/ッ/テ/ /オ/リ/マ/ス/。
鳥森さんは新しい制度の導入推進に率先して取り組んでいます。	トリ/モリ/ /サ/ン/ワ/ /アタラ/シ/イ/ /セイ/ド/ノ/ /ドー/ニュー/ /スイ/シン/ニ/ /ソッ/セン/ /シ/テ/ /ト/リ/ク/ン/デ/ /イ/マ/ス/。
長沢先生は国際的に有名で欧米の大学からも招聘されます。	ナガ/サワ/ /セン/セイ/ワ/ /コク/サイ/テキ/ニ/ /ユー/メイ/デ/ /オー/ベイ/ノ/ /ダイ/ガク/カ/ラ/モ/ /ショー/ヘイ/ /サ/レ/マ/ス/。
西川様はご自身の成功体験を惜しみなくチームで共有してくださいます。	ニシ/カワ/ /サマ/ワ/ /ゴ/ジ/シン/ノ/ /セイ/コー/ /タイ/ケン/ヲ/ /オ/シ/ミ/ナ/ク/ /チ/ー/ム/デ/ /キョー/ユー/ /シ/テ/ /ク/ダ/サ/イ/マ/ス/。
黒田さんは問題解決能力に優れており複雑な案件も難なく処理します。	クロ/ダ/ /サ/ン/ワ/ /モン/ダイ/ /カイ/ケツ/ /ノー/リョク/ニ/ /スグ/レ/テ/ /オ/リ/ /フク/ザツ/ナ/ /アン/ケン/モ/ /ナン/ナ/ク/ /ショ/リ/ /シ/マ/ス/。
杉本先生は業界で最も権威のある研究者の一人として知られています。	スギ/モト/ /セン/セイ/ワ/ /ギョー/カイ/デ/ /モット/モ/ /ケン/イ/ノ/ /ア/ル/ /ケン/キュー/シャ/ノ/ /ヒト/リ/ト/ /シ/テ/ /シ/ラ/レ/テ/ /イ/マ/ス/。
野村様のご判断により会社は危機を乗り越えることができました。	ノ/ムラ/ /サマ/ノ/ /ゴ/ハン/ダン/ニ/ /ヨ/リ/ /カイ/シャ/ワ/ /キ/キ/ヲ/ /ノ/リ/コ/エ/ル/ /コ/ト/ガ/ /デ/キ/マ/シ/タ/。
粕谷さんは創意工夫に富んだ着眼点を持つ優秀なスタッフです。	カス/ヤ/ /サ/ン/ワ/ /ソー/イ/ /ク/フー/ニ/ /ト/ン/ダ/ /チャク/ガン/テン/ヲ/ /モ/ツ/ /ユー/シュー/ナ/ /ス/タ/ッ/フ/デ/ス/。
桑原先生の教え子たちは今や各地で指導的立場にあります。	クワ/ハラ/ /セン/セイ/ノ/ /オシ/エ/ゴ/タ/チ/ワ/ /イマ/ヤ/ /カク/チ/デ/ /シ/ドー/テキ/ /タチ/バ/ニ/ /ア/リ/マ/ス/。
柴田様は部下の育成において定評があり人望が厚いです。	シバ/タ/ /サマ/ワ/ /ブ/カ/ノ/ /イク/セイ/ニ/ /オ/イ/テ/ /テイ/ヒョー/ガ/ /ア/リ/ /ジン/ボー/ガ/ /アツ/イ/デ/ス/。
長井さんはスケジュール管理が得意で納期厳守で知られています。	ナガ/イ/ /サ/ン/ワ/ /ス/ケ/ジュ/ー/ル/ /カン/リ/ガ/ /トク/イ/デ/ /ノー/キ/ /ゲン/シュ/デ/ /シ/ラ/レ/テ/ /イ/マ/ス/。
山本先生は講演依頼が絶えず多忙な毎日を過ごされています。	ヤマ/モト/ /セン/セイ/ワ/ /コー/エン/ /イ/ライ/ガ/ /タ/エ/ズ/ /タ/ボー/ナ/ /マイ/ニチ/ヲ/ /ス/ゴ/サ/レ/テ/ /イ/マ/ス/。
有川様とのご関係により新しい取引先との契約が実現いたしました。	アラ/カワ/ /サマ/ト/ノ/ /ゴ/カン/ケイ/ニ/ /ヨ/リ/ /アタラ/シ/イ/ /トリ/ヒキ/サキ/ト/ノ/ /ケイ/ヤク/ガ/ /ジツ/ゲン/ /イ/タ/シ/マ/シ/タ/。
真鍋さんはデザイン感覚に優れており製品開発で重要な役割を担っています。	マ/ナベ/ /サ/ン/ワ/ /デ/ザ/イ/ン/ /カン/カク/ニ/ /スグ/レ/テ/ /オ/リ/ /セイ/ヒン/ /カイ/ハツ/デ/ /ジュー/ヨー/ナ/ /ヤク/ワリ/ヲ/ /ニナ/ッ/テ/ /イ/マ/ス/。
牧野先生の研究成果は複数のメディアで取り上げられております。	マキ/ノ/ /セン/セイ/ノ/ /ケン/キュー/ /セイ/カ/ワ/ /フク/スー/ノ/ /メ/ディ/ア/デ/ /ト/リ/ア/ゲ/ラ/レ/テ/ /オ/リ/マ/ス/。
柳澤様は誠実なお取引をされるためビジネスパートナー各位から信頼されています。	ヤナギ/サワ/ /サマ/ワ/ /セイ/ジツ/ナ/ /オ/トリ/ヒキ/ヲ/ /サ/レ/ル/ /タ/メ/ /ビ/ジ/ネ/ス/ /パ/ー/ト/ナ/ー/ /カク/イ/カ/ラ/ /シン/ライ/ /サ/レ/テ/ /イ/マ/ス/。
田辺さんはコミュニケーション能力に長けており調整役として活躍しています。	タ/ベ/ /サ/ン/ワ/ /コ/ミュ/ニ/ケ/ー/ショ/ン/ /ノー/リョク/ニ/ /タ/ケ/テ/ /オ/リ/ /チョー/セイ/ /ヤク/ト/ /シ/テ/ /カツ/ヤク/ /シ/テ/ /イ/マ/ス/。
相馬先生は学部時代から才能を示し若くして教授に昇進しました。	ソー/マ/ /セン/セイ/ワ/ /ガク/ブ/ /ジ/ダイ/カ/ラ/ /サイ/ノー/ヲ/ /シメ/シ/ /ワカ/ク/ /シ/テ/ /キョー/ジュ/ニ/ /ショー/シン/ /シ/マ/シ/タ/。
野村様のご指導のおかげで私たちのチームは大きく成長することができました。	ノ/ムラ/ /サマ/ノ/ /ゴ/シ/ドー/ノ/ /オ/カ/ゲ/デ/ /ワタシ/タ/チ/ノ/ /チ/ー/ム/ワ/ /オオ/キ/ク/ /セイ/チョー/ /ス/ル/ /コ/ト/ガ/ /デ/キ/マ/シ/タ/。
磯谷さんは現場の細かい問題に気づき迅速に改善案を提案してくれます。	イソ/タニ/ /サ/ン/ワ/ /ゲン/バ/ノ/ /コマ/カ/イ/ /モン/ダイ/ニ/ /キ/ヅ/キ/ /ジン/ソク/ニ/ /カイ/ゼン/アン/ヲ/ /テイ/アン/ /シ/テ/ /ク/レ/マ/ス/。
佐伯先生の講義は深い知見に満ちており毎回参加者が目からウロコが落ちる思いをします。	サ/イキ/ /セン/セイ/ノ/ /コー/ギ/ワ/ /フカ/イ/ /チ/ケン/ニ/ /ミ/チ/テ/ /オ/リ/ /マイ/カイ/ /サン/カ/シャ/ガ/ /メ/カ/ラ/ /ウ/ロ/コ/ガ/ /オ/チ/ル/ /オモ/イ/ヲ/ /シ/マ/ス/。
金山様はお客様の潜在的なニーズを読み取り先回りしたご対応をされます。	カナ/ヤマ/ /サマ/ワ/ /オ/キャク/サマ/ノ/ /セン/ザイ/テキ/ナ/ /ニ/ー/ズ/ヲ/ /ヨ/ミ/ト/リ/ /サキ/マワ/リ/ /シ/タ/ /ゴ/タイ/オー/ヲ/ /サ/レ/マ/ス/。
加地さんはチーム内での信頼度が高くいつも安心して任せることができます。	カ/ジ/ /サ/ン/ワ/ /チ/ー/ム/ナイ/デ/ノ/ /シン/ライ/ド/ガ/ /タカ/ク/ /イ/ツ/モ/ /アン/シン/ /シ/テ/ /マカ/セ/ル/ /コ/ト/ガ/ /デ/キ/マ/ス/。
宮原先生の研究は実用的で多くの企業から問い合わせが寄せられています。	ミヤ/ハラ/ /セン/セイ/ノ/ /ケン/キュー/ワ/ /ジツ/ヨー/テキ/デ/ /オオ/ク/ノ/ /キ/ギョー/カ/ラ/ /ト/イ/ア/ワ/セ/ガ/ /ヨ/セ/ラ/レ/テ/ /イ/マ/ス/。
溝口様とのご協業により市場での競争力が大幅に強化されました。	ミゾ/グチ/ /サマ/ト/ノ/ /ゴ/キョー/ギョー/ニ/ /ヨ/リ/ /シ/ジョー/デ/ノ/ /キョー/ソー/リョク/ガ/ /オオ/ハバ/ニ/ /キョー/カ/ /サ/レ/マ/シ/タ/。
飯田さんは何をさせても一流の仕上がりで完成度に定評があります。	イイ/ダ/ /サ/ン/ワ/ /ナニ/ヲ/ /サ/セ/テ/モ/ /イチ/リュー/ノ/ /シ/ア/ガ/リ/デ/ /カン/セイ/ド/ニ/ /テイ/ヒョー/ガ/ /ア/リ/マ/ス/。
板野先生のご著書は学生の間でバイブル的な存在になっています。	イタ/ノ/ /セン/セイ/ノ/ /ゴ/チョ/ショ/ワ/ /ガク/セイ/ノ/ /アイダ/デ/ /バ/イ/ブ/ル/テキ/ナ/ /ソン/ザイ/ニ/ /ナ/ッ/テ/ /イ/マ/ス/。
江戸川様のご判断の早さと決断力により多くのプロジェクトが予定通り進みました。	エ/ド/ /カワ/ /サマ/ノ/ /ゴ/ハン/ダン/ノ/ /ハヤ/サ/ト/ /ケツ/ダン/リョク/ニ/ /ヨ/リ/ /オオ/ク/ノ/ /プ/ロ/ジェ/ク/ト/ガ/ /ヨ/テイ/ドオ/リ/ /スス/ミ/マ/シ/タ/。
瀧本さんは職場の雰囲気を良くするため常に気配りとおもてなしの心を持っています。	タキ/モト/ /サ/ン/ワ/ /ショク/バ/ノ/ /フン/イ/キ/ヲ/ /ヨ/ク/ /ス/ル/ /タ/メ/ /ツネ/ニ/ /キ/クバ/リ/ト/ /オ/モ/テ/ナ/シ/ノ/ /ココロ/ヲ/ /モ/ッ/テ/ /イ/マ/ス/。
吉岡先生は生徒一人ひとりの個性を大切にして丁寧に指導されます。	ヨシ/オカ/ /セン/セイ/ワ/ /セイ/ト/ /ヒト/リ/ /ヒ/ト/リ/ノ/ /コ/セイ/ヲ/ /タイ/セツ/ニ/ /シ/テ/ /テイ/ネイ/ニ/ /シ/ドー/ /サ/レ/マ/ス/。
水谷さんは自分の主張だけでなく相手の意見も丁寧に聞く姿勢で信頼されています。	ミズ/タニ/ /サ/ン/ワ/ /ジ/ブン/ノ/ /シュ/チョー/ダ/ケ/デ/ /ナ/ク/ /アイ/テ/ノ/ /イ/ケン/モ/ /テイ/ネイ/ニ/ /キ/ク/ /シ/セイ/デ/ /シン/ライ/ /サ/レ/テ/ /イ/マ/ス/。
西田先生は業界の第一人者として各地から講演依頼が相次いでいます。	ニシ/ダ/ /セン/セイ/ワ/ /ギョー/カイ/ノ/ /ダイ/1/ニン/ /シャ/ト/ /シ/テ/ /カク/チ/カ/ラ/ /コー/エン/ /イ/ライ/ガ/ /アイ/ツ/イ/デ/ /イ/マ/ス/。
鈴村様のご助言なしに今回のプロジェクトの成功はなかったと言えます。	スズ/ムラ/ /サマ/ノ/ /ゴ/ジョ/ゲン/ /ナ/シ/ニ/ /コン/カイ/ノ/ /プ/ロ/ジェ/ク/ト/ノ/ /セイ/コー/ワ/ /ナ/カ/ッ/タ/ト/ /イ/エ/マ/ス/。
松元さんは細かいところまで気を配ることができる優秀なスタッフです。	マツ/モト/ /サ/ン/ワ/ /コマ/カ/イ/ /ト/コ/ロ/マ/デ/ /キ/ヲ/ /クバ/ル/ /コ/ト/ガ/ /デ/キ/ル/ /ユー/シュー/ナ/ /ス/タ/ッ/フ/デ/ス/。
百人分ぐらいは集まったでしょうか。日本には1万とも言われる苗字があるのだとか？	ヒャク/ニン/ /ブン/グ/ラ/イ/ワ/ /アツ/マ/ッ/タ/デ/ショ/ー/カ/。/ニッ/ポン/ニ/ワ/ /1/マン/ト/モ/ /イ/ワ/レ/ル/ /ミョー/ジ/ガ/ /ア/ル/ノ/ダ/ト/カ/?
おはようございます。[今日]はどのようなご用件でしょうか？	オ/ハ/ヨ/ー/ /ゴ/ザ/イ/マ/ス/。/キョー/ワ/ /ド/ノ/ヨ/ー/ナ/ /ゴ/ヨー/ケン/デ/ショ/ー/カ/?
こんにちは。[明日]の会議の資料を準備する必要があります。	コ/ン/ニ/チ/ハ/。/アス/ノ/ /カイ/ギ/ノ/ /シ/リョー/ヲ/ /ジュン/ビ/ /ス/ル/ /ヒツ/ヨー/ガ/ /ア/リ/マ/ス/。
こんばんは。[今日]は疲れましたね。ゆっくり休んでください。	コ/ン/バ/ン/ワ/。/キョー/ワ/ /ツカ/レ/マ/シ/タ/ネ/。/ユ/ッ/ク/リ/ /ヤス/ン/デ/ /ク/ダ/サ/イ/。
明治時代は日本が近代化した時代でもあります。	メイ/ジ/ /ジ/ダイ/ワ/ /ニッ/ポン/ガ/ /キン/ダイ/カ/ /シ/タ/ /ジ/ダイ/デ/モ/ /ア/リ/マ/ス/。
明治維新により、武士階級が廃止され、日本は新しい政治体制へ移行しました。	メイ/ジ/ /イ/シン/ニ/ /ヨ/リ/、/ブ/シ/ /カイ/キュー/ガ/ /ハイ/シ/ /サ/レ/、/ニッ/ポン/ワ/ /アタラ/シ/イ/ /セイ/ジ/ /タイ/セイ/エ/ /イ/コー/ /シ/マ/シ/タ/。
岩倉使節団は明治四年に欧米視察に出発し、五年間かけて先進国の政治制度と文明を学びました。	イワ/クラ/ /シ/セツ/ダン/ワ/ /メイ/ジ/ /4/ネン/ニ/ /オー/ベイ/ /シ/サツ/ニ/ /シュッ/パツ/ /シ/、/5/ネン/カン/ /カ/ケ/テ/ /セン/シン/コク/ノ/ /セイ/ジ/ /セイ/ド/ト/ /ブン/メイ/ヲ/ /マナ/ビ/マ/シ/タ/。
明治憲法は明治二十二年に発布され、立憲君主制に基づく日本の基本法となりました。	メイ/ジ/ /ケン/ポー/ワ/ /メイ/ジ/ /2/_/2/ネン/ニ/ /ハッ/プ/ /サ/レ/、/リッ/ケン/ /クン/シュ/セイ/ニ/ /モト/ヅ/ク/ /ニッ/ポン/ノ/ /キ/ホン/ホー/ト/ /ナ/リ/マ/シ/タ/。
富岡製糸場は明治五年に群馬県に建設され、日本の近代産業化を象徴する施設となりました。	トミ/オカ/ /セイ/シ/ジョー/ワ/ /メイ/ジ/ /5/ネン/ニ/ /グン/マ/ケン/ニ/ /ケン/セツ/ /サ/レ/、/ニッ/ポン/ノ/ /キン/ダイ/ /サン/ギョー/カ/ヲ/ /ショー/チョー/ /ス/ル/ /シ/セツ/ト/ /ナ/リ/マ/シ/タ/。
明治政府は藩を廃止して県を設置し、中央集権的な行政体制を確立させました。	メイ/ジ/ /セイ/フ/ワ/ /ハン/ヲ/ /ハイ/シ/ /シ/テ/ /ケン/ヲ/ /セッ/チ/ /シ/、/チュー/オー/ /シュー/ケン/テキ/ナ/ /ギョー/セイ/ /タイ/セイ/ヲ/ /カク/リツ/ /サ/セ/マ/シ/タ/。
西南戦争は明治十年に起きた反乱で、近代日本陸軍の組織力が全国統一に重要だと証明されました。	セイ/ナン/ /セン/ソー/ワ/ /メイ/ジ/ /10/ネン/ニ/ /オ/キ/タ/ /ハン/ラン/デ/、/キン/ダイ/ /ニッ/ポン/ /リク/グン/ノ/ /ソ/シキ/リョク/ガ/ /ゼン/コク/ /トー/イツ/ニ/ /ジュー/ヨー/ダ/ト/ /ショー/メイ/ /サ/レ/マ/シ/タ/。
北海道開拓使は明治初期に設置され、北海道の近代的な開発を推進する重要な機関となりました。	ホッ/カイ/ドー/ /カイ/タク/シ/ワ/ /メイ/ジ/ /ショ/キ/ニ/ /セッ/チ/ /サ/レ/、/ホッ/カイ/ドー/ノ/ /キン/ダイ/テキ/ナ/ /カイ/ハツ/ヲ/ /スイ/シン/ /ス/ル/ /ジュー/ヨー/ナ/ /キ/カン/ト/ /ナ/リ/マ/シ/タ/。
明治政府による地租改正は、近代的な租税制度を確立し、国家財政の基盤を整えました。	メイ/ジ/ /セイ/フ/ニ/ /ヨ/ル/ /チ/ソ/ /カイ/セイ/ワ/、/キン/ダイ/テキ/ナ/ /ソ/ゼイ/ /セイ/ド/ヲ/ /カク/リツ/ /シ/、/コッ/カ/ /ザイ/セイ/ノ/ /キ/バン/ヲ/ /トトノ/エ/マ/シ/タ/。
学制は明治五年に制定され、日本全国で近代的な学校教育が推進されるようになりました。	ガク/セイ/ワ/ /メイ/ジ/ /5/ネン/ニ/ /セイ/テイ/ /サ/レ/、/ニッ/ポン/ /ゼン/コク/デ/ /キン/ダイ/テキ/ナ/ /ガッ/コー/ /キョー/イク/ガ/ /スイ/シン/ /サ/レ/ル/ヨ/ー/ニ/ /ナ/リ/マ/シ/タ/。
明治天皇は長年にわたり日本の政治改革と近代化を主導し、国民からの信頼も厚かったです。	メイ/ジ/ /テン/ノー/ワ/ /ナガ/ネン/ニ/ /ワ/タ/リ/ /ニッ/ポン/ノ/ /セイ/ジ/ /カイ/カク/ト/ /キン/ダイ/カ/ヲ/ /シュ/ドー/ /シ/、/コク/ミン/カ/ラ/ノ/ /シン/ライ/モ/ /アツ/カ/ッ/タ/デ/ス/。
新聞や出版業の発展により、明治時代には情報の流通が劇的に活発化しました。	シン/ブン/ヤ/ /シュッ/パン/ギョー/ノ/ /ハッ/テン/ニ/ /ヨ/リ/、/メイ/ジ/ /ジ/ダイ/ニ/ワ/ /ジョー/ホー/ノ/ /リュー/ツー/ガ/ /ゲキ/テキ/ニ/ /カッ/パツ/カ/ /シ/マ/シ/タ/。
鉄道網の整備は明治時代の重要な事業で、最初の鉄道は明治五年に新橋と横浜を結びました。	テツ/ドー/モー/ノ/ /セイ/ビ/ワ/ /メイ/ジ/ /ジ/ダイ/ノ/ /ジュー/ヨー/ナ/ /ジ/ギョー/デ/、/サイ/ショ/ノ/ /テツ/ドー/ワ/ /メイ/ジ/ /5/ネン/ニ/ /シン/バシ/ト/ /ヨコ/ハマ/ヲ/ /ムス/ビ/マ/シ/タ/。
電信網の整備により、日本国内の通信速度が飛躍的に向上し、政治経済の効率化が進みました。	デン/シン/モー/ノ/ /セイ/ビ/ニ/ /ヨ/リ/、/ニッ/ポン/ /コク/ナイ/ノ/ /ツー/シン/ /ソク/ド/ガ/ /ヒ/ヤク/テキ/ニ/ /コー/ジョー/ /シ/、/セイ/ジ/ /ケイ/ザイ/ノ/ /コー/リツ/カ/ガ/ /スス/ミ/マ/シ/タ/。
殖産興業政策により、政府が産業の育成に積極的に関与し、日本の工業化が急速に進行しました。	ショク/サン/ /コー/ギョー/ /セイ/サク/ニ/ /ヨ/リ/、/セイ/フ/ガ/ /サン/ギョー/ノ/ /イク/セイ/ニ/ /セッ/キョク/テキ/ニ/ /カン/ヨ/ /シ/、/ニッ/ポン/ノ/ /コー/ギョー/カ/ガ/ /キュー/ソク/ニ/ /シン/コー/ /シ/マ/シ/タ/。
福沢諭吉は学問の独立と人間の自由を重視し、近代日本の思想形成に大きな影響を与えました。	フク/ザワ/ /ユ/キチ/ワ/ /ガク/モン/ノ/ /ドク/リツ/ト/ /ニン/ゲン/ノ/ /ジ/ユー/ヲ/ /ジュー/シ/ /シ/、/キン/ダイ/ /ニッ/ポン/ノ/ /シ/ソー/ /ケイ/セイ/ニ/ /オオ/キ/ナ/ /エイ/キョー/ヲ/ /アタ/エ/マ/シ/タ/。
中江兆民は民権思想の指導者として活動し、明治の民主化運動に貢献しました。	ナカ/エ/ /チョー/ミン/ワ/ /ミン/ケン/ /シ/ソー/ノ/ /シ/ドー/シャ/ト/ /シ/テ/ /カツ/ドー/ /シ/、/メイ/ジ/ノ/ /ミン/シュ/カ/ /ウン/ドー/ニ/ /コー/ケン/ /シ/マ/シ/タ/。
自由民権運動は明治時代の政治改革を求める民間運動で、国会開設要求書など重要な活動を展開しました。	ジ/ユー/ /ミン/ケン/ /ウン/ドー/ワ/ /メイ/ジ/ /ジ/ダイ/ノ/ /セイ/ジ/ /カイ/カク/ヲ/ /モト/メ/ル/ /ミン/カン/ /ウン/ドー/デ/、/コッ/カイ/ /カイ/セツ/ /ヨー/キュー/ショ/ナ/ド/ /ジュー/ヨー/ナ/ /カツ/ドー/ヲ/ /テン/カイ/ /シ/マ/シ/タ/。
明治憲法制定に向けた議論の過程で、伊藤博文が重要な役割を果たし、帝国議会開設が実現しました。	メイ/ジ/ /ケン/ポー/ /セイ/テイ/ニ/ /ム/ケ/タ/ /ギ/ロン/ノ/ /カ/テイ/デ/、/イ/トー/ /ヒロ/ブミ/ガ/ /ジュー/ヨー/ナ/ /ヤク/ワリ/ヲ/ /ハ/タ/シ/、/テイ/コク/ /ギ/カイ/ /カイ/セツ/ガ/ /ジツ/ゲン/ /シ/マ/シ/タ/。
衆議院議員選挙は明治二十三年に初めて実施され、日本の民主制度の第一歩となりました。	シュー/ギ/イン/ /ギ/イン/ /セン/キョ/ワ/ /メイ/ジ/ /2/_/3/ネン/ニ/ /ハジ/メ/テ/ /ジッ/シ/ /サ/レ/、/ニッ/ポン/ノ/ /ミン/シュ/ /セイ/ド/ノ/ /ダイ/1/ポ/ト/ /ナ/リ/マ/シ/タ/。
政党政治の成立により、自由党や立憲改進党などが結成され、日本の政治体制が複雑になりました。	セイ/トー/ /セイ/ジ/ノ/ /セイ/リツ/ニ/ /ヨ/リ/、/ジ/ユー/トー/ヤ/ /リッ/ケン/ /カイ/シン/トー/ナ/ド/ガ/ /ケッ/セイ/ /サ/レ/、/ニッ/ポン/ノ/ /セイ/ジ/ /タイ/セイ/ガ/ /フク/ザツ/ニ/ /ナ/リ/マ/シ/タ/。
大日本帝国陸軍は明治時代に本格的に整備され、プロシア式軍制の導入で近代的な軍隊になりました。	ダイ/ニッ/ポン/ /テイ/コク/ /リク/グン/ワ/ /メイ/ジ/ /ジ/ダイ/ニ/ /ホン/カク/テキ/ニ/ /セイ/ビ/ /サ/レ/、/プ/ロ/シ/ア/シキ/ /グン/セイ/ノ/ /ドー/ニュー/デ/ /キン/ダイ/テキ/ナ/ /グン/タイ/ニ/ /ナ/リ/マ/シ/タ/。
日本海軍は英国式軍制を導入し、アジア太平洋地域での海上戦力として発展していきました。	ニッ/ポン/ /カイ/グン/ワ/ /エイ/コク/シキ/ /グン/セイ/ヲ/ /ドー/ニュー/ /シ/、/ア/ジ/ア/ /タイ/ヘイ/ヨー/ /チ/イキ/デ/ノ/ /カイ/ジョー/ /セン/リョク/ト/ /シ/テ/ /ハッ/テン/ /シ/テ/ /イ/キ/マ/シ/タ/。
日清戦争は明治二十七年に勃発し、日本が近代国家として国際的地位を確立するきっかけとなりました。	ニッ/シン/ /セン/ソー/ワ/ /メイ/ジ/ /2/_/7/ネン/ニ/ /ボッ/パツ/ /シ/、/ニッ/ポン/ガ/ /キン/ダイ/ /コッ/カ/ト/ /シ/テ/ /コク/サイ/テキ/ /チ/イ/ヲ/ /カク/リツ/ /ス/ル/ /キ/ッ/カ/ケ/ト/ /ナ/リ/マ/シ/タ/。
日露戦争は明治三十七年から三十八年の戦争で、日本が大国ロシアと対等に戦える国であると世界に示しました。	ニチ/ロ/ /セン/ソー/ワ/ /メイ/ジ/ /3/_/7/ネン/カ/ラ/ /3/_/8/ネン/ノ/ /セン/ソー/デ/、/ニッ/ポン/ガ/ /タイ/コク/ /ロ/シ/ア/ト/ /タイ/トー/ニ/ /タタカ/エ/ル/ /クニ/デ/ /ア/ル/ト/ /セ/カイ/ニ/ /シメ/シ/マ/シ/タ/。
日本銀行は明治十五年に設立され、日本の中央銀行として金融政策と通貨管理の中心を担いました。	ニッ/ポン/ /ギン/コー/ワ/ /メイ/ジ/ /1/5/ネン/ニ/ /セツ/リツ/ /サ/レ/、/ニッ/ポン/ノ/ /チュー/オー/ /ギン/コー/ト/ /シ/テ/ /キン/ユー/ /セイ/サク/ト/ /ツー/カ/ /カン/リ/ノ/ /チュー/シン/ヲ/ /ニナ/イ/マ/シ/タ/。
不平等条約の改正交渉は明治政府の重要な外交課題で、最終的に条約改正が達成されました。	フ/ビョー/ドー/ /ジョー/ヤク/ノ/ /カイ/セイ/ /コー/ショー/ワ/ /メイ/ジ/ /セイ/フ/ノ/ /ジュー/ヨー/ナ/ /ガイ/コー/ /カ/ダイ/デ/、/サイ/シュー/テキ/ニ/ /ジョー/ヤク/ /カイ/セイ/ガ/ /タッ/セイ/ /サ/レ/マ/シ/タ/。
工業化に伴う労働者階級の形成により、社会主義や労働運動が日本でも活気を帯びるようになりました。	コー/ギョー/カ/ニ/ /トモナ/ウ/ /ロー/ドー/シャ/ /カイ/キュー/ノ/ /ケイ/セイ/ニ/ /ヨ/リ/、/シャ/カイ/ /シュ/ギ/ヤ/ /ロー/ドー/ /ウン/ドー/ガ/ /ニッ/ポン/デ/モ/ /カッ/キ/ヲ/ /オ/ビ/ル/ヨ/ー/ニ/ /ナ/リ/マ/シ/タ/。
明治時代の教育制度は、西洋の学問と東洋の伝統知識の融合を目指すもので、人材育成に大きく貢献しました。	メイ/ジ/ /ジ/ダイ/ノ/ /キョー/イク/ /セイ/ド/ワ/、/セイ/ヨー/ノ/ /ガク/モン/ト/ /トー/ヨー/ノ/ /デン/トー/ /チ/シキ/ノ/ /ユー/ゴー/ヲ/ /メ/ザ/ス/ /モ/ノ/デ/、/ジン/ザイ/ /イク/セイ/ニ/ /オオ/キ/ク/ /コー/ケン/ /シ/マ/シ/タ/。
陸羯南は保守的なナショナリズムの立場から、日本の伝統文化の価値を強調する論説を展開しました。	クガ/ /カツ/ナン/ワ/ /ホ/シュ/テキ/ナ/ /ナ/ショ/ナ/リ/ズ/ム/ノ/ /タチ/バ/カ/ラ/、/ニッ/ポン/ノ/ /デン/トー/ /ブン/カ/ノ/ /カ/チ/ヲ/ /キョー/チョー/ /ス/ル/ /ロン/セツ/ヲ/ /テン/カイ/ /シ/マ/シ/タ/。
三菱や三井などの財閥は明治時代に急速に成長し、日本経営体制の中核となっていきました。	ミツ/ビシ/ヤ/ /ミツ/イ/ナ/ド/ノ/ /ザイ/バツ/ワ/ /メイ/ジ/ /ジ/ダイ/ニ/ /キュー/ソク/ニ/ /セイ/チョー/ /シ/、/ニッ/ポン/ /ケイ/エイ/ /タイ/セイ/ノ/ /チュー/カク/ト/ /ナ/ッ/テ/ /イ/キ/マ/シ/タ/。
生糸産業は明治時代の重要な輸出産業で、日本の外貨獲得に貢献する産業へと発展しました。	キ/イト/ /サン/ギョー/ワ/ /メイ/ジ/ /ジ/ダイ/ノ/ /ジュー/ヨー/ナ/ /ユ/シュツ/ /サン/ギョー/デ/、/ニッ/ポン/ノ/ /ガイ/カ/ /カク/トク/ニ/ /コー/ケン/ /ス/ル/ /サン/ギョー/エ/ト/ /ハッ/テン/ /シ/マ/シ/タ/。
軍国主義的傾向は明治後期に徐々に強まり、国家主義と武力による領土拡張の思想が広がりました。	グン/コク/ /シュ/ギ/テキ/ /ケイ/コー/ワ/ /メイ/ジ/ /コー/キ/ニ/ /ジョ/ジョ/ニ/ /ツヨ/マ/リ/、/コッ/カ/ /シュ/ギ/ト/ /ブ/リョク/ニ/ /ヨ/ル/ /リョー/ド/ /カク/チョー/ノ/ /シ/ソー/ガ/ /ヒロ/ガ/リ/マ/シ/タ/。
明治時代の都市化により、東京や大阪などの大都市が急速に発展し、近代的な街並みが形成されました。	メイ/ジ/ /ジ/ダイ/ノ/ /ト/シ/カ/ニ/ /ヨ/リ/、/トー/キョー/ヤ/ /オオ/サカ/ナ/ド/ノ/ /ダイ/ト/シ/ガ/ /キュー/ソク/ニ/ /ハッ/テン/ /シ/、/キン/ダイ/テキ/ナ/ /マチ/ナ/ミ/ガ/ /ケイ/セイ/ /サ/レ/マ/シ/タ/。
西洋文化の流入に対して、国粋主義者たちが日本文化の伝統保持を主張する活動を展開させました。	セイ/ヨー/ /ブン/カ/ノ/ /リュー/ニュー/ニ/ /タイ/シ/テ/、/コク/スイ/ /シュ/ギ/シャ/タ/チ/ガ/ /ニッ/ポン/ /ブン/カ/ノ/ /デン/トー/ /ホ/ジ/ヲ/ /シュ/チョー/ /ス/ル/ /カツ/ドー/ヲ/ /テン/カイ/ /サ/セ/マ/シ/タ/。
